resume_id,name,category,years_experience,ground_truth_skills,skill_mention_types,resume_text
R0000,Priya Sharma,Data Science,2,"[""Natural Language Processing"", ""NumPy"", ""Pandas"", ""Data Visualization"", ""Deep Learning"", ""Scikit-learn"", ""Next.js"", ""REST API""]","{""Natural Language Processing"": ""exact"", ""NumPy"": ""exact"", ""Pandas"": ""exact"", ""Data Visualization"": ""contextual"", ""Deep Learning"": ""exact"", ""Scikit-learn"": ""exact"", ""Next.js"": ""exact"", ""REST API"": ""contextual""}","Priya Sharma
Professional Summary: Data Science professional with 2 years of experience at BluePeak Solutions and similar organizations.

Skills: Natural Language Processing, NumPy, Pandas, created dashboards and charts to communicate insights to stakeholders, Deep Learning, Scikit-learn, Next.js, designed and exposed HTTP endpoints for internal service communication

Experience:
BluePeak Solutions — Data Science Role (2 yrs)
Worked extensively with Natural Language Processing on production systems. Worked extensively with NumPy on production systems. Worked extensively with Pandas on production systems. Created dashboards and charts to communicate insights to stakeholders. Worked extensively with Deep Learning on production systems. Worked extensively with Scikit-learn on production systems. Worked extensively with Next.js on production systems. Designed and exposed http endpoints for internal service communication.

Education: B.Tech Computer Science"
R0001,Deepa Kumar,Data Science,10,"[""Natural Language Processing"", ""TensorFlow"", ""Scikit-learn"", ""NumPy"", ""Deep Learning"", ""Machine Learning"", ""PyTorch"", ""Excel"", ""Forecasting""]","{""Natural Language Processing"": ""exact"", ""TensorFlow"": ""exact"", ""Scikit-learn"": ""exact"", ""NumPy"": ""exact"", ""Deep Learning"": ""contextual"", ""Machine Learning"": ""contextual"", ""PyTorch"": ""fuzzy"", ""Excel"": ""fuzzy"", ""Forecasting"": ""exact""}","Deepa Kumar
Professional Summary: Data Science professional with 10 years of experience at Corestack Labs and similar organizations.

Skills: Natural Language Processing, TensorFlow, Scikit-learn, NumPy, trained multi-layer neural networks for pattern recognition tasks, built predictive models that learn patterns from historical data, Pytorch, MS Excel, Forecasting

Experience:
Corestack Labs — Data Science Role (10 yrs)
Worked extensively with Natural Language Processing on production systems. Worked extensively with TensorFlow on production systems. Worked extensively with Scikit-learn on production systems. Worked extensively with NumPy on production systems. Trained multi-layer neural networks for pattern recognition tasks. Built predictive models that learn patterns from historical data. Worked extensively with Pytorch on production systems. Worked extensively with MS Excel on production systems. Worked extensively with Forecasting on production systems.

Education: B.Tech Computer Science"
R0002,Karan Joshi,Web Development,12,"[""React"", ""HTML"", ""Next.js"", ""Express.js"", ""Node.js"", ""REST API"", ""TypeScript"", ""JavaScript""]","{""React"": ""exact"", ""HTML"": ""exact"", ""Next.js"": ""exact"", ""Express.js"": ""exact"", ""Node.js"": ""exact"", ""REST API"": ""exact"", ""TypeScript"": ""exact"", ""JavaScript"": ""fuzzy""}","Karan Joshi
Professional Summary: Web Development professional with 12 years of experience at Trailhead Digital and similar organizations.

Skills: React, HTML, Next.js, Express.js, Node.js, REST API, TypeScript, Javascript

Experience:
Trailhead Digital — Web Development Role (12 yrs)
Worked extensively with React on production systems. Worked extensively with HTML on production systems. Worked extensively with Next.js on production systems. Worked extensively with Express.js on production systems. Worked extensively with Node.js on production systems. Worked extensively with REST API on production systems. Worked extensively with TypeScript on production systems. Worked extensively with Javascript on production systems.

Education: BCA"
R0003,Kavya Singh,DevOps,11,"[""CI/CD"", ""Docker"", ""Terraform"", ""GCP"", ""AWS"", ""Azure"", ""Payroll"", ""Talent Acquisition""]","{""CI/CD"": ""exact"", ""Docker"": ""exact"", ""Terraform"": ""exact"", ""GCP"": ""exact"", ""AWS"": ""fuzzy"", ""Azure"": ""exact"", ""Payroll"": ""contextual"", ""Talent Acquisition"": ""exact""}","Kavya Singh
Professional Summary: DevOps professional with 11 years of experience at Falconbyte and similar organizations.

Skills: CI/CD, Docker, Terraform, GCP, A.W.S., Azure, processed monthly employee compensation and statutory deductions, Talent Acquisition

Experience:
Falconbyte — DevOps Role (11 yrs)
Worked extensively with CI/CD on production systems. Worked extensively with Docker on production systems. Worked extensively with Terraform on production systems. Worked extensively with GCP on production systems. Worked extensively with A.W.S. on production systems. Worked extensively with Azure on production systems. Processed monthly employee compensation and statutory deductions. Worked extensively with Talent Acquisition on production systems.

Education: B.Tech Computer Science"
R0004,Rohan Singh,Human Resources,7,"[""Recruitment"", ""Performance Management"", ""Labor Law"", ""Onboarding"", ""HRIS"", ""Employee Relations""]","{""Recruitment"": ""exact"", ""Performance Management"": ""exact"", ""Labor Law"": ""exact"", ""Onboarding"": ""exact"", ""HRIS"": ""fuzzy"", ""Employee Relations"": ""exact""}","Rohan Singh
Professional Summary: Human Resources professional with 7 years of experience at Harborline Financial and similar organizations.

Skills: Recruitment, Performance Management, Labor Law, Onboarding, H.R.I.S., Employee Relations

Experience:
Harborline Financial — Human Resources Role (7 yrs)
Worked extensively with Recruitment on production systems. Worked extensively with Performance Management on production systems. Worked extensively with Labor Law on production systems. Worked extensively with Onboarding on production systems. Worked extensively with H.R.I.S. on production systems. Worked extensively with Employee Relations on production systems.

Education: B.A. Psychology"
R0005,Nikhil Iyer,DevOps,9,"[""Jenkins"", ""Linux"", ""AWS"", ""CI/CD"", ""Docker"", ""Ansible""]","{""Jenkins"": ""exact"", ""Linux"": ""exact"", ""AWS"": ""exact"", ""CI/CD"": ""exact"", ""Docker"": ""exact"", ""Ansible"": ""exact""}","Nikhil Iyer
Professional Summary: DevOps professional with 9 years of experience at Verdant Analytics and similar organizations.

Skills: Jenkins, Linux, AWS, CI/CD, Docker, Ansible

Experience:
Verdant Analytics — DevOps Role (9 yrs)
Worked extensively with Jenkins on production systems. Worked extensively with Linux on production systems. Worked extensively with AWS on production systems. Worked extensively with CI/CD on production systems. Worked extensively with Docker on production systems. Worked extensively with Ansible on production systems.

Education: B.E. Electronics and Communication"
R0006,Suresh Das,Finance,4,"[""Financial Analysis"", ""Forecasting"", ""Auditing"", ""Financial Modeling"", ""Risk Management"", ""Accounting""]","{""Financial Analysis"": ""exact"", ""Forecasting"": ""exact"", ""Auditing"": ""exact"", ""Financial Modeling"": ""exact"", ""Risk Management"": ""exact"", ""Accounting"": ""exact""}","Suresh Das
Professional Summary: Finance professional with 4 years of experience at Nimbus Systems and similar organizations.

Skills: Financial Analysis, Forecasting, Auditing, Financial Modeling, Risk Management, Accounting

Experience:
Nimbus Systems — Finance Role (4 yrs)
Worked extensively with Financial Analysis on production systems. Worked extensively with Forecasting on production systems. Worked extensively with Auditing on production systems. Worked extensively with Financial Modeling on production systems. Worked extensively with Risk Management on production systems. Worked extensively with Accounting on production systems.

Education: MBA Finance"
R0007,Swati Pillai,Web Development,12,"[""MongoDB"", ""Express.js"", ""Node.js"", ""Next.js"", ""CSS"", ""TypeScript"", ""HTML""]","{""MongoDB"": ""fuzzy"", ""Express.js"": ""exact"", ""Node.js"": ""fuzzy"", ""Next.js"": ""exact"", ""CSS"": ""exact"", ""TypeScript"": ""exact"", ""HTML"": ""exact""}","Swati Pillai
Professional Summary: Web Development professional with 12 years of experience at Sundial HR Group and similar organizations.

Skills: Mongodb, Express.js, Node JS, Next.js, CSS, TypeScript, HTML

Experience:
Sundial HR Group — Web Development Role (12 yrs)
Worked extensively with Mongodb on production systems. Worked extensively with Express.js on production systems. Worked extensively with Node JS on production systems. Worked extensively with Next.js on production systems. Worked extensively with CSS on production systems. Worked extensively with TypeScript on production systems. Worked extensively with HTML on production systems.

Education: B.Tech Information Technology"
R0008,Deepa Rao,Data Science,2,"[""SQL"", ""Pandas"", ""Data Visualization"", ""Statistics"", ""Python"", ""PyTorch"", ""Scikit-learn"", ""TensorFlow"", ""Machine Learning"", ""NumPy""]","{""SQL"": ""exact"", ""Pandas"": ""exact"", ""Data Visualization"": ""exact"", ""Statistics"": ""exact"", ""Python"": ""contextual"", ""PyTorch"": ""fuzzy"", ""Scikit-learn"": ""fuzzy"", ""TensorFlow"": ""exact"", ""Machine Learning"": ""exact"", ""NumPy"": ""exact""}","Deepa Rao
Professional Summary: Data Science professional with 2 years of experience at Novatrail Consulting and similar organizations.

Skills: SQL, Pandas, Data Visualization, Statistics, wrote automation scripts and backend services in a high-level scripting language, Py Torch, Scikit Learn, TensorFlow, Machine Learning, NumPy

Experience:
Novatrail Consulting — Data Science Role (2 yrs)
Worked extensively with SQL on production systems. Worked extensively with Pandas on production systems. Worked extensively with Data Visualization on production systems. Worked extensively with Statistics on production systems. Wrote automation scripts and backend services in a high-level scripting language. Worked extensively with Py Torch on production systems. Worked extensively with Scikit Learn on production systems. Worked extensively with TensorFlow on production systems. Worked extensively with Machine Learning on production systems. Worked extensively with NumPy on production systems.

Education: B.Tech Computer Science"
R0009,Ananya Mehta,Human Resources,4,"[""Labor Law"", ""Performance Management"", ""Talent Acquisition"", ""Recruitment"", ""HRIS"", ""Payroll"", ""Onboarding"", ""Employee Relations""]","{""Labor Law"": ""exact"", ""Performance Management"": ""exact"", ""Talent Acquisition"": ""exact"", ""Recruitment"": ""exact"", ""HRIS"": ""exact"", ""Payroll"": ""exact"", ""Onboarding"": ""exact"", ""Employee Relations"": ""exact""}","Ananya Mehta
Professional Summary: Human Resources professional with 4 years of experience at BluePeak Solutions and similar organizations.

Skills: Labor Law, Performance Management, Talent Acquisition, Recruitment, HRIS, Payroll, Onboarding, Employee Relations

Experience:
BluePeak Solutions — Human Resources Role (4 yrs)
Worked extensively with Labor Law on production systems. Worked extensively with Performance Management on production systems. Worked extensively with Talent Acquisition on production systems. Worked extensively with Recruitment on production systems. Worked extensively with HRIS on production systems. Worked extensively with Payroll on production systems. Worked extensively with Onboarding on production systems. Worked extensively with Employee Relations on production systems.

Education: PGDM HR"
R0010,Swati Menon,Data Science,5,"[""Python"", ""Machine Learning"", ""Pandas"", ""Deep Learning"", ""TensorFlow"", ""Data Visualization"", ""PyTorch"", ""Statistics"", ""Scikit-learn"", ""Natural Language Processing"", ""REST API"", ""CSS""]","{""Python"": ""contextual"", ""Machine Learning"": ""contextual"", ""Pandas"": ""exact"", ""Deep Learning"": ""contextual"", ""TensorFlow"": ""exact"", ""Data Visualization"": ""exact"", ""PyTorch"": ""exact"", ""Statistics"": ""exact"", ""Scikit-learn"": ""exact"", ""Natural Language Processing"": ""exact"", ""REST API"": ""exact"", ""CSS"": ""exact""}","Swati Menon
Professional Summary: Data Science professional with 5 years of experience at Meridian Softworks and similar organizations.

Skills: wrote automation scripts and backend services in a high-level scripting language, built predictive models that learn patterns from historical data, Pandas, trained multi-layer neural networks for pattern recognition tasks, TensorFlow, Data Visualization, PyTorch, Statistics, Scikit-learn, Natural Language Processing, REST API, CSS

Experience:
Meridian Softworks — Data Science Role (5 yrs)
Wrote automation scripts and backend services in a high-level scripting language. Built predictive models that learn patterns from historical data. Worked extensively with Pandas on production systems. Trained multi-layer neural networks for pattern recognition tasks. Worked extensively with TensorFlow on production systems. Worked extensively with Data Visualization on production systems. Worked extensively with PyTorch on production systems. Worked extensively with Statistics on production systems. Worked extensively with Scikit-learn on production systems. Worked extensively with Natural Language Processing on production systems. Worked extensively with REST API on production systems. Worked extensively with CSS on production systems.

Education: B.Sc Statistics"
R0011,Meera Patel,Finance,7,"[""Accounting"", ""Financial Modeling"", ""Excel"", ""Risk Management"", ""Auditing"", ""QuickBooks"", ""Budgeting"", ""Financial Analysis"", ""SAP"", ""Forecasting"", ""Next.js"", ""JavaScript""]","{""Accounting"": ""exact"", ""Financial Modeling"": ""exact"", ""Excel"": ""exact"", ""Risk Management"": ""contextual"", ""Auditing"": ""exact"", ""QuickBooks"": ""exact"", ""Budgeting"": ""exact"", ""Financial Analysis"": ""exact"", ""SAP"": ""exact"", ""Forecasting"": ""exact"", ""Next.js"": ""exact"", ""JavaScript"": ""exact""}","Meera Patel
Professional Summary: Finance professional with 7 years of experience at Trailhead Digital and similar organizations.

Skills: Accounting, Financial Modeling, Excel, identified and mitigated operational and financial exposure for the business, Auditing, QuickBooks, Budgeting, Financial Analysis, SAP, Forecasting, Next.js, JavaScript

Experience:
Trailhead Digital — Finance Role (7 yrs)
Worked extensively with Accounting on production systems. Worked extensively with Financial Modeling on production systems. Worked extensively with Excel on production systems. Identified and mitigated operational and financial exposure for the business. Worked extensively with Auditing on production systems. Worked extensively with QuickBooks on production systems. Worked extensively with Budgeting on production systems. Worked extensively with Financial Analysis on production systems. Worked extensively with SAP on production systems. Worked extensively with Forecasting on production systems. Worked extensively with Next.js on production systems. Worked extensively with JavaScript on production systems.

Education: M.Com"
R0012,Anjali Bhat,Finance,1,"[""Excel"", ""Financial Analysis"", ""SAP"", ""Budgeting"", ""Accounting"", ""QuickBooks"", ""Forecasting"", ""Financial Modeling"", ""Auditing"", ""Risk Management"", ""HRIS"", ""Labor Law""]","{""Excel"": ""exact"", ""Financial Analysis"": ""exact"", ""SAP"": ""exact"", ""Budgeting"": ""exact"", ""Accounting"": ""exact"", ""QuickBooks"": ""exact"", ""Forecasting"": ""exact"", ""Financial Modeling"": ""exact"", ""Auditing"": ""exact"", ""Risk Management"": ""contextual"", ""HRIS"": ""exact"", ""Labor Law"": ""exact""}","Anjali Bhat
Professional Summary: Finance professional with 1 years of experience at Trailhead Digital and similar organizations.

Skills: Excel, Financial Analysis, SAP, Budgeting, Accounting, QuickBooks, Forecasting, Financial Modeling, Auditing, identified and mitigated operational and financial exposure for the business, HRIS, Labor Law

Experience:
Trailhead Digital — Finance Role (1 yrs)
Worked extensively with Excel on production systems. Worked extensively with Financial Analysis on production systems. Worked extensively with SAP on production systems. Worked extensively with Budgeting on production systems. Worked extensively with Accounting on production systems. Worked extensively with QuickBooks on production systems. Worked extensively with Forecasting on production systems. Worked extensively with Financial Modeling on production systems. Worked extensively with Auditing on production systems. Identified and mitigated operational and financial exposure for the business. Worked extensively with HRIS on production systems. Worked extensively with Labor Law on production systems.

Education: M.Com"
R0013,Vivek Joshi,DevOps,3,"[""Ansible"", ""Jenkins"", ""Docker"", ""GCP"", ""Terraform"", ""CI/CD"", ""AWS"", ""Linux"", ""Azure"", ""Kubernetes""]","{""Ansible"": ""exact"", ""Jenkins"": ""exact"", ""Docker"": ""exact"", ""GCP"": ""exact"", ""Terraform"": ""exact"", ""CI/CD"": ""contextual"", ""AWS"": ""exact"", ""Linux"": ""exact"", ""Azure"": ""exact"", ""Kubernetes"": ""exact""}","Vivek Joshi
Professional Summary: DevOps professional with 3 years of experience at Sundial HR Group and similar organizations.

Skills: Ansible, Jenkins, Docker, GCP, Terraform, set up automated build and deployment pipelines triggered on every commit, AWS, Linux, Azure, Kubernetes

Experience:
Sundial HR Group — DevOps Role (3 yrs)
Worked extensively with Ansible on production systems. Worked extensively with Jenkins on production systems. Worked extensively with Docker on production systems. Worked extensively with GCP on production systems. Worked extensively with Terraform on production systems. Set up automated build and deployment pipelines triggered on every commit. Worked extensively with AWS on production systems. Worked extensively with Linux on production systems. Worked extensively with Azure on production systems. Worked extensively with Kubernetes on production systems.

Education: B.E. Electronics and Communication"
R0014,Neha Pillai,Web Development,7,"[""CSS"", ""TypeScript"", ""JavaScript"", ""Node.js"", ""React"", ""Express.js""]","{""CSS"": ""exact"", ""TypeScript"": ""exact"", ""JavaScript"": ""exact"", ""Node.js"": ""contextual"", ""React"": ""contextual"", ""Express.js"": ""exact""}","Neha Pillai
Professional Summary: Web Development professional with 7 years of experience at Harborline Financial and similar organizations.

Skills: CSS, TypeScript, JavaScript, developed server-side applications using an event-driven JavaScript runtime, built dynamic, component-based user interfaces for single-page applications, Express.js

Experience:
Harborline Financial — Web Development Role (7 yrs)
Worked extensively with CSS on production systems. Worked extensively with TypeScript on production systems. Worked extensively with JavaScript on production systems. Developed server-side applications using an event-driven javascript runtime. Built dynamic, component-based user interfaces for single-page applications. Worked extensively with Express.js on production systems.

Education: BCA"
R0015,Karan Menon,Data Science,6,"[""Natural Language Processing"", ""Scikit-learn"", ""TensorFlow"", ""Pandas"", ""NumPy"", ""Machine Learning"", ""Statistics"", ""MongoDB"", ""HTML""]","{""Natural Language Processing"": ""exact"", ""Scikit-learn"": ""fuzzy"", ""TensorFlow"": ""exact"", ""Pandas"": ""exact"", ""NumPy"": ""exact"", ""Machine Learning"": ""exact"", ""Statistics"": ""exact"", ""MongoDB"": ""exact"", ""HTML"": ""exact""}","Karan Menon
Professional Summary: Data Science professional with 6 years of experience at Corestack Labs and similar organizations.

Skills: Natural Language Processing, Scikit Learn, TensorFlow, Pandas, NumPy, Machine Learning, Statistics, MongoDB, HTML

Experience:
Corestack Labs — Data Science Role (6 yrs)
Worked extensively with Natural Language Processing on production systems. Worked extensively with Scikit Learn on production systems. Worked extensively with TensorFlow on production systems. Worked extensively with Pandas on production systems. Worked extensively with NumPy on production systems. Worked extensively with Machine Learning on production systems. Worked extensively with Statistics on production systems. Worked extensively with MongoDB on production systems. Worked extensively with HTML on production systems.

Education: B.Tech Computer Science"
R0016,Neha Rao,Finance,7,"[""Financial Modeling"", ""Excel"", ""Budgeting"", ""QuickBooks"", ""Auditing"", ""Accounting"", ""Financial Analysis"", ""SAP""]","{""Financial Modeling"": ""exact"", ""Excel"": ""exact"", ""Budgeting"": ""exact"", ""QuickBooks"": ""exact"", ""Auditing"": ""exact"", ""Accounting"": ""exact"", ""Financial Analysis"": ""exact"", ""SAP"": ""fuzzy""}","Neha Rao
Professional Summary: Finance professional with 7 years of experience at Harborline Financial and similar organizations.

Skills: Financial Modeling, Excel, Budgeting, QuickBooks, Auditing, Accounting, Financial Analysis, S.A.P.

Experience:
Harborline Financial — Finance Role (7 yrs)
Worked extensively with Financial Modeling on production systems. Worked extensively with Excel on production systems. Worked extensively with Budgeting on production systems. Worked extensively with QuickBooks on production systems. Worked extensively with Auditing on production systems. Worked extensively with Accounting on production systems. Worked extensively with Financial Analysis on production systems. Worked extensively with S.A.P. on production systems.

Education: M.Com"
R0017,Amit Das,DevOps,9,"[""Kubernetes"", ""Terraform"", ""Azure"", ""Ansible"", ""Docker"", ""AWS"", ""Jenkins"", ""CI/CD"", ""GCP""]","{""Kubernetes"": ""exact"", ""Terraform"": ""exact"", ""Azure"": ""exact"", ""Ansible"": ""exact"", ""Docker"": ""fuzzy"", ""AWS"": ""exact"", ""Jenkins"": ""exact"", ""CI/CD"": ""exact"", ""GCP"": ""exact""}","Amit Das
Professional Summary: DevOps professional with 9 years of experience at Orbitline Technologies and similar organizations.

Skills: Kubernetes, Terraform, Azure, Ansible, docker , AWS, Jenkins, CI/CD, GCP

Experience:
Orbitline Technologies — DevOps Role (9 yrs)
Worked extensively with Kubernetes on production systems. Worked extensively with Terraform on production systems. Worked extensively with Azure on production systems. Worked extensively with Ansible on production systems. Worked extensively with docker  on production systems. Worked extensively with AWS on production systems. Worked extensively with Jenkins on production systems. Worked extensively with CI/CD on production systems. Worked extensively with GCP on production systems.

Education: B.Tech Computer Science"
R0018,Tanvi Das,Finance,4,"[""Forecasting"", ""Auditing"", ""QuickBooks"", ""SAP"", ""Financial Analysis"", ""Excel"", ""Risk Management"", ""Accounting"", ""Financial Modeling"", ""Budgeting"", ""Kubernetes"", ""CI/CD""]","{""Forecasting"": ""exact"", ""Auditing"": ""exact"", ""QuickBooks"": ""exact"", ""SAP"": ""exact"", ""Financial Analysis"": ""exact"", ""Excel"": ""exact"", ""Risk Management"": ""contextual"", ""Accounting"": ""exact"", ""Financial Modeling"": ""contextual"", ""Budgeting"": ""exact"", ""Kubernetes"": ""exact"", ""CI/CD"": ""fuzzy""}","Tanvi Das
Professional Summary: Finance professional with 4 years of experience at BluePeak Solutions and similar organizations.

Skills: Forecasting, Auditing, QuickBooks, SAP, Financial Analysis, Excel, identified and mitigated operational and financial exposure for the business, Accounting, built spreadsheet models to forecast company revenue and cash flow, Budgeting, Kubernetes, CICD

Experience:
BluePeak Solutions — Finance Role (4 yrs)
Worked extensively with Forecasting on production systems. Worked extensively with Auditing on production systems. Worked extensively with QuickBooks on production systems. Worked extensively with SAP on production systems. Worked extensively with Financial Analysis on production systems. Worked extensively with Excel on production systems. Identified and mitigated operational and financial exposure for the business. Worked extensively with Accounting on production systems. Built spreadsheet models to forecast company revenue and cash flow. Worked extensively with Budgeting on production systems. Worked extensively with Kubernetes on production systems. Worked extensively with CICD on production systems.

Education: MBA Finance"
R0019,Meera Rao,Data Science,8,"[""Pandas"", ""Deep Learning"", ""SQL"", ""PyTorch"", ""Python"", ""NumPy"", ""Machine Learning"", ""Data Visualization"", ""Natural Language Processing"", ""QuickBooks"", ""Financial Analysis""]","{""Pandas"": ""exact"", ""Deep Learning"": ""exact"", ""SQL"": ""contextual"", ""PyTorch"": ""exact"", ""Python"": ""exact"", ""NumPy"": ""exact"", ""Machine Learning"": ""exact"", ""Data Visualization"": ""contextual"", ""Natural Language Processing"": ""exact"", ""QuickBooks"": ""exact"", ""Financial Analysis"": ""exact""}","Meera Rao
Professional Summary: Data Science professional with 8 years of experience at Harborline Financial and similar organizations.

Skills: Pandas, Deep Learning, wrote complex queries to extract and join data from relational databases, PyTorch, Python, NumPy, Machine Learning, created dashboards and charts to communicate insights to stakeholders, Natural Language Processing, QuickBooks, Financial Analysis

Experience:
Harborline Financial — Data Science Role (8 yrs)
Worked extensively with Pandas on production systems. Worked extensively with Deep Learning on production systems. Wrote complex queries to extract and join data from relational databases. Worked extensively with PyTorch on production systems. Worked extensively with Python on production systems. Worked extensively with NumPy on production systems. Worked extensively with Machine Learning on production systems. Created dashboards and charts to communicate insights to stakeholders. Worked extensively with Natural Language Processing on production systems. Worked extensively with QuickBooks on production systems. Worked extensively with Financial Analysis on production systems.

Education: B.Sc Statistics"
R0020,Riya Patel,Human Resources,3,"[""HRIS"", ""Payroll"", ""Recruitment"", ""Employee Relations"", ""Onboarding"", ""Performance Management"", ""Labor Law""]","{""HRIS"": ""exact"", ""Payroll"": ""exact"", ""Recruitment"": ""exact"", ""Employee Relations"": ""exact"", ""Onboarding"": ""exact"", ""Performance Management"": ""exact"", ""Labor Law"": ""exact""}","Riya Patel
Professional Summary: Human Resources professional with 3 years of experience at Orbitline Technologies and similar organizations.

Skills: HRIS, Payroll, Recruitment, Employee Relations, Onboarding, Performance Management, Labor Law

Experience:
Orbitline Technologies — Human Resources Role (3 yrs)
Worked extensively with HRIS on production systems. Worked extensively with Payroll on production systems. Worked extensively with Recruitment on production systems. Worked extensively with Employee Relations on production systems. Worked extensively with Onboarding on production systems. Worked extensively with Performance Management on production systems. Worked extensively with Labor Law on production systems.

Education: MBA Human Resources"
R0021,Deepa Chatterjee,Human Resources,9,"[""Recruitment"", ""Performance Management"", ""HRIS"", ""Payroll"", ""Talent Acquisition"", ""Labor Law"", ""Onboarding"", ""Employee Relations""]","{""Recruitment"": ""exact"", ""Performance Management"": ""exact"", ""HRIS"": ""exact"", ""Payroll"": ""exact"", ""Talent Acquisition"": ""exact"", ""Labor Law"": ""exact"", ""Onboarding"": ""exact"", ""Employee Relations"": ""exact""}","Deepa Chatterjee
Professional Summary: Human Resources professional with 9 years of experience at Sundial HR Group and similar organizations.

Skills: Recruitment, Performance Management, HRIS, Payroll, Talent Acquisition, Labor Law, Onboarding, Employee Relations

Experience:
Sundial HR Group — Human Resources Role (9 yrs)
Worked extensively with Recruitment on production systems. Worked extensively with Performance Management on production systems. Worked extensively with HRIS on production systems. Worked extensively with Payroll on production systems. Worked extensively with Talent Acquisition on production systems. Worked extensively with Labor Law on production systems. Worked extensively with Onboarding on production systems. Worked extensively with Employee Relations on production systems.

Education: PGDM HR"
R0022,Sneha Verma,Human Resources,5,"[""Labor Law"", ""Onboarding"", ""HRIS"", ""Talent Acquisition"", ""Recruitment"", ""Performance Management"", ""Payroll"", ""Accounting"", ""Auditing""]","{""Labor Law"": ""exact"", ""Onboarding"": ""exact"", ""HRIS"": ""fuzzy"", ""Talent Acquisition"": ""exact"", ""Recruitment"": ""contextual"", ""Performance Management"": ""exact"", ""Payroll"": ""contextual"", ""Accounting"": ""exact"", ""Auditing"": ""exact""}","Sneha Verma
Professional Summary: Human Resources professional with 5 years of experience at Meridian Softworks and similar organizations.

Skills: Labor Law, Onboarding, H.R.I.S., Talent Acquisition, managed the full candidate sourcing and hiring lifecycle, Performance Management, processed monthly employee compensation and statutory deductions, Accounting, Auditing

Experience:
Meridian Softworks — Human Resources Role (5 yrs)
Worked extensively with Labor Law on production systems. Worked extensively with Onboarding on production systems. Worked extensively with H.R.I.S. on production systems. Worked extensively with Talent Acquisition on production systems. Managed the full candidate sourcing and hiring lifecycle. Worked extensively with Performance Management on production systems. Processed monthly employee compensation and statutory deductions. Worked extensively with Accounting on production systems. Worked extensively with Auditing on production systems.

Education: B.A. Psychology"
R0023,Isha Nair,Data Science,8,"[""Pandas"", ""Statistics"", ""Machine Learning"", ""Python"", ""SQL"", ""Data Visualization"", ""TensorFlow"", ""PyTorch""]","{""Pandas"": ""exact"", ""Statistics"": ""exact"", ""Machine Learning"": ""fuzzy"", ""Python"": ""exact"", ""SQL"": ""fuzzy"", ""Data Visualization"": ""contextual"", ""TensorFlow"": ""fuzzy"", ""PyTorch"": ""exact""}","Isha Nair
Professional Summary: Data Science professional with 8 years of experience at Trailhead Digital and similar organizations.

Skills: Pandas, Statistics, Machine-Learning, Python, Sql, created dashboards and charts to communicate insights to stakeholders, Tensor Flow, PyTorch

Experience:
Trailhead Digital — Data Science Role (8 yrs)
Worked extensively with Pandas on production systems. Worked extensively with Statistics on production systems. Worked extensively with Machine-Learning on production systems. Worked extensively with Python on production systems. Worked extensively with Sql on production systems. Created dashboards and charts to communicate insights to stakeholders. Worked extensively with Tensor Flow on production systems. Worked extensively with PyTorch on production systems.

Education: B.Tech Computer Science"
R0024,Divya Chauhan,Data Science,2,"[""Python"", ""NumPy"", ""Data Visualization"", ""TensorFlow"", ""SQL"", ""Scikit-learn"", ""Machine Learning"", ""Natural Language Processing"", ""PyTorch"", ""Statistics""]","{""Python"": ""exact"", ""NumPy"": ""exact"", ""Data Visualization"": ""exact"", ""TensorFlow"": ""exact"", ""SQL"": ""exact"", ""Scikit-learn"": ""exact"", ""Machine Learning"": ""contextual"", ""Natural Language Processing"": ""exact"", ""PyTorch"": ""exact"", ""Statistics"": ""exact""}","Divya Chauhan
Professional Summary: Data Science professional with 2 years of experience at Harborline Financial and similar organizations.

Skills: Python, NumPy, Data Visualization, TensorFlow, SQL, Scikit-learn, built predictive models that learn patterns from historical data, Natural Language Processing, PyTorch, Statistics

Experience:
Harborline Financial — Data Science Role (2 yrs)
Worked extensively with Python on production systems. Worked extensively with NumPy on production systems. Worked extensively with Data Visualization on production systems. Worked extensively with TensorFlow on production systems. Worked extensively with SQL on production systems. Worked extensively with Scikit-learn on production systems. Built predictive models that learn patterns from historical data. Worked extensively with Natural Language Processing on production systems. Worked extensively with PyTorch on production systems. Worked extensively with Statistics on production systems.

Education: B.Tech Computer Science"
R0025,Suresh Agarwal,Human Resources,5,"[""Performance Management"", ""Onboarding"", ""Talent Acquisition"", ""HRIS"", ""Employee Relations"", ""Payroll"", ""Labor Law""]","{""Performance Management"": ""exact"", ""Onboarding"": ""exact"", ""Talent Acquisition"": ""exact"", ""HRIS"": ""exact"", ""Employee Relations"": ""exact"", ""Payroll"": ""contextual"", ""Labor Law"": ""exact""}","Suresh Agarwal
Professional Summary: Human Resources professional with 5 years of experience at Quantwave Inc and similar organizations.

Skills: Performance Management, Onboarding, Talent Acquisition, HRIS, Employee Relations, processed monthly employee compensation and statutory deductions, Labor Law

Experience:
Quantwave Inc — Human Resources Role (5 yrs)
Worked extensively with Performance Management on production systems. Worked extensively with Onboarding on production systems. Worked extensively with Talent Acquisition on production systems. Worked extensively with HRIS on production systems. Worked extensively with Employee Relations on production systems. Processed monthly employee compensation and statutory deductions. Worked extensively with Labor Law on production systems.

Education: MBA Human Resources"
R0026,Amit Joshi,Data Science,9,"[""Scikit-learn"", ""Deep Learning"", ""PyTorch"", ""Pandas"", ""Natural Language Processing"", ""TensorFlow"", ""Statistics"", ""Data Visualization"", ""NumPy""]","{""Scikit-learn"": ""exact"", ""Deep Learning"": ""exact"", ""PyTorch"": ""fuzzy"", ""Pandas"": ""exact"", ""Natural Language Processing"": ""exact"", ""TensorFlow"": ""exact"", ""Statistics"": ""exact"", ""Data Visualization"": ""exact"", ""NumPy"": ""exact""}","Amit Joshi
Professional Summary: Data Science professional with 9 years of experience at Nimbus Systems and similar organizations.

Skills: Scikit-learn, Deep Learning, Pytorch, Pandas, Natural Language Processing, TensorFlow, Statistics, Data Visualization, NumPy

Experience:
Nimbus Systems — Data Science Role (9 yrs)
Worked extensively with Scikit-learn on production systems. Worked extensively with Deep Learning on production systems. Worked extensively with Pytorch on production systems. Worked extensively with Pandas on production systems. Worked extensively with Natural Language Processing on production systems. Worked extensively with TensorFlow on production systems. Worked extensively with Statistics on production systems. Worked extensively with Data Visualization on production systems. Worked extensively with NumPy on production systems.

Education: B.Sc Statistics"
R0027,Neha Chatterjee,DevOps,12,"[""Linux"", ""CI/CD"", ""Jenkins"", ""Terraform"", ""Ansible"", ""AWS"", ""Azure""]","{""Linux"": ""exact"", ""CI/CD"": ""exact"", ""Jenkins"": ""exact"", ""Terraform"": ""exact"", ""Ansible"": ""exact"", ""AWS"": ""exact"", ""Azure"": ""exact""}","Neha Chatterjee
Professional Summary: DevOps professional with 12 years of experience at Novatrail Consulting and similar organizations.

Skills: Linux, CI/CD, Jenkins, Terraform, Ansible, AWS, Azure

Experience:
Novatrail Consulting — DevOps Role (12 yrs)
Worked extensively with Linux on production systems. Worked extensively with CI/CD on production systems. Worked extensively with Jenkins on production systems. Worked extensively with Terraform on production systems. Worked extensively with Ansible on production systems. Worked extensively with AWS on production systems. Worked extensively with Azure on production systems.

Education: B.E. Electronics and Communication"
R0028,Suresh Gupta,Web Development,5,"[""HTML"", ""MongoDB"", ""CSS"", ""TypeScript"", ""Express.js"", ""REST API"", ""Node.js""]","{""HTML"": ""exact"", ""MongoDB"": ""exact"", ""CSS"": ""exact"", ""TypeScript"": ""exact"", ""Express.js"": ""exact"", ""REST API"": ""fuzzy"", ""Node.js"": ""contextual""}","Suresh Gupta
Professional Summary: Web Development professional with 5 years of experience at BluePeak Solutions and similar organizations.

Skills: HTML, MongoDB, CSS, TypeScript, Express.js, REST-API, developed server-side applications using an event-driven JavaScript runtime

Experience:
BluePeak Solutions — Web Development Role (5 yrs)
Worked extensively with HTML on production systems. Worked extensively with MongoDB on production systems. Worked extensively with CSS on production systems. Worked extensively with TypeScript on production systems. Worked extensively with Express.js on production systems. Worked extensively with REST-API on production systems. Developed server-side applications using an event-driven javascript runtime.

Education: B.Sc Computer Science"
R0029,Priya Joshi,Human Resources,8,"[""Recruitment"", ""HRIS"", ""Employee Relations"", ""Payroll"", ""Performance Management"", ""Onboarding""]","{""Recruitment"": ""exact"", ""HRIS"": ""exact"", ""Employee Relations"": ""exact"", ""Payroll"": ""exact"", ""Performance Management"": ""exact"", ""Onboarding"": ""exact""}","Priya Joshi
Professional Summary: Human Resources professional with 8 years of experience at Verdant Analytics and similar organizations.

Skills: Recruitment, HRIS, Employee Relations, Payroll, Performance Management, Onboarding

Experience:
Verdant Analytics — Human Resources Role (8 yrs)
Worked extensively with Recruitment on production systems. Worked extensively with HRIS on production systems. Worked extensively with Employee Relations on production systems. Worked extensively with Payroll on production systems. Worked extensively with Performance Management on production systems. Worked extensively with Onboarding on production systems.

Education: MBA Human Resources"
R0030,Divya Agarwal,DevOps,7,"[""CI/CD"", ""Kubernetes"", ""Linux"", ""Jenkins"", ""Ansible"", ""Terraform"", ""Auditing"", ""Financial Analysis""]","{""CI/CD"": ""fuzzy"", ""Kubernetes"": ""contextual"", ""Linux"": ""exact"", ""Jenkins"": ""exact"", ""Ansible"": ""exact"", ""Terraform"": ""exact"", ""Auditing"": ""exact"", ""Financial Analysis"": ""exact""}","Divya Agarwal
Professional Summary: DevOps professional with 7 years of experience at Corestack Labs and similar organizations.

Skills: CICD, orchestrated containerized workloads across a distributed cluster, Linux, Jenkins, Ansible, Terraform, Auditing, Financial Analysis

Experience:
Corestack Labs — DevOps Role (7 yrs)
Worked extensively with CICD on production systems. Orchestrated containerized workloads across a distributed cluster. Worked extensively with Linux on production systems. Worked extensively with Jenkins on production systems. Worked extensively with Ansible on production systems. Worked extensively with Terraform on production systems. Worked extensively with Auditing on production systems. Worked extensively with Financial Analysis on production systems.

Education: B.Tech Computer Science"
R0031,Pooja Reddy,Data Science,9,"[""PyTorch"", ""Data Visualization"", ""Natural Language Processing"", ""NumPy"", ""Python"", ""Machine Learning"", ""Deep Learning"", ""Scikit-learn"", ""Pandas"", ""Jenkins"", ""CI/CD""]","{""PyTorch"": ""exact"", ""Data Visualization"": ""exact"", ""Natural Language Processing"": ""exact"", ""NumPy"": ""exact"", ""Python"": ""fuzzy"", ""Machine Learning"": ""fuzzy"", ""Deep Learning"": ""contextual"", ""Scikit-learn"": ""exact"", ""Pandas"": ""exact"", ""Jenkins"": ""exact"", ""CI/CD"": ""exact""}","Pooja Reddy
Professional Summary: Data Science professional with 9 years of experience at BluePeak Solutions and similar organizations.

Skills: PyTorch, Data Visualization, Natural Language Processing, NumPy, Python , Machin Learning, trained multi-layer neural networks for pattern recognition tasks, Scikit-learn, Pandas, Jenkins, CI/CD

Experience:
BluePeak Solutions — Data Science Role (9 yrs)
Worked extensively with PyTorch on production systems. Worked extensively with Data Visualization on production systems. Worked extensively with Natural Language Processing on production systems. Worked extensively with NumPy on production systems. Worked extensively with Python  on production systems. Worked extensively with Machin Learning on production systems. Trained multi-layer neural networks for pattern recognition tasks. Worked extensively with Scikit-learn on production systems. Worked extensively with Pandas on production systems. Worked extensively with Jenkins on production systems. Worked extensively with CI/CD on production systems.

Education: B.Sc Statistics"
R0032,Nikhil Joshi,DevOps,10,"[""Azure"", ""Ansible"", ""GCP"", ""Docker"", ""Jenkins"", ""Linux"", ""CI/CD"", ""AWS"", ""Kubernetes"", ""Terraform"", ""Next.js"", ""JavaScript""]","{""Azure"": ""exact"", ""Ansible"": ""exact"", ""GCP"": ""exact"", ""Docker"": ""exact"", ""Jenkins"": ""exact"", ""Linux"": ""exact"", ""CI/CD"": ""exact"", ""AWS"": ""exact"", ""Kubernetes"": ""exact"", ""Terraform"": ""exact"", ""Next.js"": ""exact"", ""JavaScript"": ""exact""}","Nikhil Joshi
Professional Summary: DevOps professional with 10 years of experience at Nimbus Systems and similar organizations.

Skills: Azure, Ansible, GCP, Docker, Jenkins, Linux, CI/CD, AWS, Kubernetes, Terraform, Next.js, JavaScript

Experience:
Nimbus Systems — DevOps Role (10 yrs)
Worked extensively with Azure on production systems. Worked extensively with Ansible on production systems. Worked extensively with GCP on production systems. Worked extensively with Docker on production systems. Worked extensively with Jenkins on production systems. Worked extensively with Linux on production systems. Worked extensively with CI/CD on production systems. Worked extensively with AWS on production systems. Worked extensively with Kubernetes on production systems. Worked extensively with Terraform on production systems. Worked extensively with Next.js on production systems. Worked extensively with JavaScript on production systems.

Education: B.Tech Computer Science"
R0033,Suresh Sharma,DevOps,11,"[""Ansible"", ""Jenkins"", ""Linux"", ""GCP"", ""Azure"", ""Docker"", ""CI/CD"", ""Terraform"", ""Kubernetes"", ""TensorFlow"", ""SQL""]","{""Ansible"": ""exact"", ""Jenkins"": ""exact"", ""Linux"": ""exact"", ""GCP"": ""exact"", ""Azure"": ""exact"", ""Docker"": ""fuzzy"", ""CI/CD"": ""exact"", ""Terraform"": ""exact"", ""Kubernetes"": ""exact"", ""TensorFlow"": ""exact"", ""SQL"": ""exact""}","Suresh Sharma
Professional Summary: DevOps professional with 11 years of experience at Novatrail Consulting and similar organizations.

Skills: Ansible, Jenkins, Linux, GCP, Azure, Dockers, CI/CD, Terraform, Kubernetes, TensorFlow, SQL

Experience:
Novatrail Consulting — DevOps Role (11 yrs)
Worked extensively with Ansible on production systems. Worked extensively with Jenkins on production systems. Worked extensively with Linux on production systems. Worked extensively with GCP on production systems. Worked extensively with Azure on production systems. Worked extensively with Dockers on production systems. Worked extensively with CI/CD on production systems. Worked extensively with Terraform on production systems. Worked extensively with Kubernetes on production systems. Worked extensively with TensorFlow on production systems. Worked extensively with SQL on production systems.

Education: B.E. Electronics and Communication"
R0034,Ananya Nair,Data Science,8,"[""Pandas"", ""Deep Learning"", ""NumPy"", ""SQL"", ""Python"", ""Data Visualization"", ""Natural Language Processing"", ""PyTorch"", ""Machine Learning"", ""TensorFlow""]","{""Pandas"": ""exact"", ""Deep Learning"": ""exact"", ""NumPy"": ""exact"", ""SQL"": ""contextual"", ""Python"": ""exact"", ""Data Visualization"": ""contextual"", ""Natural Language Processing"": ""exact"", ""PyTorch"": ""exact"", ""Machine Learning"": ""exact"", ""TensorFlow"": ""exact""}","Ananya Nair
Professional Summary: Data Science professional with 8 years of experience at Sundial HR Group and similar organizations.

Skills: Pandas, Deep Learning, NumPy, wrote complex queries to extract and join data from relational databases, Python, created dashboards and charts to communicate insights to stakeholders, Natural Language Processing, PyTorch, Machine Learning, TensorFlow

Experience:
Sundial HR Group — Data Science Role (8 yrs)
Worked extensively with Pandas on production systems. Worked extensively with Deep Learning on production systems. Worked extensively with NumPy on production systems. Wrote complex queries to extract and join data from relational databases. Worked extensively with Python on production systems. Created dashboards and charts to communicate insights to stakeholders. Worked extensively with Natural Language Processing on production systems. Worked extensively with PyTorch on production systems. Worked extensively with Machine Learning on production systems. Worked extensively with TensorFlow on production systems.

Education: M.Tech Data Science"
R0035,Sanjay Kapoor,Data Science,3,"[""TensorFlow"", ""Scikit-learn"", ""SQL"", ""NumPy"", ""Python"", ""Deep Learning"", ""Statistics"", ""Natural Language Processing""]","{""TensorFlow"": ""exact"", ""Scikit-learn"": ""exact"", ""SQL"": ""fuzzy"", ""NumPy"": ""exact"", ""Python"": ""exact"", ""Deep Learning"": ""exact"", ""Statistics"": ""exact"", ""Natural Language Processing"": ""exact""}","Sanjay Kapoor
Professional Summary: Data Science professional with 3 years of experience at Falconbyte and similar organizations.

Skills: TensorFlow, Scikit-learn, My SQL, NumPy, Python, Deep Learning, Statistics, Natural Language Processing

Experience:
Falconbyte — Data Science Role (3 yrs)
Worked extensively with TensorFlow on production systems. Worked extensively with Scikit-learn on production systems. Worked extensively with My SQL on production systems. Worked extensively with NumPy on production systems. Worked extensively with Python on production systems. Worked extensively with Deep Learning on production systems. Worked extensively with Statistics on production systems. Worked extensively with Natural Language Processing on production systems.

Education: B.Sc Statistics"
R0036,Deepa Menon,Web Development,2,"[""JavaScript"", ""TypeScript"", ""MongoDB"", ""Express.js"", ""HTML"", ""REST API"", ""React"", ""CSS"", ""Next.js"", ""Onboarding"", ""Performance Management""]","{""JavaScript"": ""exact"", ""TypeScript"": ""exact"", ""MongoDB"": ""exact"", ""Express.js"": ""exact"", ""HTML"": ""exact"", ""REST API"": ""fuzzy"", ""React"": ""exact"", ""CSS"": ""exact"", ""Next.js"": ""exact"", ""Onboarding"": ""exact"", ""Performance Management"": ""exact""}","Deepa Menon
Professional Summary: Web Development professional with 2 years of experience at Novatrail Consulting and similar organizations.

Skills: JavaScript, TypeScript, MongoDB, Express.js, HTML, Rest Apis, React, CSS, Next.js, Onboarding, Performance Management

Experience:
Novatrail Consulting — Web Development Role (2 yrs)
Worked extensively with JavaScript on production systems. Worked extensively with TypeScript on production systems. Worked extensively with MongoDB on production systems. Worked extensively with Express.js on production systems. Worked extensively with HTML on production systems. Worked extensively with Rest Apis on production systems. Worked extensively with React on production systems. Worked extensively with CSS on production systems. Worked extensively with Next.js on production systems. Worked extensively with Onboarding on production systems. Worked extensively with Performance Management on production systems.

Education: B.Sc Computer Science"
R0037,Ananya Reddy,Finance,8,"[""Forecasting"", ""Auditing"", ""Financial Modeling"", ""Budgeting"", ""QuickBooks"", ""Excel"", ""Accounting"", ""Financial Analysis"", ""SAP""]","{""Forecasting"": ""exact"", ""Auditing"": ""exact"", ""Financial Modeling"": ""exact"", ""Budgeting"": ""exact"", ""QuickBooks"": ""exact"", ""Excel"": ""exact"", ""Accounting"": ""exact"", ""Financial Analysis"": ""exact"", ""SAP"": ""fuzzy""}","Ananya Reddy
Professional Summary: Finance professional with 8 years of experience at Orbitline Technologies and similar organizations.

Skills: Forecasting, Auditing, Financial Modeling, Budgeting, QuickBooks, Excel, Accounting, Financial Analysis, S.A.P.

Experience:
Orbitline Technologies — Finance Role (8 yrs)
Worked extensively with Forecasting on production systems. Worked extensively with Auditing on production systems. Worked extensively with Financial Modeling on production systems. Worked extensively with Budgeting on production systems. Worked extensively with QuickBooks on production systems. Worked extensively with Excel on production systems. Worked extensively with Accounting on production systems. Worked extensively with Financial Analysis on production systems. Worked extensively with S.A.P. on production systems.

Education: M.Com"
R0038,Arjun Menon,Web Development,5,"[""React"", ""REST API"", ""HTML"", ""MongoDB"", ""CSS"", ""Next.js"", ""TypeScript""]","{""React"": ""contextual"", ""REST API"": ""exact"", ""HTML"": ""exact"", ""MongoDB"": ""exact"", ""CSS"": ""exact"", ""Next.js"": ""exact"", ""TypeScript"": ""exact""}","Arjun Menon
Professional Summary: Web Development professional with 5 years of experience at Trailhead Digital and similar organizations.

Skills: built dynamic, component-based user interfaces for single-page applications, REST API, HTML, MongoDB, CSS, Next.js, TypeScript

Experience:
Trailhead Digital — Web Development Role (5 yrs)
Built dynamic, component-based user interfaces for single-page applications. Worked extensively with REST API on production systems. Worked extensively with HTML on production systems. Worked extensively with MongoDB on production systems. Worked extensively with CSS on production systems. Worked extensively with Next.js on production systems. Worked extensively with TypeScript on production systems.

Education: B.Tech Information Technology"
R0039,Sanjay Das,DevOps,12,"[""Jenkins"", ""Ansible"", ""GCP"", ""Kubernetes"", ""CI/CD"", ""Terraform"", ""Docker"", ""Azure"", ""Linux""]","{""Jenkins"": ""exact"", ""Ansible"": ""exact"", ""GCP"": ""exact"", ""Kubernetes"": ""fuzzy"", ""CI/CD"": ""fuzzy"", ""Terraform"": ""exact"", ""Docker"": ""fuzzy"", ""Azure"": ""exact"", ""Linux"": ""exact""}","Sanjay Das
Professional Summary: DevOps professional with 12 years of experience at Corestack Labs and similar organizations.

Skills: Jenkins, Ansible, GCP, Kubernetes , CICD, Terraform, docker , Azure, Linux

Experience:
Corestack Labs — DevOps Role (12 yrs)
Worked extensively with Jenkins on production systems. Worked extensively with Ansible on production systems. Worked extensively with GCP on production systems. Worked extensively with Kubernetes  on production systems. Worked extensively with CICD on production systems. Worked extensively with Terraform on production systems. Worked extensively with docker  on production systems. Worked extensively with Azure on production systems. Worked extensively with Linux on production systems.

Education: B.Tech Computer Science"
R0040,Priya Agarwal,DevOps,6,"[""CI/CD"", ""Jenkins"", ""AWS"", ""Terraform"", ""Docker"", ""Linux"", ""Ansible""]","{""CI/CD"": ""exact"", ""Jenkins"": ""exact"", ""AWS"": ""fuzzy"", ""Terraform"": ""exact"", ""Docker"": ""fuzzy"", ""Linux"": ""exact"", ""Ansible"": ""exact""}","Priya Agarwal
Professional Summary: DevOps professional with 6 years of experience at Sundial HR Group and similar organizations.

Skills: CI/CD, Jenkins, Amazon Web Services, Terraform, docker , Linux, Ansible

Experience:
Sundial HR Group — DevOps Role (6 yrs)
Worked extensively with CI/CD on production systems. Worked extensively with Jenkins on production systems. Worked extensively with Amazon Web Services on production systems. Worked extensively with Terraform on production systems. Worked extensively with docker  on production systems. Worked extensively with Linux on production systems. Worked extensively with Ansible on production systems.

Education: B.Tech Computer Science"
R0041,Isha Singh,Web Development,9,"[""MongoDB"", ""CSS"", ""TypeScript"", ""REST API"", ""JavaScript"", ""HTML"", ""Next.js"", ""Express.js""]","{""MongoDB"": ""fuzzy"", ""CSS"": ""exact"", ""TypeScript"": ""exact"", ""REST API"": ""exact"", ""JavaScript"": ""fuzzy"", ""HTML"": ""exact"", ""Next.js"": ""exact"", ""Express.js"": ""exact""}","Isha Singh
Professional Summary: Web Development professional with 9 years of experience at Quantwave Inc and similar organizations.

Skills: Mongo DB, CSS, TypeScript, REST API, JS, HTML, Next.js, Express.js

Experience:
Quantwave Inc — Web Development Role (9 yrs)
Worked extensively with Mongo DB on production systems. Worked extensively with CSS on production systems. Worked extensively with TypeScript on production systems. Worked extensively with REST API on production systems. Worked extensively with JS on production systems. Worked extensively with HTML on production systems. Worked extensively with Next.js on production systems. Worked extensively with Express.js on production systems.

Education: B.Tech Information Technology"
R0042,Vivek Menon,Data Science,12,"[""PyTorch"", ""Python"", ""Data Visualization"", ""SQL"", ""Scikit-learn"", ""NumPy"", ""Machine Learning""]","{""PyTorch"": ""exact"", ""Python"": ""exact"", ""Data Visualization"": ""contextual"", ""SQL"": ""exact"", ""Scikit-learn"": ""exact"", ""NumPy"": ""exact"", ""Machine Learning"": ""contextual""}","Vivek Menon
Professional Summary: Data Science professional with 12 years of experience at Corestack Labs and similar organizations.

Skills: PyTorch, Python, created dashboards and charts to communicate insights to stakeholders, SQL, Scikit-learn, NumPy, built predictive models that learn patterns from historical data

Experience:
Corestack Labs — Data Science Role (12 yrs)
Worked extensively with PyTorch on production systems. Worked extensively with Python on production systems. Created dashboards and charts to communicate insights to stakeholders. Worked extensively with SQL on production systems. Worked extensively with Scikit-learn on production systems. Worked extensively with NumPy on production systems. Built predictive models that learn patterns from historical data.

Education: B.Sc Statistics"
R0043,Meera Chatterjee,Web Development,5,"[""MongoDB"", ""TypeScript"", ""REST API"", ""CSS"", ""Express.js"", ""React"", ""HTML"", ""Node.js"", ""JavaScript""]","{""MongoDB"": ""exact"", ""TypeScript"": ""exact"", ""REST API"": ""contextual"", ""CSS"": ""exact"", ""Express.js"": ""exact"", ""React"": ""fuzzy"", ""HTML"": ""exact"", ""Node.js"": ""fuzzy"", ""JavaScript"": ""exact""}","Meera Chatterjee
Professional Summary: Web Development professional with 5 years of experience at Nimbus Systems and similar organizations.

Skills: MongoDB, TypeScript, designed and exposed HTTP endpoints for internal service communication, CSS, Express.js, Reactjs, HTML, NodeJS, JavaScript

Experience:
Nimbus Systems — Web Development Role (5 yrs)
Worked extensively with MongoDB on production systems. Worked extensively with TypeScript on production systems. Designed and exposed http endpoints for internal service communication. Worked extensively with CSS on production systems. Worked extensively with Express.js on production systems. Worked extensively with Reactjs on production systems. Worked extensively with HTML on production systems. Worked extensively with NodeJS on production systems. Worked extensively with JavaScript on production systems.

Education: BCA"
R0044,Priya Rao,Web Development,4,"[""MongoDB"", ""React"", ""HTML"", ""TypeScript"", ""REST API"", ""CSS""]","{""MongoDB"": ""exact"", ""React"": ""contextual"", ""HTML"": ""exact"", ""TypeScript"": ""fuzzy"", ""REST API"": ""exact"", ""CSS"": ""exact""}","Priya Rao
Professional Summary: Web Development professional with 4 years of experience at Orbitline Technologies and similar organizations.

Skills: MongoDB, built dynamic, component-based user interfaces for single-page applications, HTML, Typescript, REST API, CSS

Experience:
Orbitline Technologies — Web Development Role (4 yrs)
Worked extensively with MongoDB on production systems. Built dynamic, component-based user interfaces for single-page applications. Worked extensively with HTML on production systems. Worked extensively with Typescript on production systems. Worked extensively with REST API on production systems. Worked extensively with CSS on production systems.

Education: BCA"
R0045,Neha Mehta,Finance,10,"[""Budgeting"", ""Accounting"", ""QuickBooks"", ""Financial Analysis"", ""Auditing"", ""Excel"", ""Deep Learning"", ""Python""]","{""Budgeting"": ""exact"", ""Accounting"": ""exact"", ""QuickBooks"": ""exact"", ""Financial Analysis"": ""exact"", ""Auditing"": ""exact"", ""Excel"": ""exact"", ""Deep Learning"": ""contextual"", ""Python"": ""exact""}","Neha Mehta
Professional Summary: Finance professional with 10 years of experience at Quantwave Inc and similar organizations.

Skills: Budgeting, Accounting, QuickBooks, Financial Analysis, Auditing, Excel, trained multi-layer neural networks for pattern recognition tasks, Python

Experience:
Quantwave Inc — Finance Role (10 yrs)
Worked extensively with Budgeting on production systems. Worked extensively with Accounting on production systems. Worked extensively with QuickBooks on production systems. Worked extensively with Financial Analysis on production systems. Worked extensively with Auditing on production systems. Worked extensively with Excel on production systems. Trained multi-layer neural networks for pattern recognition tasks. Worked extensively with Python on production systems.

Education: MBA Finance"
R0046,Deepa Singh,Data Science,7,"[""SQL"", ""Pandas"", ""Data Visualization"", ""Python"", ""NumPy"", ""Statistics"", ""Scikit-learn"", ""Natural Language Processing"", ""PyTorch""]","{""SQL"": ""exact"", ""Pandas"": ""exact"", ""Data Visualization"": ""exact"", ""Python"": ""exact"", ""NumPy"": ""exact"", ""Statistics"": ""exact"", ""Scikit-learn"": ""exact"", ""Natural Language Processing"": ""exact"", ""PyTorch"": ""exact""}","Deepa Singh
Professional Summary: Data Science professional with 7 years of experience at Trailhead Digital and similar organizations.

Skills: SQL, Pandas, Data Visualization, Python, NumPy, Statistics, Scikit-learn, Natural Language Processing, PyTorch

Experience:
Trailhead Digital — Data Science Role (7 yrs)
Worked extensively with SQL on production systems. Worked extensively with Pandas on production systems. Worked extensively with Data Visualization on production systems. Worked extensively with Python on production systems. Worked extensively with NumPy on production systems. Worked extensively with Statistics on production systems. Worked extensively with Scikit-learn on production systems. Worked extensively with Natural Language Processing on production systems. Worked extensively with PyTorch on production systems.

Education: B.Tech Computer Science"
R0047,Vivek Pillai,DevOps,12,"[""GCP"", ""Azure"", ""Jenkins"", ""CI/CD"", ""Ansible"", ""Terraform"", ""Linux"", ""Docker"", ""AWS""]","{""GCP"": ""exact"", ""Azure"": ""exact"", ""Jenkins"": ""exact"", ""CI/CD"": ""exact"", ""Ansible"": ""exact"", ""Terraform"": ""exact"", ""Linux"": ""exact"", ""Docker"": ""fuzzy"", ""AWS"": ""contextual""}","Vivek Pillai
Professional Summary: DevOps professional with 12 years of experience at BluePeak Solutions and similar organizations.

Skills: GCP, Azure, Jenkins, CI/CD, Ansible, Terraform, Linux, docker , provisioned and managed cloud infrastructure on a major public cloud platform

Experience:
BluePeak Solutions — DevOps Role (12 yrs)
Worked extensively with GCP on production systems. Worked extensively with Azure on production systems. Worked extensively with Jenkins on production systems. Worked extensively with CI/CD on production systems. Worked extensively with Ansible on production systems. Worked extensively with Terraform on production systems. Worked extensively with Linux on production systems. Worked extensively with docker  on production systems. Provisioned and managed cloud infrastructure on a major public cloud platform.

Education: B.E. Electronics and Communication"
R0048,Neha Nair,Human Resources,9,"[""Onboarding"", ""Performance Management"", ""Recruitment"", ""Talent Acquisition"", ""Payroll"", ""HRIS""]","{""Onboarding"": ""exact"", ""Performance Management"": ""exact"", ""Recruitment"": ""contextual"", ""Talent Acquisition"": ""exact"", ""Payroll"": ""contextual"", ""HRIS"": ""exact""}","Neha Nair
Professional Summary: Human Resources professional with 9 years of experience at Nimbus Systems and similar organizations.

Skills: Onboarding, Performance Management, managed the full candidate sourcing and hiring lifecycle, Talent Acquisition, processed monthly employee compensation and statutory deductions, HRIS

Experience:
Nimbus Systems — Human Resources Role (9 yrs)
Worked extensively with Onboarding on production systems. Worked extensively with Performance Management on production systems. Managed the full candidate sourcing and hiring lifecycle. Worked extensively with Talent Acquisition on production systems. Processed monthly employee compensation and statutory deductions. Worked extensively with HRIS on production systems.

Education: PGDM HR"
R0049,Vikram Kapoor,Human Resources,4,"[""HRIS"", ""Labor Law"", ""Employee Relations"", ""Talent Acquisition"", ""Recruitment"", ""Performance Management""]","{""HRIS"": ""exact"", ""Labor Law"": ""exact"", ""Employee Relations"": ""exact"", ""Talent Acquisition"": ""exact"", ""Recruitment"": ""contextual"", ""Performance Management"": ""exact""}","Vikram Kapoor
Professional Summary: Human Resources professional with 4 years of experience at Verdant Analytics and similar organizations.

Skills: HRIS, Labor Law, Employee Relations, Talent Acquisition, managed the full candidate sourcing and hiring lifecycle, Performance Management

Experience:
Verdant Analytics — Human Resources Role (4 yrs)
Worked extensively with HRIS on production systems. Worked extensively with Labor Law on production systems. Worked extensively with Employee Relations on production systems. Worked extensively with Talent Acquisition on production systems. Managed the full candidate sourcing and hiring lifecycle. Worked extensively with Performance Management on production systems.

Education: B.A. Psychology"
R0050,Rohan Nair,Finance,12,"[""QuickBooks"", ""Financial Modeling"", ""Budgeting"", ""Financial Analysis"", ""Excel"", ""Accounting"", ""Auditing"", ""Forecasting"", ""SAP"", ""Risk Management"", ""Next.js"", ""REST API""]","{""QuickBooks"": ""exact"", ""Financial Modeling"": ""exact"", ""Budgeting"": ""exact"", ""Financial Analysis"": ""exact"", ""Excel"": ""exact"", ""Accounting"": ""exact"", ""Auditing"": ""exact"", ""Forecasting"": ""exact"", ""SAP"": ""fuzzy"", ""Risk Management"": ""exact"", ""Next.js"": ""exact"", ""REST API"": ""exact""}","Rohan Nair
Professional Summary: Finance professional with 12 years of experience at Trailhead Digital and similar organizations.

Skills: QuickBooks, Financial Modeling, Budgeting, Financial Analysis, Excel, Accounting, Auditing, Forecasting, S.A.P., Risk Management, Next.js, REST API

Experience:
Trailhead Digital — Finance Role (12 yrs)
Worked extensively with QuickBooks on production systems. Worked extensively with Financial Modeling on production systems. Worked extensively with Budgeting on production systems. Worked extensively with Financial Analysis on production systems. Worked extensively with Excel on production systems. Worked extensively with Accounting on production systems. Worked extensively with Auditing on production systems. Worked extensively with Forecasting on production systems. Worked extensively with S.A.P. on production systems. Worked extensively with Risk Management on production systems. Worked extensively with Next.js on production systems. Worked extensively with REST API on production systems.

Education: MBA Finance"
R0051,Ananya Kumar,Data Science,7,"[""PyTorch"", ""Statistics"", ""TensorFlow"", ""Natural Language Processing"", ""SQL"", ""Pandas"", ""Deep Learning"", ""Machine Learning""]","{""PyTorch"": ""fuzzy"", ""Statistics"": ""exact"", ""TensorFlow"": ""exact"", ""Natural Language Processing"": ""exact"", ""SQL"": ""contextual"", ""Pandas"": ""exact"", ""Deep Learning"": ""exact"", ""Machine Learning"": ""contextual""}","Ananya Kumar
Professional Summary: Data Science professional with 7 years of experience at Verdant Analytics and similar organizations.

Skills: Pytorch, Statistics, TensorFlow, Natural Language Processing, wrote complex queries to extract and join data from relational databases, Pandas, Deep Learning, built predictive models that learn patterns from historical data

Experience:
Verdant Analytics — Data Science Role (7 yrs)
Worked extensively with Pytorch on production systems. Worked extensively with Statistics on production systems. Worked extensively with TensorFlow on production systems. Worked extensively with Natural Language Processing on production systems. Wrote complex queries to extract and join data from relational databases. Worked extensively with Pandas on production systems. Worked extensively with Deep Learning on production systems. Built predictive models that learn patterns from historical data.

Education: M.Tech Data Science"
R0052,Amit Mehta,Web Development,9,"[""CSS"", ""TypeScript"", ""React"", ""JavaScript"", ""HTML"", ""Express.js"", ""MongoDB"", ""REST API""]","{""CSS"": ""exact"", ""TypeScript"": ""exact"", ""React"": ""contextual"", ""JavaScript"": ""exact"", ""HTML"": ""exact"", ""Express.js"": ""exact"", ""MongoDB"": ""exact"", ""REST API"": ""fuzzy""}","Amit Mehta
Professional Summary: Web Development professional with 9 years of experience at Novatrail Consulting and similar organizations.

Skills: CSS, TypeScript, built dynamic, component-based user interfaces for single-page applications, JavaScript, HTML, Express.js, MongoDB, REST-API

Experience:
Novatrail Consulting — Web Development Role (9 yrs)
Worked extensively with CSS on production systems. Worked extensively with TypeScript on production systems. Built dynamic, component-based user interfaces for single-page applications. Worked extensively with JavaScript on production systems. Worked extensively with HTML on production systems. Worked extensively with Express.js on production systems. Worked extensively with MongoDB on production systems. Worked extensively with REST-API on production systems.

Education: BCA"
R0053,Sanjay Singh,Human Resources,9,"[""HRIS"", ""Recruitment"", ""Payroll"", ""Performance Management"", ""Employee Relations"", ""Labor Law"", ""Onboarding"", ""Talent Acquisition"", ""Pandas"", ""TensorFlow""]","{""HRIS"": ""exact"", ""Recruitment"": ""contextual"", ""Payroll"": ""exact"", ""Performance Management"": ""exact"", ""Employee Relations"": ""exact"", ""Labor Law"": ""exact"", ""Onboarding"": ""exact"", ""Talent Acquisition"": ""exact"", ""Pandas"": ""exact"", ""TensorFlow"": ""exact""}","Sanjay Singh
Professional Summary: Human Resources professional with 9 years of experience at Verdant Analytics and similar organizations.

Skills: HRIS, managed the full candidate sourcing and hiring lifecycle, Payroll, Performance Management, Employee Relations, Labor Law, Onboarding, Talent Acquisition, Pandas, TensorFlow

Experience:
Verdant Analytics — Human Resources Role (9 yrs)
Worked extensively with HRIS on production systems. Managed the full candidate sourcing and hiring lifecycle. Worked extensively with Payroll on production systems. Worked extensively with Performance Management on production systems. Worked extensively with Employee Relations on production systems. Worked extensively with Labor Law on production systems. Worked extensively with Onboarding on production systems. Worked extensively with Talent Acquisition on production systems. Worked extensively with Pandas on production systems. Worked extensively with TensorFlow on production systems.

Education: B.A. Psychology"
R0054,Vivek Patel,Web Development,3,"[""React"", ""Node.js"", ""CSS"", ""Next.js"", ""REST API"", ""MongoDB"", ""TypeScript""]","{""React"": ""exact"", ""Node.js"": ""fuzzy"", ""CSS"": ""exact"", ""Next.js"": ""exact"", ""REST API"": ""fuzzy"", ""MongoDB"": ""exact"", ""TypeScript"": ""exact""}","Vivek Patel
Professional Summary: Web Development professional with 3 years of experience at Trailhead Digital and similar organizations.

Skills: React, Node, CSS, Next.js, REST-API, MongoDB, TypeScript

Experience:
Trailhead Digital — Web Development Role (3 yrs)
Worked extensively with React on production systems. Worked extensively with Node on production systems. Worked extensively with CSS on production systems. Worked extensively with Next.js on production systems. Worked extensively with REST-API on production systems. Worked extensively with MongoDB on production systems. Worked extensively with TypeScript on production systems.

Education: B.Sc Computer Science"
R0055,Neha Bhat,DevOps,2,"[""Ansible"", ""Kubernetes"", ""GCP"", ""CI/CD"", ""Terraform"", ""AWS"", ""Jenkins""]","{""Ansible"": ""exact"", ""Kubernetes"": ""exact"", ""GCP"": ""exact"", ""CI/CD"": ""exact"", ""Terraform"": ""exact"", ""AWS"": ""contextual"", ""Jenkins"": ""exact""}","Neha Bhat
Professional Summary: DevOps professional with 2 years of experience at Corestack Labs and similar organizations.

Skills: Ansible, Kubernetes, GCP, CI/CD, Terraform, provisioned and managed cloud infrastructure on a major public cloud platform, Jenkins

Experience:
Corestack Labs — DevOps Role (2 yrs)
Worked extensively with Ansible on production systems. Worked extensively with Kubernetes on production systems. Worked extensively with GCP on production systems. Worked extensively with CI/CD on production systems. Worked extensively with Terraform on production systems. Provisioned and managed cloud infrastructure on a major public cloud platform. Worked extensively with Jenkins on production systems.

Education: B.E. Electronics and Communication"
R0056,Priya Menon,Finance,2,"[""Auditing"", ""QuickBooks"", ""Financial Modeling"", ""SAP"", ""Budgeting"", ""Excel"", ""Accounting"", ""Risk Management"", ""Forecasting""]","{""Auditing"": ""exact"", ""QuickBooks"": ""exact"", ""Financial Modeling"": ""exact"", ""SAP"": ""fuzzy"", ""Budgeting"": ""exact"", ""Excel"": ""fuzzy"", ""Accounting"": ""exact"", ""Risk Management"": ""exact"", ""Forecasting"": ""exact""}","Priya Menon
Professional Summary: Finance professional with 2 years of experience at Quantwave Inc and similar organizations.

Skills: Auditing, QuickBooks, Financial Modeling, SAP , Budgeting, Micosoft Excel, Accounting, Risk Management, Forecasting

Experience:
Quantwave Inc — Finance Role (2 yrs)
Worked extensively with Auditing on production systems. Worked extensively with QuickBooks on production systems. Worked extensively with Financial Modeling on production systems. Worked extensively with SAP  on production systems. Worked extensively with Budgeting on production systems. Worked extensively with Micosoft Excel on production systems. Worked extensively with Accounting on production systems. Worked extensively with Risk Management on production systems. Worked extensively with Forecasting on production systems.

Education: M.Com"
R0057,Sanjay Nair,DevOps,6,"[""Docker"", ""Terraform"", ""Kubernetes"", ""AWS"", ""GCP"", ""Jenkins"", ""CI/CD"", ""Ansible"", ""Linux"", ""Azure""]","{""Docker"": ""exact"", ""Terraform"": ""exact"", ""Kubernetes"": ""exact"", ""AWS"": ""fuzzy"", ""GCP"": ""exact"", ""Jenkins"": ""exact"", ""CI/CD"": ""contextual"", ""Ansible"": ""exact"", ""Linux"": ""exact"", ""Azure"": ""exact""}","Sanjay Nair
Professional Summary: DevOps professional with 6 years of experience at Corestack Labs and similar organizations.

Skills: Docker, Terraform, Kubernetes, A.W.S., GCP, Jenkins, set up automated build and deployment pipelines triggered on every commit, Ansible, Linux, Azure

Experience:
Corestack Labs — DevOps Role (6 yrs)
Worked extensively with Docker on production systems. Worked extensively with Terraform on production systems. Worked extensively with Kubernetes on production systems. Worked extensively with A.W.S. on production systems. Worked extensively with GCP on production systems. Worked extensively with Jenkins on production systems. Set up automated build and deployment pipelines triggered on every commit. Worked extensively with Ansible on production systems. Worked extensively with Linux on production systems. Worked extensively with Azure on production systems.

Education: B.E. Electronics and Communication"
R0058,Divya Reddy,Human Resources,9,"[""Talent Acquisition"", ""Recruitment"", ""Employee Relations"", ""Labor Law"", ""Onboarding"", ""Performance Management"", ""Payroll"", ""HRIS"", ""Node.js"", ""React""]","{""Talent Acquisition"": ""exact"", ""Recruitment"": ""exact"", ""Employee Relations"": ""exact"", ""Labor Law"": ""exact"", ""Onboarding"": ""exact"", ""Performance Management"": ""exact"", ""Payroll"": ""exact"", ""HRIS"": ""exact"", ""Node.js"": ""fuzzy"", ""React"": ""fuzzy""}","Divya Reddy
Professional Summary: Human Resources professional with 9 years of experience at Novatrail Consulting and similar organizations.

Skills: Talent Acquisition, Recruitment, Employee Relations, Labor Law, Onboarding, Performance Management, Payroll, HRIS, NodeJS, ReactJS

Experience:
Novatrail Consulting — Human Resources Role (9 yrs)
Worked extensively with Talent Acquisition on production systems. Worked extensively with Recruitment on production systems. Worked extensively with Employee Relations on production systems. Worked extensively with Labor Law on production systems. Worked extensively with Onboarding on production systems. Worked extensively with Performance Management on production systems. Worked extensively with Payroll on production systems. Worked extensively with HRIS on production systems. Worked extensively with NodeJS on production systems. Worked extensively with ReactJS on production systems.

Education: PGDM HR"
R0059,Anjali Kapoor,Human Resources,4,"[""Payroll"", ""Labor Law"", ""HRIS"", ""Employee Relations"", ""Performance Management"", ""Recruitment"", ""Talent Acquisition"", ""Onboarding""]","{""Payroll"": ""contextual"", ""Labor Law"": ""exact"", ""HRIS"": ""exact"", ""Employee Relations"": ""exact"", ""Performance Management"": ""exact"", ""Recruitment"": ""exact"", ""Talent Acquisition"": ""exact"", ""Onboarding"": ""exact""}","Anjali Kapoor
Professional Summary: Human Resources professional with 4 years of experience at Quantwave Inc and similar organizations.

Skills: processed monthly employee compensation and statutory deductions, Labor Law, HRIS, Employee Relations, Performance Management, Recruitment, Talent Acquisition, Onboarding

Experience:
Quantwave Inc — Human Resources Role (4 yrs)
Processed monthly employee compensation and statutory deductions. Worked extensively with Labor Law on production systems. Worked extensively with HRIS on production systems. Worked extensively with Employee Relations on production systems. Worked extensively with Performance Management on production systems. Worked extensively with Recruitment on production systems. Worked extensively with Talent Acquisition on production systems. Worked extensively with Onboarding on production systems.

Education: PGDM HR"
R0060,Manish Reddy,Finance,5,"[""Budgeting"", ""Financial Modeling"", ""Auditing"", ""Risk Management"", ""Accounting"", ""Financial Analysis"", ""QuickBooks""]","{""Budgeting"": ""exact"", ""Financial Modeling"": ""contextual"", ""Auditing"": ""exact"", ""Risk Management"": ""exact"", ""Accounting"": ""exact"", ""Financial Analysis"": ""exact"", ""QuickBooks"": ""exact""}","Manish Reddy
Professional Summary: Finance professional with 5 years of experience at Verdant Analytics and similar organizations.

Skills: Budgeting, built spreadsheet models to forecast company revenue and cash flow, Auditing, Risk Management, Accounting, Financial Analysis, QuickBooks

Experience:
Verdant Analytics — Finance Role (5 yrs)
Worked extensively with Budgeting on production systems. Built spreadsheet models to forecast company revenue and cash flow. Worked extensively with Auditing on production systems. Worked extensively with Risk Management on production systems. Worked extensively with Accounting on production systems. Worked extensively with Financial Analysis on production systems. Worked extensively with QuickBooks on production systems.

Education: MBA Finance"
R0061,Rohan Kumar,DevOps,4,"[""Linux"", ""Docker"", ""GCP"", ""Jenkins"", ""AWS"", ""Kubernetes""]","{""Linux"": ""exact"", ""Docker"": ""contextual"", ""GCP"": ""exact"", ""Jenkins"": ""exact"", ""AWS"": ""exact"", ""Kubernetes"": ""exact""}","Rohan Kumar
Professional Summary: DevOps professional with 4 years of experience at Nimbus Systems and similar organizations.

Skills: Linux, packaged applications into portable, isolated containers for deployment, GCP, Jenkins, AWS, Kubernetes

Experience:
Nimbus Systems — DevOps Role (4 yrs)
Worked extensively with Linux on production systems. Packaged applications into portable, isolated containers for deployment. Worked extensively with GCP on production systems. Worked extensively with Jenkins on production systems. Worked extensively with AWS on production systems. Worked extensively with Kubernetes on production systems.

Education: B.E. Electronics and Communication"
R0062,Pooja Reddy,Human Resources,5,"[""Labor Law"", ""Payroll"", ""HRIS"", ""Recruitment"", ""Talent Acquisition"", ""Performance Management"", ""Onboarding"", ""Express.js"", ""Next.js""]","{""Labor Law"": ""exact"", ""Payroll"": ""exact"", ""HRIS"": ""fuzzy"", ""Recruitment"": ""exact"", ""Talent Acquisition"": ""exact"", ""Performance Management"": ""exact"", ""Onboarding"": ""exact"", ""Express.js"": ""exact"", ""Next.js"": ""exact""}","Pooja Reddy
Professional Summary: Human Resources professional with 5 years of experience at BluePeak Solutions and similar organizations.

Skills: Labor Law, Payroll, H.R.I.S., Recruitment, Talent Acquisition, Performance Management, Onboarding, Express.js, Next.js

Experience:
BluePeak Solutions — Human Resources Role (5 yrs)
Worked extensively with Labor Law on production systems. Worked extensively with Payroll on production systems. Worked extensively with H.R.I.S. on production systems. Worked extensively with Recruitment on production systems. Worked extensively with Talent Acquisition on production systems. Worked extensively with Performance Management on production systems. Worked extensively with Onboarding on production systems. Worked extensively with Express.js on production systems. Worked extensively with Next.js on production systems.

Education: B.A. Psychology"
R0063,Manish Kumar,Web Development,2,"[""REST API"", ""JavaScript"", ""TypeScript"", ""React"", ""CSS"", ""HTML"", ""Next.js"", ""Node.js""]","{""REST API"": ""exact"", ""JavaScript"": ""exact"", ""TypeScript"": ""fuzzy"", ""React"": ""contextual"", ""CSS"": ""exact"", ""HTML"": ""exact"", ""Next.js"": ""exact"", ""Node.js"": ""fuzzy""}","Manish Kumar
Professional Summary: Web Development professional with 2 years of experience at Novatrail Consulting and similar organizations.

Skills: REST API, JavaScript, TS, built dynamic, component-based user interfaces for single-page applications, CSS, HTML, Next.js, Node JS

Experience:
Novatrail Consulting — Web Development Role (2 yrs)
Worked extensively with REST API on production systems. Worked extensively with JavaScript on production systems. Worked extensively with TS on production systems. Built dynamic, component-based user interfaces for single-page applications. Worked extensively with CSS on production systems. Worked extensively with HTML on production systems. Worked extensively with Next.js on production systems. Worked extensively with Node JS on production systems.

Education: BCA"
R0064,Vivek Iyer,Data Science,11,"[""Pandas"", ""Statistics"", ""Machine Learning"", ""Scikit-learn"", ""Deep Learning"", ""Python"", ""PyTorch"", ""NumPy""]","{""Pandas"": ""exact"", ""Statistics"": ""exact"", ""Machine Learning"": ""exact"", ""Scikit-learn"": ""fuzzy"", ""Deep Learning"": ""exact"", ""Python"": ""exact"", ""PyTorch"": ""fuzzy"", ""NumPy"": ""exact""}","Vivek Iyer
Professional Summary: Data Science professional with 11 years of experience at Falconbyte and similar organizations.

Skills: Pandas, Statistics, Machine Learning, Scikit Learn, Deep Learning, Python, Py Torch, NumPy

Experience:
Falconbyte — Data Science Role (11 yrs)
Worked extensively with Pandas on production systems. Worked extensively with Statistics on production systems. Worked extensively with Machine Learning on production systems. Worked extensively with Scikit Learn on production systems. Worked extensively with Deep Learning on production systems. Worked extensively with Python on production systems. Worked extensively with Py Torch on production systems. Worked extensively with NumPy on production systems.

Education: B.Sc Statistics"
R0065,Shreya Menon,DevOps,7,"[""Linux"", ""Azure"", ""Ansible"", ""AWS"", ""Docker"", ""Kubernetes"", ""GCP"", ""Jenkins"", ""Terraform"", ""CI/CD"", ""Performance Management"", ""Payroll""]","{""Linux"": ""exact"", ""Azure"": ""exact"", ""Ansible"": ""exact"", ""AWS"": ""exact"", ""Docker"": ""contextual"", ""Kubernetes"": ""fuzzy"", ""GCP"": ""exact"", ""Jenkins"": ""exact"", ""Terraform"": ""exact"", ""CI/CD"": ""exact"", ""Performance Management"": ""exact"", ""Payroll"": ""exact""}","Shreya Menon
Professional Summary: DevOps professional with 7 years of experience at Quantwave Inc and similar organizations.

Skills: Linux, Azure, Ansible, AWS, packaged applications into portable, isolated containers for deployment, K8s, GCP, Jenkins, Terraform, CI/CD, Performance Management, Payroll

Experience:
Quantwave Inc — DevOps Role (7 yrs)
Worked extensively with Linux on production systems. Worked extensively with Azure on production systems. Worked extensively with Ansible on production systems. Worked extensively with AWS on production systems. Packaged applications into portable, isolated containers for deployment. Worked extensively with K8s on production systems. Worked extensively with GCP on production systems. Worked extensively with Jenkins on production systems. Worked extensively with Terraform on production systems. Worked extensively with CI/CD on production systems. Worked extensively with Performance Management on production systems. Worked extensively with Payroll on production systems.

Education: B.Tech Computer Science"
R0066,Swati Kumar,DevOps,10,"[""Ansible"", ""Linux"", ""AWS"", ""Terraform"", ""CI/CD"", ""GCP"", ""Azure"", ""Docker""]","{""Ansible"": ""exact"", ""Linux"": ""exact"", ""AWS"": ""exact"", ""Terraform"": ""exact"", ""CI/CD"": ""exact"", ""GCP"": ""exact"", ""Azure"": ""exact"", ""Docker"": ""exact""}","Swati Kumar
Professional Summary: DevOps professional with 10 years of experience at Meridian Softworks and similar organizations.

Skills: Ansible, Linux, AWS, Terraform, CI/CD, GCP, Azure, Docker

Experience:
Meridian Softworks — DevOps Role (10 yrs)
Worked extensively with Ansible on production systems. Worked extensively with Linux on production systems. Worked extensively with AWS on production systems. Worked extensively with Terraform on production systems. Worked extensively with CI/CD on production systems. Worked extensively with GCP on production systems. Worked extensively with Azure on production systems. Worked extensively with Docker on production systems.

Education: B.E. Electronics and Communication"
R0067,Neha Kumar,Data Science,7,"[""Data Visualization"", ""Statistics"", ""PyTorch"", ""Python"", ""Deep Learning"", ""SQL"", ""Machine Learning""]","{""Data Visualization"": ""contextual"", ""Statistics"": ""exact"", ""PyTorch"": ""exact"", ""Python"": ""exact"", ""Deep Learning"": ""contextual"", ""SQL"": ""fuzzy"", ""Machine Learning"": ""exact""}","Neha Kumar
Professional Summary: Data Science professional with 7 years of experience at Harborline Financial and similar organizations.

Skills: created dashboards and charts to communicate insights to stakeholders, Statistics, PyTorch, Python, trained multi-layer neural networks for pattern recognition tasks, Sql, Machine Learning

Experience:
Harborline Financial — Data Science Role (7 yrs)
Created dashboards and charts to communicate insights to stakeholders. Worked extensively with Statistics on production systems. Worked extensively with PyTorch on production systems. Worked extensively with Python on production systems. Trained multi-layer neural networks for pattern recognition tasks. Worked extensively with Sql on production systems. Worked extensively with Machine Learning on production systems.

Education: B.Tech Computer Science"
R0068,Meera Das,DevOps,12,"[""CI/CD"", ""Kubernetes"", ""Docker"", ""Terraform"", ""Azure"", ""GCP"", ""Jenkins"", ""AWS"", ""Labor Law"", ""Onboarding""]","{""CI/CD"": ""exact"", ""Kubernetes"": ""contextual"", ""Docker"": ""exact"", ""Terraform"": ""exact"", ""Azure"": ""exact"", ""GCP"": ""exact"", ""Jenkins"": ""exact"", ""AWS"": ""contextual"", ""Labor Law"": ""exact"", ""Onboarding"": ""exact""}","Meera Das
Professional Summary: DevOps professional with 12 years of experience at Falconbyte and similar organizations.

Skills: CI/CD, orchestrated containerized workloads across a distributed cluster, Docker, Terraform, Azure, GCP, Jenkins, provisioned and managed cloud infrastructure on a major public cloud platform, Labor Law, Onboarding

Experience:
Falconbyte — DevOps Role (12 yrs)
Worked extensively with CI/CD on production systems. Orchestrated containerized workloads across a distributed cluster. Worked extensively with Docker on production systems. Worked extensively with Terraform on production systems. Worked extensively with Azure on production systems. Worked extensively with GCP on production systems. Worked extensively with Jenkins on production systems. Provisioned and managed cloud infrastructure on a major public cloud platform. Worked extensively with Labor Law on production systems. Worked extensively with Onboarding on production systems.

Education: B.Tech Computer Science"
R0069,Anjali Nair,Data Science,4,"[""SQL"", ""NumPy"", ""Statistics"", ""Deep Learning"", ""Natural Language Processing"", ""TensorFlow"", ""PyTorch"", ""Data Visualization"", ""Machine Learning"", ""Python""]","{""SQL"": ""exact"", ""NumPy"": ""exact"", ""Statistics"": ""exact"", ""Deep Learning"": ""contextual"", ""Natural Language Processing"": ""exact"", ""TensorFlow"": ""exact"", ""PyTorch"": ""exact"", ""Data Visualization"": ""exact"", ""Machine Learning"": ""fuzzy"", ""Python"": ""exact""}","Anjali Nair
Professional Summary: Data Science professional with 4 years of experience at Falconbyte and similar organizations.

Skills: SQL, NumPy, Statistics, trained multi-layer neural networks for pattern recognition tasks, Natural Language Processing, TensorFlow, PyTorch, Data Visualization, Machine-Learning, Python

Experience:
Falconbyte — Data Science Role (4 yrs)
Worked extensively with SQL on production systems. Worked extensively with NumPy on production systems. Worked extensively with Statistics on production systems. Trained multi-layer neural networks for pattern recognition tasks. Worked extensively with Natural Language Processing on production systems. Worked extensively with TensorFlow on production systems. Worked extensively with PyTorch on production systems. Worked extensively with Data Visualization on production systems. Worked extensively with Machine-Learning on production systems. Worked extensively with Python on production systems.

Education: B.Tech Computer Science"
R0070,Nikhil Pillai,Human Resources,11,"[""Onboarding"", ""Labor Law"", ""Employee Relations"", ""Recruitment"", ""Payroll"", ""Performance Management"", ""Talent Acquisition"", ""HRIS""]","{""Onboarding"": ""exact"", ""Labor Law"": ""exact"", ""Employee Relations"": ""exact"", ""Recruitment"": ""contextual"", ""Payroll"": ""contextual"", ""Performance Management"": ""exact"", ""Talent Acquisition"": ""exact"", ""HRIS"": ""exact""}","Nikhil Pillai
Professional Summary: Human Resources professional with 11 years of experience at Harborline Financial and similar organizations.

Skills: Onboarding, Labor Law, Employee Relations, managed the full candidate sourcing and hiring lifecycle, processed monthly employee compensation and statutory deductions, Performance Management, Talent Acquisition, HRIS

Experience:
Harborline Financial — Human Resources Role (11 yrs)
Worked extensively with Onboarding on production systems. Worked extensively with Labor Law on production systems. Worked extensively with Employee Relations on production systems. Managed the full candidate sourcing and hiring lifecycle. Processed monthly employee compensation and statutory deductions. Worked extensively with Performance Management on production systems. Worked extensively with Talent Acquisition on production systems. Worked extensively with HRIS on production systems.

Education: MBA Human Resources"
R0071,Meera Pillai,Web Development,2,"[""Express.js"", ""CSS"", ""React"", ""Node.js"", ""MongoDB"", ""Next.js"", ""REST API"", ""JavaScript""]","{""Express.js"": ""exact"", ""CSS"": ""exact"", ""React"": ""exact"", ""Node.js"": ""fuzzy"", ""MongoDB"": ""exact"", ""Next.js"": ""exact"", ""REST API"": ""contextual"", ""JavaScript"": ""exact""}","Meera Pillai
Professional Summary: Web Development professional with 2 years of experience at Novatrail Consulting and similar organizations.

Skills: Express.js, CSS, React, Node, MongoDB, Next.js, designed and exposed HTTP endpoints for internal service communication, JavaScript

Experience:
Novatrail Consulting — Web Development Role (2 yrs)
Worked extensively with Express.js on production systems. Worked extensively with CSS on production systems. Worked extensively with React on production systems. Worked extensively with Node on production systems. Worked extensively with MongoDB on production systems. Worked extensively with Next.js on production systems. Designed and exposed http endpoints for internal service communication. Worked extensively with JavaScript on production systems.

Education: BCA"
R0072,Meera Sharma,Data Science,8,"[""Python"", ""Statistics"", ""Data Visualization"", ""NumPy"", ""Pandas"", ""TensorFlow""]","{""Python"": ""exact"", ""Statistics"": ""exact"", ""Data Visualization"": ""exact"", ""NumPy"": ""exact"", ""Pandas"": ""exact"", ""TensorFlow"": ""exact""}","Meera Sharma
Professional Summary: Data Science professional with 8 years of experience at Trailhead Digital and similar organizations.

Skills: Python, Statistics, Data Visualization, NumPy, Pandas, TensorFlow

Experience:
Trailhead Digital — Data Science Role (8 yrs)
Worked extensively with Python on production systems. Worked extensively with Statistics on production systems. Worked extensively with Data Visualization on production systems. Worked extensively with NumPy on production systems. Worked extensively with Pandas on production systems. Worked extensively with TensorFlow on production systems.

Education: B.Sc Statistics"
R0073,Vikram Rao,Data Science,12,"[""Deep Learning"", ""PyTorch"", ""TensorFlow"", ""Statistics"", ""SQL"", ""Machine Learning""]","{""Deep Learning"": ""contextual"", ""PyTorch"": ""exact"", ""TensorFlow"": ""exact"", ""Statistics"": ""exact"", ""SQL"": ""exact"", ""Machine Learning"": ""exact""}","Vikram Rao
Professional Summary: Data Science professional with 12 years of experience at Quantwave Inc and similar organizations.

Skills: trained multi-layer neural networks for pattern recognition tasks, PyTorch, TensorFlow, Statistics, SQL, Machine Learning

Experience:
Quantwave Inc — Data Science Role (12 yrs)
Trained multi-layer neural networks for pattern recognition tasks. Worked extensively with PyTorch on production systems. Worked extensively with TensorFlow on production systems. Worked extensively with Statistics on production systems. Worked extensively with SQL on production systems. Worked extensively with Machine Learning on production systems.

Education: B.Sc Statistics"
R0074,Pooja Mehta,Web Development,3,"[""React"", ""CSS"", ""MongoDB"", ""Next.js"", ""REST API"", ""JavaScript"", ""Express.js"", ""TypeScript"", ""Node.js""]","{""React"": ""fuzzy"", ""CSS"": ""exact"", ""MongoDB"": ""exact"", ""Next.js"": ""exact"", ""REST API"": ""exact"", ""JavaScript"": ""exact"", ""Express.js"": ""exact"", ""TypeScript"": ""exact"", ""Node.js"": ""exact""}","Pooja Mehta
Professional Summary: Web Development professional with 3 years of experience at Quantwave Inc and similar organizations.

Skills: ReactJS, CSS, MongoDB, Next.js, REST API, JavaScript, Express.js, TypeScript, Node.js

Experience:
Quantwave Inc — Web Development Role (3 yrs)
Worked extensively with ReactJS on production systems. Worked extensively with CSS on production systems. Worked extensively with MongoDB on production systems. Worked extensively with Next.js on production systems. Worked extensively with REST API on production systems. Worked extensively with JavaScript on production systems. Worked extensively with Express.js on production systems. Worked extensively with TypeScript on production systems. Worked extensively with Node.js on production systems.

Education: BCA"
R0075,Vikram Joshi,Web Development,12,"[""Next.js"", ""TypeScript"", ""JavaScript"", ""MongoDB"", ""Node.js"", ""HTML"", ""CSS"", ""Machine Learning"", ""TensorFlow""]","{""Next.js"": ""exact"", ""TypeScript"": ""exact"", ""JavaScript"": ""fuzzy"", ""MongoDB"": ""exact"", ""Node.js"": ""exact"", ""HTML"": ""exact"", ""CSS"": ""exact"", ""Machine Learning"": ""exact"", ""TensorFlow"": ""exact""}","Vikram Joshi
Professional Summary: Web Development professional with 12 years of experience at Quantwave Inc and similar organizations.

Skills: Next.js, TypeScript, Javascript, MongoDB, Node.js, HTML, CSS, Machine Learning, TensorFlow

Experience:
Quantwave Inc — Web Development Role (12 yrs)
Worked extensively with Next.js on production systems. Worked extensively with TypeScript on production systems. Worked extensively with Javascript on production systems. Worked extensively with MongoDB on production systems. Worked extensively with Node.js on production systems. Worked extensively with HTML on production systems. Worked extensively with CSS on production systems. Worked extensively with Machine Learning on production systems. Worked extensively with TensorFlow on production systems.

Education: B.Sc Computer Science"
R0076,Priya Verma,Finance,3,"[""Excel"", ""Accounting"", ""Financial Analysis"", ""SAP"", ""QuickBooks"", ""Forecasting"", ""Budgeting"", ""Financial Modeling"", ""Risk Management"", ""Auditing""]","{""Excel"": ""exact"", ""Accounting"": ""exact"", ""Financial Analysis"": ""exact"", ""SAP"": ""exact"", ""QuickBooks"": ""exact"", ""Forecasting"": ""exact"", ""Budgeting"": ""exact"", ""Financial Modeling"": ""exact"", ""Risk Management"": ""contextual"", ""Auditing"": ""exact""}","Priya Verma
Professional Summary: Finance professional with 3 years of experience at Sundial HR Group and similar organizations.

Skills: Excel, Accounting, Financial Analysis, SAP, QuickBooks, Forecasting, Budgeting, Financial Modeling, identified and mitigated operational and financial exposure for the business, Auditing

Experience:
Sundial HR Group — Finance Role (3 yrs)
Worked extensively with Excel on production systems. Worked extensively with Accounting on production systems. Worked extensively with Financial Analysis on production systems. Worked extensively with SAP on production systems. Worked extensively with QuickBooks on production systems. Worked extensively with Forecasting on production systems. Worked extensively with Budgeting on production systems. Worked extensively with Financial Modeling on production systems. Identified and mitigated operational and financial exposure for the business. Worked extensively with Auditing on production systems.

Education: B.Com"
R0077,Tanvi Reddy,Finance,7,"[""QuickBooks"", ""Financial Analysis"", ""Auditing"", ""Forecasting"", ""Budgeting"", ""Accounting"", ""SAP"", ""Financial Modeling""]","{""QuickBooks"": ""exact"", ""Financial Analysis"": ""exact"", ""Auditing"": ""exact"", ""Forecasting"": ""exact"", ""Budgeting"": ""exact"", ""Accounting"": ""exact"", ""SAP"": ""fuzzy"", ""Financial Modeling"": ""contextual""}","Tanvi Reddy
Professional Summary: Finance professional with 7 years of experience at Harborline Financial and similar organizations.

Skills: QuickBooks, Financial Analysis, Auditing, Forecasting, Budgeting, Accounting, S.A.P., built spreadsheet models to forecast company revenue and cash flow

Experience:
Harborline Financial — Finance Role (7 yrs)
Worked extensively with QuickBooks on production systems. Worked extensively with Financial Analysis on production systems. Worked extensively with Auditing on production systems. Worked extensively with Forecasting on production systems. Worked extensively with Budgeting on production systems. Worked extensively with Accounting on production systems. Worked extensively with S.A.P. on production systems. Built spreadsheet models to forecast company revenue and cash flow.

Education: B.Com"
R0078,Vikram Chatterjee,Finance,12,"[""Accounting"", ""QuickBooks"", ""Risk Management"", ""Excel"", ""Forecasting"", ""Auditing"", ""Financial Modeling"", ""Financial Analysis"", ""SAP"", ""Talent Acquisition"", ""Payroll""]","{""Accounting"": ""exact"", ""QuickBooks"": ""exact"", ""Risk Management"": ""exact"", ""Excel"": ""exact"", ""Forecasting"": ""exact"", ""Auditing"": ""exact"", ""Financial Modeling"": ""exact"", ""Financial Analysis"": ""exact"", ""SAP"": ""exact"", ""Talent Acquisition"": ""exact"", ""Payroll"": ""exact""}","Vikram Chatterjee
Professional Summary: Finance professional with 12 years of experience at BluePeak Solutions and similar organizations.

Skills: Accounting, QuickBooks, Risk Management, Excel, Forecasting, Auditing, Financial Modeling, Financial Analysis, SAP, Talent Acquisition, Payroll

Experience:
BluePeak Solutions — Finance Role (12 yrs)
Worked extensively with Accounting on production systems. Worked extensively with QuickBooks on production systems. Worked extensively with Risk Management on production systems. Worked extensively with Excel on production systems. Worked extensively with Forecasting on production systems. Worked extensively with Auditing on production systems. Worked extensively with Financial Modeling on production systems. Worked extensively with Financial Analysis on production systems. Worked extensively with SAP on production systems. Worked extensively with Talent Acquisition on production systems. Worked extensively with Payroll on production systems.

Education: B.Com"
R0079,Nikhil Das,Web Development,12,"[""Express.js"", ""TypeScript"", ""Next.js"", ""MongoDB"", ""REST API"", ""Node.js"", ""HTML"", ""JavaScript"", ""CSS"", ""Payroll"", ""Employee Relations""]","{""Express.js"": ""exact"", ""TypeScript"": ""exact"", ""Next.js"": ""exact"", ""MongoDB"": ""exact"", ""REST API"": ""fuzzy"", ""Node.js"": ""exact"", ""HTML"": ""exact"", ""JavaScript"": ""exact"", ""CSS"": ""exact"", ""Payroll"": ""exact"", ""Employee Relations"": ""exact""}","Nikhil Das
Professional Summary: Web Development professional with 12 years of experience at BluePeak Solutions and similar organizations.

Skills: Express.js, TypeScript, Next.js, MongoDB, Rest Apis, Node.js, HTML, JavaScript, CSS, Payroll, Employee Relations

Experience:
BluePeak Solutions — Web Development Role (12 yrs)
Worked extensively with Express.js on production systems. Worked extensively with TypeScript on production systems. Worked extensively with Next.js on production systems. Worked extensively with MongoDB on production systems. Worked extensively with Rest Apis on production systems. Worked extensively with Node.js on production systems. Worked extensively with HTML on production systems. Worked extensively with JavaScript on production systems. Worked extensively with CSS on production systems. Worked extensively with Payroll on production systems. Worked extensively with Employee Relations on production systems.

Education: BCA"
R0080,Ananya Chauhan,Web Development,12,"[""JavaScript"", ""CSS"", ""React"", ""Node.js"", ""HTML"", ""REST API"", ""TypeScript"", ""Next.js"", ""HRIS"", ""Onboarding""]","{""JavaScript"": ""exact"", ""CSS"": ""exact"", ""React"": ""exact"", ""Node.js"": ""fuzzy"", ""HTML"": ""exact"", ""REST API"": ""exact"", ""TypeScript"": ""exact"", ""Next.js"": ""exact"", ""HRIS"": ""exact"", ""Onboarding"": ""exact""}","Ananya Chauhan
Professional Summary: Web Development professional with 12 years of experience at Harborline Financial and similar organizations.

Skills: JavaScript, CSS, React, NodeJS, HTML, REST API, TypeScript, Next.js, HRIS, Onboarding

Experience:
Harborline Financial — Web Development Role (12 yrs)
Worked extensively with JavaScript on production systems. Worked extensively with CSS on production systems. Worked extensively with React on production systems. Worked extensively with NodeJS on production systems. Worked extensively with HTML on production systems. Worked extensively with REST API on production systems. Worked extensively with TypeScript on production systems. Worked extensively with Next.js on production systems. Worked extensively with HRIS on production systems. Worked extensively with Onboarding on production systems.

Education: B.Tech Information Technology"
R0081,Rohan Agarwal,Web Development,4,"[""MongoDB"", ""Next.js"", ""HTML"", ""REST API"", ""Node.js"", ""TypeScript"", ""CSS"", ""Express.js"", ""JavaScript""]","{""MongoDB"": ""fuzzy"", ""Next.js"": ""exact"", ""HTML"": ""exact"", ""REST API"": ""contextual"", ""Node.js"": ""exact"", ""TypeScript"": ""exact"", ""CSS"": ""exact"", ""Express.js"": ""exact"", ""JavaScript"": ""exact""}","Rohan Agarwal
Professional Summary: Web Development professional with 4 years of experience at Novatrail Consulting and similar organizations.

Skills: Mongo DB, Next.js, HTML, designed and exposed HTTP endpoints for internal service communication, Node.js, TypeScript, CSS, Express.js, JavaScript

Experience:
Novatrail Consulting — Web Development Role (4 yrs)
Worked extensively with Mongo DB on production systems. Worked extensively with Next.js on production systems. Worked extensively with HTML on production systems. Designed and exposed http endpoints for internal service communication. Worked extensively with Node.js on production systems. Worked extensively with TypeScript on production systems. Worked extensively with CSS on production systems. Worked extensively with Express.js on production systems. Worked extensively with JavaScript on production systems.

Education: BCA"
R0082,Riya Bhat,DevOps,8,"[""Docker"", ""Jenkins"", ""Kubernetes"", ""AWS"", ""Linux"", ""CI/CD""]","{""Docker"": ""exact"", ""Jenkins"": ""exact"", ""Kubernetes"": ""exact"", ""AWS"": ""fuzzy"", ""Linux"": ""exact"", ""CI/CD"": ""exact""}","Riya Bhat
Professional Summary: DevOps professional with 8 years of experience at Orbitline Technologies and similar organizations.

Skills: Docker, Jenkins, Kubernetes, A.W.S., Linux, CI/CD

Experience:
Orbitline Technologies — DevOps Role (8 yrs)
Worked extensively with Docker on production systems. Worked extensively with Jenkins on production systems. Worked extensively with Kubernetes on production systems. Worked extensively with A.W.S. on production systems. Worked extensively with Linux on production systems. Worked extensively with CI/CD on production systems.

Education: B.E. Electronics and Communication"
R0083,Aditya Reddy,DevOps,3,"[""GCP"", ""CI/CD"", ""AWS"", ""Jenkins"", ""Terraform"", ""Azure"", ""Linux"", ""Ansible""]","{""GCP"": ""exact"", ""CI/CD"": ""exact"", ""AWS"": ""exact"", ""Jenkins"": ""exact"", ""Terraform"": ""exact"", ""Azure"": ""exact"", ""Linux"": ""exact"", ""Ansible"": ""exact""}","Aditya Reddy
Professional Summary: DevOps professional with 3 years of experience at Orbitline Technologies and similar organizations.

Skills: GCP, CI/CD, AWS, Jenkins, Terraform, Azure, Linux, Ansible

Experience:
Orbitline Technologies — DevOps Role (3 yrs)
Worked extensively with GCP on production systems. Worked extensively with CI/CD on production systems. Worked extensively with AWS on production systems. Worked extensively with Jenkins on production systems. Worked extensively with Terraform on production systems. Worked extensively with Azure on production systems. Worked extensively with Linux on production systems. Worked extensively with Ansible on production systems.

Education: B.E. Electronics and Communication"
R0084,Manish Das,Data Science,12,"[""Statistics"", ""Scikit-learn"", ""Pandas"", ""Python"", ""Machine Learning"", ""Data Visualization"", ""Deep Learning"", ""PyTorch""]","{""Statistics"": ""exact"", ""Scikit-learn"": ""exact"", ""Pandas"": ""exact"", ""Python"": ""exact"", ""Machine Learning"": ""exact"", ""Data Visualization"": ""exact"", ""Deep Learning"": ""contextual"", ""PyTorch"": ""fuzzy""}","Manish Das
Professional Summary: Data Science professional with 12 years of experience at Verdant Analytics and similar organizations.

Skills: Statistics, Scikit-learn, Pandas, Python, Machine Learning, Data Visualization, trained multi-layer neural networks for pattern recognition tasks, Pytorch

Experience:
Verdant Analytics — Data Science Role (12 yrs)
Worked extensively with Statistics on production systems. Worked extensively with Scikit-learn on production systems. Worked extensively with Pandas on production systems. Worked extensively with Python on production systems. Worked extensively with Machine Learning on production systems. Worked extensively with Data Visualization on production systems. Trained multi-layer neural networks for pattern recognition tasks. Worked extensively with Pytorch on production systems.

Education: B.Sc Statistics"
R0085,Rajesh Bhat,Finance,4,"[""QuickBooks"", ""SAP"", ""Financial Analysis"", ""Forecasting"", ""Budgeting"", ""Financial Modeling"", ""Auditing"", ""Accounting"", ""Excel"", ""Python"", ""SQL""]","{""QuickBooks"": ""exact"", ""SAP"": ""exact"", ""Financial Analysis"": ""exact"", ""Forecasting"": ""exact"", ""Budgeting"": ""exact"", ""Financial Modeling"": ""contextual"", ""Auditing"": ""exact"", ""Accounting"": ""exact"", ""Excel"": ""exact"", ""Python"": ""exact"", ""SQL"": ""exact""}","Rajesh Bhat
Professional Summary: Finance professional with 4 years of experience at Harborline Financial and similar organizations.

Skills: QuickBooks, SAP, Financial Analysis, Forecasting, Budgeting, built spreadsheet models to forecast company revenue and cash flow, Auditing, Accounting, Excel, Python, SQL

Experience:
Harborline Financial — Finance Role (4 yrs)
Worked extensively with QuickBooks on production systems. Worked extensively with SAP on production systems. Worked extensively with Financial Analysis on production systems. Worked extensively with Forecasting on production systems. Worked extensively with Budgeting on production systems. Built spreadsheet models to forecast company revenue and cash flow. Worked extensively with Auditing on production systems. Worked extensively with Accounting on production systems. Worked extensively with Excel on production systems. Worked extensively with Python on production systems. Worked extensively with SQL on production systems.

Education: M.Com"
R0086,Sanjay Patel,Human Resources,1,"[""Recruitment"", ""HRIS"", ""Payroll"", ""Employee Relations"", ""Labor Law"", ""Onboarding"", ""Performance Management"", ""Talent Acquisition""]","{""Recruitment"": ""contextual"", ""HRIS"": ""exact"", ""Payroll"": ""exact"", ""Employee Relations"": ""exact"", ""Labor Law"": ""exact"", ""Onboarding"": ""exact"", ""Performance Management"": ""exact"", ""Talent Acquisition"": ""exact""}","Sanjay Patel
Professional Summary: Human Resources professional with 1 years of experience at Meridian Softworks and similar organizations.

Skills: managed the full candidate sourcing and hiring lifecycle, HRIS, Payroll, Employee Relations, Labor Law, Onboarding, Performance Management, Talent Acquisition

Experience:
Meridian Softworks — Human Resources Role (1 yrs)
Managed the full candidate sourcing and hiring lifecycle. Worked extensively with HRIS on production systems. Worked extensively with Payroll on production systems. Worked extensively with Employee Relations on production systems. Worked extensively with Labor Law on production systems. Worked extensively with Onboarding on production systems. Worked extensively with Performance Management on production systems. Worked extensively with Talent Acquisition on production systems.

Education: B.A. Psychology"
R0087,Neha Reddy,Web Development,3,"[""TypeScript"", ""REST API"", ""MongoDB"", ""Express.js"", ""HTML"", ""Next.js"", ""JavaScript"", ""Node.js"", ""CSS""]","{""TypeScript"": ""exact"", ""REST API"": ""fuzzy"", ""MongoDB"": ""exact"", ""Express.js"": ""exact"", ""HTML"": ""exact"", ""Next.js"": ""exact"", ""JavaScript"": ""fuzzy"", ""Node.js"": ""exact"", ""CSS"": ""exact""}","Neha Reddy
Professional Summary: Web Development professional with 3 years of experience at Novatrail Consulting and similar organizations.

Skills: TypeScript, RESTful API, MongoDB, Express.js, HTML, Next.js, JS, Node.js, CSS

Experience:
Novatrail Consulting — Web Development Role (3 yrs)
Worked extensively with TypeScript on production systems. Worked extensively with RESTful API on production systems. Worked extensively with MongoDB on production systems. Worked extensively with Express.js on production systems. Worked extensively with HTML on production systems. Worked extensively with Next.js on production systems. Worked extensively with JS on production systems. Worked extensively with Node.js on production systems. Worked extensively with CSS on production systems.

Education: B.Sc Computer Science"
R0088,Swati Sharma,Web Development,4,"[""TypeScript"", ""Node.js"", ""CSS"", ""React"", ""Next.js"", ""JavaScript"", ""MongoDB"", ""Express.js"", ""REST API""]","{""TypeScript"": ""exact"", ""Node.js"": ""exact"", ""CSS"": ""exact"", ""React"": ""fuzzy"", ""Next.js"": ""exact"", ""JavaScript"": ""exact"", ""MongoDB"": ""exact"", ""Express.js"": ""exact"", ""REST API"": ""fuzzy""}","Swati Sharma
Professional Summary: Web Development professional with 4 years of experience at BluePeak Solutions and similar organizations.

Skills: TypeScript, Node.js, CSS, ReactJS, Next.js, JavaScript, MongoDB, Express.js, RESTful API

Experience:
BluePeak Solutions — Web Development Role (4 yrs)
Worked extensively with TypeScript on production systems. Worked extensively with Node.js on production systems. Worked extensively with CSS on production systems. Worked extensively with ReactJS on production systems. Worked extensively with Next.js on production systems. Worked extensively with JavaScript on production systems. Worked extensively with MongoDB on production systems. Worked extensively with Express.js on production systems. Worked extensively with RESTful API on production systems.

Education: B.Tech Information Technology"
R0089,Arjun Verma,Web Development,9,"[""CSS"", ""HTML"", ""TypeScript"", ""Next.js"", ""REST API"", ""Node.js"", ""React"", ""Express.js"", ""JavaScript"", ""MongoDB""]","{""CSS"": ""exact"", ""HTML"": ""exact"", ""TypeScript"": ""exact"", ""Next.js"": ""exact"", ""REST API"": ""contextual"", ""Node.js"": ""contextual"", ""React"": ""fuzzy"", ""Express.js"": ""exact"", ""JavaScript"": ""exact"", ""MongoDB"": ""exact""}","Arjun Verma
Professional Summary: Web Development professional with 9 years of experience at Harborline Financial and similar organizations.

Skills: CSS, HTML, TypeScript, Next.js, designed and exposed HTTP endpoints for internal service communication, developed server-side applications using an event-driven JavaScript runtime, Reactjs, Express.js, JavaScript, MongoDB

Experience:
Harborline Financial — Web Development Role (9 yrs)
Worked extensively with CSS on production systems. Worked extensively with HTML on production systems. Worked extensively with TypeScript on production systems. Worked extensively with Next.js on production systems. Designed and exposed http endpoints for internal service communication. Developed server-side applications using an event-driven javascript runtime. Worked extensively with Reactjs on production systems. Worked extensively with Express.js on production systems. Worked extensively with JavaScript on production systems. Worked extensively with MongoDB on production systems.

Education: BCA"
R0090,Pooja Pillai,Human Resources,9,"[""Labor Law"", ""Onboarding"", ""Performance Management"", ""Employee Relations"", ""Talent Acquisition"", ""Payroll"", ""Recruitment""]","{""Labor Law"": ""exact"", ""Onboarding"": ""exact"", ""Performance Management"": ""exact"", ""Employee Relations"": ""exact"", ""Talent Acquisition"": ""exact"", ""Payroll"": ""exact"", ""Recruitment"": ""contextual""}","Pooja Pillai
Professional Summary: Human Resources professional with 9 years of experience at Orbitline Technologies and similar organizations.

Skills: Labor Law, Onboarding, Performance Management, Employee Relations, Talent Acquisition, Payroll, managed the full candidate sourcing and hiring lifecycle

Experience:
Orbitline Technologies — Human Resources Role (9 yrs)
Worked extensively with Labor Law on production systems. Worked extensively with Onboarding on production systems. Worked extensively with Performance Management on production systems. Worked extensively with Employee Relations on production systems. Worked extensively with Talent Acquisition on production systems. Worked extensively with Payroll on production systems. Managed the full candidate sourcing and hiring lifecycle.

Education: B.A. Psychology"
R0091,Sanjay Pillai,Web Development,4,"[""CSS"", ""REST API"", ""JavaScript"", ""Express.js"", ""MongoDB"", ""React""]","{""CSS"": ""exact"", ""REST API"": ""exact"", ""JavaScript"": ""exact"", ""Express.js"": ""exact"", ""MongoDB"": ""exact"", ""React"": ""contextual""}","Sanjay Pillai
Professional Summary: Web Development professional with 4 years of experience at Falconbyte and similar organizations.

Skills: CSS, REST API, JavaScript, Express.js, MongoDB, built dynamic, component-based user interfaces for single-page applications

Experience:
Falconbyte — Web Development Role (4 yrs)
Worked extensively with CSS on production systems. Worked extensively with REST API on production systems. Worked extensively with JavaScript on production systems. Worked extensively with Express.js on production systems. Worked extensively with MongoDB on production systems. Built dynamic, component-based user interfaces for single-page applications.

Education: B.Tech Information Technology"
R0092,Vivek Kumar,Data Science,5,"[""Pandas"", ""Data Visualization"", ""Natural Language Processing"", ""TensorFlow"", ""Statistics"", ""NumPy"", ""Deep Learning"", ""Scikit-learn"", ""PyTorch""]","{""Pandas"": ""exact"", ""Data Visualization"": ""exact"", ""Natural Language Processing"": ""exact"", ""TensorFlow"": ""exact"", ""Statistics"": ""exact"", ""NumPy"": ""exact"", ""Deep Learning"": ""contextual"", ""Scikit-learn"": ""exact"", ""PyTorch"": ""exact""}","Vivek Kumar
Professional Summary: Data Science professional with 5 years of experience at Corestack Labs and similar organizations.

Skills: Pandas, Data Visualization, Natural Language Processing, TensorFlow, Statistics, NumPy, trained multi-layer neural networks for pattern recognition tasks, Scikit-learn, PyTorch

Experience:
Corestack Labs — Data Science Role (5 yrs)
Worked extensively with Pandas on production systems. Worked extensively with Data Visualization on production systems. Worked extensively with Natural Language Processing on production systems. Worked extensively with TensorFlow on production systems. Worked extensively with Statistics on production systems. Worked extensively with NumPy on production systems. Trained multi-layer neural networks for pattern recognition tasks. Worked extensively with Scikit-learn on production systems. Worked extensively with PyTorch on production systems.

Education: M.Tech Data Science"
R0093,Aditya Agarwal,Finance,4,"[""Accounting"", ""Financial Modeling"", ""Budgeting"", ""Auditing"", ""Risk Management"", ""Forecasting"", ""SAP"", ""TypeScript"", ""HTML""]","{""Accounting"": ""exact"", ""Financial Modeling"": ""contextual"", ""Budgeting"": ""exact"", ""Auditing"": ""exact"", ""Risk Management"": ""contextual"", ""Forecasting"": ""exact"", ""SAP"": ""exact"", ""TypeScript"": ""exact"", ""HTML"": ""exact""}","Aditya Agarwal
Professional Summary: Finance professional with 4 years of experience at Falconbyte and similar organizations.

Skills: Accounting, built spreadsheet models to forecast company revenue and cash flow, Budgeting, Auditing, identified and mitigated operational and financial exposure for the business, Forecasting, SAP, TypeScript, HTML

Experience:
Falconbyte — Finance Role (4 yrs)
Worked extensively with Accounting on production systems. Built spreadsheet models to forecast company revenue and cash flow. Worked extensively with Budgeting on production systems. Worked extensively with Auditing on production systems. Identified and mitigated operational and financial exposure for the business. Worked extensively with Forecasting on production systems. Worked extensively with SAP on production systems. Worked extensively with TypeScript on production systems. Worked extensively with HTML on production systems.

Education: M.Com"
R0094,Rohan Verma,Web Development,1,"[""Express.js"", ""MongoDB"", ""Node.js"", ""CSS"", ""TypeScript"", ""JavaScript"", ""REST API""]","{""Express.js"": ""exact"", ""MongoDB"": ""exact"", ""Node.js"": ""fuzzy"", ""CSS"": ""exact"", ""TypeScript"": ""exact"", ""JavaScript"": ""exact"", ""REST API"": ""fuzzy""}","Rohan Verma
Professional Summary: Web Development professional with 1 years of experience at Meridian Softworks and similar organizations.

Skills: Express.js, MongoDB, NodeJS, CSS, TypeScript, JavaScript, REST-API

Experience:
Meridian Softworks — Web Development Role (1 yrs)
Worked extensively with Express.js on production systems. Worked extensively with MongoDB on production systems. Worked extensively with NodeJS on production systems. Worked extensively with CSS on production systems. Worked extensively with TypeScript on production systems. Worked extensively with JavaScript on production systems. Worked extensively with REST-API on production systems.

Education: B.Tech Information Technology"
R0095,Divya Sharma,Human Resources,9,"[""Recruitment"", ""Labor Law"", ""HRIS"", ""Talent Acquisition"", ""Payroll"", ""Performance Management"", ""Employee Relations"", ""Onboarding""]","{""Recruitment"": ""exact"", ""Labor Law"": ""exact"", ""HRIS"": ""exact"", ""Talent Acquisition"": ""exact"", ""Payroll"": ""exact"", ""Performance Management"": ""exact"", ""Employee Relations"": ""exact"", ""Onboarding"": ""exact""}","Divya Sharma
Professional Summary: Human Resources professional with 9 years of experience at Sundial HR Group and similar organizations.

Skills: Recruitment, Labor Law, HRIS, Talent Acquisition, Payroll, Performance Management, Employee Relations, Onboarding

Experience:
Sundial HR Group — Human Resources Role (9 yrs)
Worked extensively with Recruitment on production systems. Worked extensively with Labor Law on production systems. Worked extensively with HRIS on production systems. Worked extensively with Talent Acquisition on production systems. Worked extensively with Payroll on production systems. Worked extensively with Performance Management on production systems. Worked extensively with Employee Relations on production systems. Worked extensively with Onboarding on production systems.

Education: PGDM HR"
R0096,Nikhil Verma,DevOps,2,"[""Linux"", ""Kubernetes"", ""Terraform"", ""CI/CD"", ""GCP"", ""Jenkins"", ""Azure"", ""AWS"", ""Statistics"", ""Natural Language Processing""]","{""Linux"": ""exact"", ""Kubernetes"": ""exact"", ""Terraform"": ""exact"", ""CI/CD"": ""fuzzy"", ""GCP"": ""exact"", ""Jenkins"": ""exact"", ""Azure"": ""exact"", ""AWS"": ""fuzzy"", ""Statistics"": ""exact"", ""Natural Language Processing"": ""exact""}","Nikhil Verma
Professional Summary: DevOps professional with 2 years of experience at Meridian Softworks and similar organizations.

Skills: Linux, Kubernetes, Terraform, CICD, GCP, Jenkins, Azure, Amazon Web Services, Statistics, Natural Language Processing

Experience:
Meridian Softworks — DevOps Role (2 yrs)
Worked extensively with Linux on production systems. Worked extensively with Kubernetes on production systems. Worked extensively with Terraform on production systems. Worked extensively with CICD on production systems. Worked extensively with GCP on production systems. Worked extensively with Jenkins on production systems. Worked extensively with Azure on production systems. Worked extensively with Amazon Web Services on production systems. Worked extensively with Statistics on production systems. Worked extensively with Natural Language Processing on production systems.

Education: B.E. Electronics and Communication"
R0097,Sanjay Nair,Web Development,12,"[""Next.js"", ""MongoDB"", ""CSS"", ""JavaScript"", ""REST API"", ""Node.js"", ""TypeScript"", ""Recruitment"", ""Onboarding""]","{""Next.js"": ""exact"", ""MongoDB"": ""fuzzy"", ""CSS"": ""exact"", ""JavaScript"": ""exact"", ""REST API"": ""exact"", ""Node.js"": ""fuzzy"", ""TypeScript"": ""fuzzy"", ""Recruitment"": ""exact"", ""Onboarding"": ""exact""}","Sanjay Nair
Professional Summary: Web Development professional with 12 years of experience at Meridian Softworks and similar organizations.

Skills: Next.js, Mongodb, CSS, JavaScript, REST API, Node, TS, Recruitment, Onboarding

Experience:
Meridian Softworks — Web Development Role (12 yrs)
Worked extensively with Next.js on production systems. Worked extensively with Mongodb on production systems. Worked extensively with CSS on production systems. Worked extensively with JavaScript on production systems. Worked extensively with REST API on production systems. Worked extensively with Node on production systems. Worked extensively with TS on production systems. Worked extensively with Recruitment on production systems. Worked extensively with Onboarding on production systems.

Education: B.Tech Information Technology"
R0098,Siddharth Kapoor,Data Science,4,"[""Data Visualization"", ""Natural Language Processing"", ""Statistics"", ""TensorFlow"", ""Scikit-learn"", ""Python"", ""PyTorch"", ""Deep Learning""]","{""Data Visualization"": ""contextual"", ""Natural Language Processing"": ""exact"", ""Statistics"": ""exact"", ""TensorFlow"": ""fuzzy"", ""Scikit-learn"": ""fuzzy"", ""Python"": ""fuzzy"", ""PyTorch"": ""exact"", ""Deep Learning"": ""exact""}","Siddharth Kapoor
Professional Summary: Data Science professional with 4 years of experience at Quantwave Inc and similar organizations.

Skills: created dashboards and charts to communicate insights to stakeholders, Natural Language Processing, Statistics, Tensor Flow, Scikit Learn, Python , PyTorch, Deep Learning

Experience:
Quantwave Inc — Data Science Role (4 yrs)
Created dashboards and charts to communicate insights to stakeholders. Worked extensively with Natural Language Processing on production systems. Worked extensively with Statistics on production systems. Worked extensively with Tensor Flow on production systems. Worked extensively with Scikit Learn on production systems. Worked extensively with Python  on production systems. Worked extensively with PyTorch on production systems. Worked extensively with Deep Learning on production systems.

Education: B.Sc Statistics"
R0099,Nikhil Joshi,Human Resources,2,"[""Performance Management"", ""Employee Relations"", ""Labor Law"", ""Recruitment"", ""HRIS"", ""Payroll"", ""Onboarding""]","{""Performance Management"": ""exact"", ""Employee Relations"": ""exact"", ""Labor Law"": ""exact"", ""Recruitment"": ""exact"", ""HRIS"": ""exact"", ""Payroll"": ""exact"", ""Onboarding"": ""exact""}","Nikhil Joshi
Professional Summary: Human Resources professional with 2 years of experience at Orbitline Technologies and similar organizations.

Skills: Performance Management, Employee Relations, Labor Law, Recruitment, HRIS, Payroll, Onboarding

Experience:
Orbitline Technologies — Human Resources Role (2 yrs)
Worked extensively with Performance Management on production systems. Worked extensively with Employee Relations on production systems. Worked extensively with Labor Law on production systems. Worked extensively with Recruitment on production systems. Worked extensively with HRIS on production systems. Worked extensively with Payroll on production systems. Worked extensively with Onboarding on production systems.

Education: MBA Human Resources"
R0100,Tanvi Singh,Finance,3,"[""Risk Management"", ""Financial Modeling"", ""Budgeting"", ""SAP"", ""Financial Analysis"", ""QuickBooks"", ""Excel"", ""Accounting""]","{""Risk Management"": ""exact"", ""Financial Modeling"": ""exact"", ""Budgeting"": ""exact"", ""SAP"": ""exact"", ""Financial Analysis"": ""exact"", ""QuickBooks"": ""exact"", ""Excel"": ""exact"", ""Accounting"": ""exact""}","Tanvi Singh
Professional Summary: Finance professional with 3 years of experience at Orbitline Technologies and similar organizations.

Skills: Risk Management, Financial Modeling, Budgeting, SAP, Financial Analysis, QuickBooks, Excel, Accounting

Experience:
Orbitline Technologies — Finance Role (3 yrs)
Worked extensively with Risk Management on production systems. Worked extensively with Financial Modeling on production systems. Worked extensively with Budgeting on production systems. Worked extensively with SAP on production systems. Worked extensively with Financial Analysis on production systems. Worked extensively with QuickBooks on production systems. Worked extensively with Excel on production systems. Worked extensively with Accounting on production systems.

Education: B.Com"
R0101,Aditya Rao,Web Development,8,"[""Next.js"", ""HTML"", ""MongoDB"", ""JavaScript"", ""React"", ""Node.js"", ""REST API"", ""TypeScript"", ""CSS""]","{""Next.js"": ""exact"", ""HTML"": ""exact"", ""MongoDB"": ""exact"", ""JavaScript"": ""exact"", ""React"": ""exact"", ""Node.js"": ""contextual"", ""REST API"": ""exact"", ""TypeScript"": ""exact"", ""CSS"": ""exact""}","Aditya Rao
Professional Summary: Web Development professional with 8 years of experience at Quantwave Inc and similar organizations.

Skills: Next.js, HTML, MongoDB, JavaScript, React, developed server-side applications using an event-driven JavaScript runtime, REST API, TypeScript, CSS

Experience:
Quantwave Inc — Web Development Role (8 yrs)
Worked extensively with Next.js on production systems. Worked extensively with HTML on production systems. Worked extensively with MongoDB on production systems. Worked extensively with JavaScript on production systems. Worked extensively with React on production systems. Developed server-side applications using an event-driven javascript runtime. Worked extensively with REST API on production systems. Worked extensively with TypeScript on production systems. Worked extensively with CSS on production systems.

Education: B.Sc Computer Science"
R0102,Karan Agarwal,DevOps,9,"[""Ansible"", ""CI/CD"", ""Terraform"", ""Azure"", ""AWS"", ""Linux"", ""GCP"", ""Docker""]","{""Ansible"": ""exact"", ""CI/CD"": ""exact"", ""Terraform"": ""exact"", ""Azure"": ""exact"", ""AWS"": ""exact"", ""Linux"": ""exact"", ""GCP"": ""exact"", ""Docker"": ""fuzzy""}","Karan Agarwal
Professional Summary: DevOps professional with 9 years of experience at Orbitline Technologies and similar organizations.

Skills: Ansible, CI/CD, Terraform, Azure, AWS, Linux, GCP, docker 

Experience:
Orbitline Technologies — DevOps Role (9 yrs)
Worked extensively with Ansible on production systems. Worked extensively with CI/CD on production systems. Worked extensively with Terraform on production systems. Worked extensively with Azure on production systems. Worked extensively with AWS on production systems. Worked extensively with Linux on production systems. Worked extensively with GCP on production systems. Worked extensively with docker  on production systems.

Education: B.Tech Computer Science"
R0103,Meera Kapoor,Human Resources,10,"[""HRIS"", ""Onboarding"", ""Employee Relations"", ""Performance Management"", ""Payroll"", ""Labor Law"", ""Recruitment""]","{""HRIS"": ""exact"", ""Onboarding"": ""exact"", ""Employee Relations"": ""exact"", ""Performance Management"": ""exact"", ""Payroll"": ""contextual"", ""Labor Law"": ""exact"", ""Recruitment"": ""contextual""}","Meera Kapoor
Professional Summary: Human Resources professional with 10 years of experience at Meridian Softworks and similar organizations.

Skills: HRIS, Onboarding, Employee Relations, Performance Management, processed monthly employee compensation and statutory deductions, Labor Law, managed the full candidate sourcing and hiring lifecycle

Experience:
Meridian Softworks — Human Resources Role (10 yrs)
Worked extensively with HRIS on production systems. Worked extensively with Onboarding on production systems. Worked extensively with Employee Relations on production systems. Worked extensively with Performance Management on production systems. Processed monthly employee compensation and statutory deductions. Worked extensively with Labor Law on production systems. Managed the full candidate sourcing and hiring lifecycle.

Education: PGDM HR"
R0104,Rahul Chatterjee,Finance,2,"[""Excel"", ""Financial Analysis"", ""SAP"", ""Forecasting"", ""Risk Management"", ""Accounting"", ""QuickBooks"", ""Budgeting"", ""Financial Modeling"", ""Auditing""]","{""Excel"": ""exact"", ""Financial Analysis"": ""exact"", ""SAP"": ""exact"", ""Forecasting"": ""exact"", ""Risk Management"": ""contextual"", ""Accounting"": ""exact"", ""QuickBooks"": ""exact"", ""Budgeting"": ""exact"", ""Financial Modeling"": ""contextual"", ""Auditing"": ""exact""}","Rahul Chatterjee
Professional Summary: Finance professional with 2 years of experience at Nimbus Systems and similar organizations.

Skills: Excel, Financial Analysis, SAP, Forecasting, identified and mitigated operational and financial exposure for the business, Accounting, QuickBooks, Budgeting, built spreadsheet models to forecast company revenue and cash flow, Auditing

Experience:
Nimbus Systems — Finance Role (2 yrs)
Worked extensively with Excel on production systems. Worked extensively with Financial Analysis on production systems. Worked extensively with SAP on production systems. Worked extensively with Forecasting on production systems. Identified and mitigated operational and financial exposure for the business. Worked extensively with Accounting on production systems. Worked extensively with QuickBooks on production systems. Worked extensively with Budgeting on production systems. Built spreadsheet models to forecast company revenue and cash flow. Worked extensively with Auditing on production systems.

Education: MBA Finance"
R0105,Shreya Nair,DevOps,6,"[""Ansible"", ""Kubernetes"", ""Jenkins"", ""CI/CD"", ""Docker"", ""Terraform""]","{""Ansible"": ""exact"", ""Kubernetes"": ""exact"", ""Jenkins"": ""exact"", ""CI/CD"": ""exact"", ""Docker"": ""exact"", ""Terraform"": ""exact""}","Shreya Nair
Professional Summary: DevOps professional with 6 years of experience at Corestack Labs and similar organizations.

Skills: Ansible, Kubernetes, Jenkins, CI/CD, Docker, Terraform

Experience:
Corestack Labs — DevOps Role (6 yrs)
Worked extensively with Ansible on production systems. Worked extensively with Kubernetes on production systems. Worked extensively with Jenkins on production systems. Worked extensively with CI/CD on production systems. Worked extensively with Docker on production systems. Worked extensively with Terraform on production systems.

Education: B.E. Electronics and Communication"
R0106,Sneha Mehta,DevOps,9,"[""Jenkins"", ""Docker"", ""Kubernetes"", ""Azure"", ""AWS"", ""Linux""]","{""Jenkins"": ""exact"", ""Docker"": ""exact"", ""Kubernetes"": ""exact"", ""Azure"": ""exact"", ""AWS"": ""fuzzy"", ""Linux"": ""exact""}","Sneha Mehta
Professional Summary: DevOps professional with 9 years of experience at Orbitline Technologies and similar organizations.

Skills: Jenkins, Docker, Kubernetes, Azure, Amazon Web Services, Linux

Experience:
Orbitline Technologies — DevOps Role (9 yrs)
Worked extensively with Jenkins on production systems. Worked extensively with Docker on production systems. Worked extensively with Kubernetes on production systems. Worked extensively with Azure on production systems. Worked extensively with Amazon Web Services on production systems. Worked extensively with Linux on production systems.

Education: B.Tech Computer Science"
R0107,Nikhil Patel,Human Resources,10,"[""Recruitment"", ""Talent Acquisition"", ""HRIS"", ""Onboarding"", ""Payroll"", ""Employee Relations"", ""Performance Management"", ""Labor Law"", ""HTML"", ""CSS""]","{""Recruitment"": ""exact"", ""Talent Acquisition"": ""exact"", ""HRIS"": ""exact"", ""Onboarding"": ""exact"", ""Payroll"": ""contextual"", ""Employee Relations"": ""exact"", ""Performance Management"": ""exact"", ""Labor Law"": ""exact"", ""HTML"": ""exact"", ""CSS"": ""exact""}","Nikhil Patel
Professional Summary: Human Resources professional with 10 years of experience at Verdant Analytics and similar organizations.

Skills: Recruitment, Talent Acquisition, HRIS, Onboarding, processed monthly employee compensation and statutory deductions, Employee Relations, Performance Management, Labor Law, HTML, CSS

Experience:
Verdant Analytics — Human Resources Role (10 yrs)
Worked extensively with Recruitment on production systems. Worked extensively with Talent Acquisition on production systems. Worked extensively with HRIS on production systems. Worked extensively with Onboarding on production systems. Processed monthly employee compensation and statutory deductions. Worked extensively with Employee Relations on production systems. Worked extensively with Performance Management on production systems. Worked extensively with Labor Law on production systems. Worked extensively with HTML on production systems. Worked extensively with CSS on production systems.

Education: PGDM HR"
R0108,Neha Nair,DevOps,9,"[""Ansible"", ""AWS"", ""Jenkins"", ""GCP"", ""Linux"", ""Docker"", ""Kubernetes"", ""CI/CD"", ""Onboarding"", ""Labor Law""]","{""Ansible"": ""exact"", ""AWS"": ""fuzzy"", ""Jenkins"": ""exact"", ""GCP"": ""exact"", ""Linux"": ""exact"", ""Docker"": ""fuzzy"", ""Kubernetes"": ""fuzzy"", ""CI/CD"": ""exact"", ""Onboarding"": ""exact"", ""Labor Law"": ""exact""}","Neha Nair
Professional Summary: DevOps professional with 9 years of experience at Meridian Softworks and similar organizations.

Skills: Ansible, A.W.S., Jenkins, GCP, Linux, Dockers, Kubernets, CI/CD, Onboarding, Labor Law

Experience:
Meridian Softworks — DevOps Role (9 yrs)
Worked extensively with Ansible on production systems. Worked extensively with A.W.S. on production systems. Worked extensively with Jenkins on production systems. Worked extensively with GCP on production systems. Worked extensively with Linux on production systems. Worked extensively with Dockers on production systems. Worked extensively with Kubernets on production systems. Worked extensively with CI/CD on production systems. Worked extensively with Onboarding on production systems. Worked extensively with Labor Law on production systems.

Education: B.E. Electronics and Communication"
R0109,Manish Kapoor,Finance,7,"[""Forecasting"", ""Financial Modeling"", ""Auditing"", ""Excel"", ""Risk Management"", ""SAP""]","{""Forecasting"": ""exact"", ""Financial Modeling"": ""contextual"", ""Auditing"": ""exact"", ""Excel"": ""exact"", ""Risk Management"": ""exact"", ""SAP"": ""fuzzy""}","Manish Kapoor
Professional Summary: Finance professional with 7 years of experience at Trailhead Digital and similar organizations.

Skills: Forecasting, built spreadsheet models to forecast company revenue and cash flow, Auditing, Excel, Risk Management, SAP 

Experience:
Trailhead Digital — Finance Role (7 yrs)
Worked extensively with Forecasting on production systems. Built spreadsheet models to forecast company revenue and cash flow. Worked extensively with Auditing on production systems. Worked extensively with Excel on production systems. Worked extensively with Risk Management on production systems. Worked extensively with SAP  on production systems.

Education: B.Com"
R0110,Ananya Agarwal,Data Science,2,"[""Pandas"", ""SQL"", ""NumPy"", ""Deep Learning"", ""PyTorch"", ""Data Visualization"", ""Scikit-learn"", ""Natural Language Processing""]","{""Pandas"": ""exact"", ""SQL"": ""exact"", ""NumPy"": ""exact"", ""Deep Learning"": ""exact"", ""PyTorch"": ""fuzzy"", ""Data Visualization"": ""contextual"", ""Scikit-learn"": ""exact"", ""Natural Language Processing"": ""exact""}","Ananya Agarwal
Professional Summary: Data Science professional with 2 years of experience at Corestack Labs and similar organizations.

Skills: Pandas, SQL, NumPy, Deep Learning, Py Torch, created dashboards and charts to communicate insights to stakeholders, Scikit-learn, Natural Language Processing

Experience:
Corestack Labs — Data Science Role (2 yrs)
Worked extensively with Pandas on production systems. Worked extensively with SQL on production systems. Worked extensively with NumPy on production systems. Worked extensively with Deep Learning on production systems. Worked extensively with Py Torch on production systems. Created dashboards and charts to communicate insights to stakeholders. Worked extensively with Scikit-learn on production systems. Worked extensively with Natural Language Processing on production systems.

Education: B.Sc Statistics"
R0111,Meera Nair,Web Development,4,"[""JavaScript"", ""MongoDB"", ""CSS"", ""Node.js"", ""Next.js"", ""HTML"", ""TypeScript"", ""Express.js"", ""Performance Management"", ""Onboarding""]","{""JavaScript"": ""fuzzy"", ""MongoDB"": ""exact"", ""CSS"": ""exact"", ""Node.js"": ""exact"", ""Next.js"": ""exact"", ""HTML"": ""exact"", ""TypeScript"": ""exact"", ""Express.js"": ""exact"", ""Performance Management"": ""exact"", ""Onboarding"": ""exact""}","Meera Nair
Professional Summary: Web Development professional with 4 years of experience at BluePeak Solutions and similar organizations.

Skills: Java Script, MongoDB, CSS, Node.js, Next.js, HTML, TypeScript, Express.js, Performance Management, Onboarding

Experience:
BluePeak Solutions — Web Development Role (4 yrs)
Worked extensively with Java Script on production systems. Worked extensively with MongoDB on production systems. Worked extensively with CSS on production systems. Worked extensively with Node.js on production systems. Worked extensively with Next.js on production systems. Worked extensively with HTML on production systems. Worked extensively with TypeScript on production systems. Worked extensively with Express.js on production systems. Worked extensively with Performance Management on production systems. Worked extensively with Onboarding on production systems.

Education: B.Tech Information Technology"
R0112,Suresh Mehta,Data Science,11,"[""TensorFlow"", ""Python"", ""NumPy"", ""Deep Learning"", ""SQL"", ""Machine Learning"", ""Natural Language Processing""]","{""TensorFlow"": ""exact"", ""Python"": ""fuzzy"", ""NumPy"": ""exact"", ""Deep Learning"": ""exact"", ""SQL"": ""fuzzy"", ""Machine Learning"": ""exact"", ""Natural Language Processing"": ""exact""}","Suresh Mehta
Professional Summary: Data Science professional with 11 years of experience at Meridian Softworks and similar organizations.

Skills: TensorFlow, Python , NumPy, Deep Learning, SQl, Machine Learning, Natural Language Processing

Experience:
Meridian Softworks — Data Science Role (11 yrs)
Worked extensively with TensorFlow on production systems. Worked extensively with Python  on production systems. Worked extensively with NumPy on production systems. Worked extensively with Deep Learning on production systems. Worked extensively with SQl on production systems. Worked extensively with Machine Learning on production systems. Worked extensively with Natural Language Processing on production systems.

Education: M.Tech Data Science"
R0113,Anjali Pillai,DevOps,7,"[""Ansible"", ""Terraform"", ""Docker"", ""Linux"", ""Azure"", ""GCP"", ""CI/CD"", ""AWS"", ""Kubernetes""]","{""Ansible"": ""exact"", ""Terraform"": ""exact"", ""Docker"": ""exact"", ""Linux"": ""exact"", ""Azure"": ""exact"", ""GCP"": ""exact"", ""CI/CD"": ""contextual"", ""AWS"": ""fuzzy"", ""Kubernetes"": ""exact""}","Anjali Pillai
Professional Summary: DevOps professional with 7 years of experience at BluePeak Solutions and similar organizations.

Skills: Ansible, Terraform, Docker, Linux, Azure, GCP, set up automated build and deployment pipelines triggered on every commit, Amazon Web Services, Kubernetes

Experience:
BluePeak Solutions — DevOps Role (7 yrs)
Worked extensively with Ansible on production systems. Worked extensively with Terraform on production systems. Worked extensively with Docker on production systems. Worked extensively with Linux on production systems. Worked extensively with Azure on production systems. Worked extensively with GCP on production systems. Set up automated build and deployment pipelines triggered on every commit. Worked extensively with Amazon Web Services on production systems. Worked extensively with Kubernetes on production systems.

Education: B.E. Electronics and Communication"
R0114,Pooja Gupta,Human Resources,12,"[""Onboarding"", ""Performance Management"", ""Labor Law"", ""Payroll"", ""HRIS"", ""Recruitment""]","{""Onboarding"": ""exact"", ""Performance Management"": ""exact"", ""Labor Law"": ""exact"", ""Payroll"": ""exact"", ""HRIS"": ""exact"", ""Recruitment"": ""exact""}","Pooja Gupta
Professional Summary: Human Resources professional with 12 years of experience at Orbitline Technologies and similar organizations.

Skills: Onboarding, Performance Management, Labor Law, Payroll, HRIS, Recruitment

Experience:
Orbitline Technologies — Human Resources Role (12 yrs)
Worked extensively with Onboarding on production systems. Worked extensively with Performance Management on production systems. Worked extensively with Labor Law on production systems. Worked extensively with Payroll on production systems. Worked extensively with HRIS on production systems. Worked extensively with Recruitment on production systems.

Education: PGDM HR"
R0115,Aarav Gupta,Web Development,8,"[""REST API"", ""CSS"", ""HTML"", ""MongoDB"", ""TypeScript"", ""JavaScript""]","{""REST API"": ""fuzzy"", ""CSS"": ""exact"", ""HTML"": ""exact"", ""MongoDB"": ""fuzzy"", ""TypeScript"": ""exact"", ""JavaScript"": ""exact""}","Aarav Gupta
Professional Summary: Web Development professional with 8 years of experience at Verdant Analytics and similar organizations.

Skills: REST-API, CSS, HTML, Mongo DB, TypeScript, JavaScript

Experience:
Verdant Analytics — Web Development Role (8 yrs)
Worked extensively with REST-API on production systems. Worked extensively with CSS on production systems. Worked extensively with HTML on production systems. Worked extensively with Mongo DB on production systems. Worked extensively with TypeScript on production systems. Worked extensively with JavaScript on production systems.

Education: B.Tech Information Technology"
R0116,Vikram Singh,Web Development,3,"[""React"", ""HTML"", ""REST API"", ""JavaScript"", ""TypeScript"", ""MongoDB"", ""CSS"", ""Next.js"", ""Node.js""]","{""React"": ""exact"", ""HTML"": ""exact"", ""REST API"": ""exact"", ""JavaScript"": ""fuzzy"", ""TypeScript"": ""exact"", ""MongoDB"": ""exact"", ""CSS"": ""exact"", ""Next.js"": ""exact"", ""Node.js"": ""fuzzy""}","Vikram Singh
Professional Summary: Web Development professional with 3 years of experience at Trailhead Digital and similar organizations.

Skills: React, HTML, REST API, JS, TypeScript, MongoDB, CSS, Next.js, Node JS

Experience:
Trailhead Digital — Web Development Role (3 yrs)
Worked extensively with React on production systems. Worked extensively with HTML on production systems. Worked extensively with REST API on production systems. Worked extensively with JS on production systems. Worked extensively with TypeScript on production systems. Worked extensively with MongoDB on production systems. Worked extensively with CSS on production systems. Worked extensively with Next.js on production systems. Worked extensively with Node JS on production systems.

Education: BCA"
R0117,Pooja Rao,Web Development,3,"[""React"", ""Node.js"", ""Next.js"", ""CSS"", ""TypeScript"", ""HTML""]","{""React"": ""fuzzy"", ""Node.js"": ""fuzzy"", ""Next.js"": ""exact"", ""CSS"": ""exact"", ""TypeScript"": ""exact"", ""HTML"": ""exact""}","Pooja Rao
Professional Summary: Web Development professional with 3 years of experience at BluePeak Solutions and similar organizations.

Skills: ReactJS, Node, Next.js, CSS, TypeScript, HTML

Experience:
BluePeak Solutions — Web Development Role (3 yrs)
Worked extensively with ReactJS on production systems. Worked extensively with Node on production systems. Worked extensively with Next.js on production systems. Worked extensively with CSS on production systems. Worked extensively with TypeScript on production systems. Worked extensively with HTML on production systems.

Education: B.Sc Computer Science"
R0118,Anjali Mehta,DevOps,8,"[""Azure"", ""GCP"", ""CI/CD"", ""Terraform"", ""Ansible"", ""AWS"", ""Docker""]","{""Azure"": ""exact"", ""GCP"": ""exact"", ""CI/CD"": ""exact"", ""Terraform"": ""exact"", ""Ansible"": ""exact"", ""AWS"": ""exact"", ""Docker"": ""exact""}","Anjali Mehta
Professional Summary: DevOps professional with 8 years of experience at Meridian Softworks and similar organizations.

Skills: Azure, GCP, CI/CD, Terraform, Ansible, AWS, Docker

Experience:
Meridian Softworks — DevOps Role (8 yrs)
Worked extensively with Azure on production systems. Worked extensively with GCP on production systems. Worked extensively with CI/CD on production systems. Worked extensively with Terraform on production systems. Worked extensively with Ansible on production systems. Worked extensively with AWS on production systems. Worked extensively with Docker on production systems.

Education: B.Tech Computer Science"
R0119,Anjali Singh,Human Resources,9,"[""Performance Management"", ""Employee Relations"", ""HRIS"", ""Onboarding"", ""Payroll"", ""Recruitment"", ""Labor Law"", ""Talent Acquisition"", ""JavaScript"", ""Next.js""]","{""Performance Management"": ""exact"", ""Employee Relations"": ""exact"", ""HRIS"": ""exact"", ""Onboarding"": ""exact"", ""Payroll"": ""contextual"", ""Recruitment"": ""exact"", ""Labor Law"": ""exact"", ""Talent Acquisition"": ""exact"", ""JavaScript"": ""exact"", ""Next.js"": ""exact""}","Anjali Singh
Professional Summary: Human Resources professional with 9 years of experience at Corestack Labs and similar organizations.

Skills: Performance Management, Employee Relations, HRIS, Onboarding, processed monthly employee compensation and statutory deductions, Recruitment, Labor Law, Talent Acquisition, JavaScript, Next.js

Experience:
Corestack Labs — Human Resources Role (9 yrs)
Worked extensively with Performance Management on production systems. Worked extensively with Employee Relations on production systems. Worked extensively with HRIS on production systems. Worked extensively with Onboarding on production systems. Processed monthly employee compensation and statutory deductions. Worked extensively with Recruitment on production systems. Worked extensively with Labor Law on production systems. Worked extensively with Talent Acquisition on production systems. Worked extensively with JavaScript on production systems. Worked extensively with Next.js on production systems.

Education: PGDM HR"
R0120,Ananya Menon,Web Development,10,"[""TypeScript"", ""REST API"", ""React"", ""Node.js"", ""Next.js"", ""HTML"", ""MongoDB"", ""JavaScript"", ""Express.js"", ""CSS""]","{""TypeScript"": ""exact"", ""REST API"": ""fuzzy"", ""React"": ""exact"", ""Node.js"": ""exact"", ""Next.js"": ""exact"", ""HTML"": ""exact"", ""MongoDB"": ""exact"", ""JavaScript"": ""exact"", ""Express.js"": ""exact"", ""CSS"": ""exact""}","Ananya Menon
Professional Summary: Web Development professional with 10 years of experience at Harborline Financial and similar organizations.

Skills: TypeScript, REST-API, React, Node.js, Next.js, HTML, MongoDB, JavaScript, Express.js, CSS

Experience:
Harborline Financial — Web Development Role (10 yrs)
Worked extensively with TypeScript on production systems. Worked extensively with REST-API on production systems. Worked extensively with React on production systems. Worked extensively with Node.js on production systems. Worked extensively with Next.js on production systems. Worked extensively with HTML on production systems. Worked extensively with MongoDB on production systems. Worked extensively with JavaScript on production systems. Worked extensively with Express.js on production systems. Worked extensively with CSS on production systems.

Education: B.Tech Information Technology"
R0121,Arjun Bhat,DevOps,2,"[""Terraform"", ""AWS"", ""Jenkins"", ""GCP"", ""Docker"", ""Linux"", ""Azure""]","{""Terraform"": ""exact"", ""AWS"": ""exact"", ""Jenkins"": ""exact"", ""GCP"": ""exact"", ""Docker"": ""exact"", ""Linux"": ""exact"", ""Azure"": ""exact""}","Arjun Bhat
Professional Summary: DevOps professional with 2 years of experience at Corestack Labs and similar organizations.

Skills: Terraform, AWS, Jenkins, GCP, Docker, Linux, Azure

Experience:
Corestack Labs — DevOps Role (2 yrs)
Worked extensively with Terraform on production systems. Worked extensively with AWS on production systems. Worked extensively with Jenkins on production systems. Worked extensively with GCP on production systems. Worked extensively with Docker on production systems. Worked extensively with Linux on production systems. Worked extensively with Azure on production systems.

Education: B.Tech Computer Science"
R0122,Sneha Verma,Finance,9,"[""SAP"", ""QuickBooks"", ""Financial Modeling"", ""Auditing"", ""Risk Management"", ""Excel"", ""Linux"", ""AWS""]","{""SAP"": ""fuzzy"", ""QuickBooks"": ""exact"", ""Financial Modeling"": ""exact"", ""Auditing"": ""exact"", ""Risk Management"": ""exact"", ""Excel"": ""exact"", ""Linux"": ""exact"", ""AWS"": ""exact""}","Sneha Verma
Professional Summary: Finance professional with 9 years of experience at Sundial HR Group and similar organizations.

Skills: S.A.P., QuickBooks, Financial Modeling, Auditing, Risk Management, Excel, Linux, AWS

Experience:
Sundial HR Group — Finance Role (9 yrs)
Worked extensively with S.A.P. on production systems. Worked extensively with QuickBooks on production systems. Worked extensively with Financial Modeling on production systems. Worked extensively with Auditing on production systems. Worked extensively with Risk Management on production systems. Worked extensively with Excel on production systems. Worked extensively with Linux on production systems. Worked extensively with AWS on production systems.

Education: M.Com"
R0123,Divya Rao,Data Science,2,"[""Pandas"", ""SQL"", ""Python"", ""TensorFlow"", ""Machine Learning"", ""Natural Language Processing"", ""Deep Learning""]","{""Pandas"": ""exact"", ""SQL"": ""exact"", ""Python"": ""fuzzy"", ""TensorFlow"": ""fuzzy"", ""Machine Learning"": ""exact"", ""Natural Language Processing"": ""exact"", ""Deep Learning"": ""exact""}","Divya Rao
Professional Summary: Data Science professional with 2 years of experience at Novatrail Consulting and similar organizations.

Skills: Pandas, SQL, python3, Tensor Flow, Machine Learning, Natural Language Processing, Deep Learning

Experience:
Novatrail Consulting — Data Science Role (2 yrs)
Worked extensively with Pandas on production systems. Worked extensively with SQL on production systems. Worked extensively with python3 on production systems. Worked extensively with Tensor Flow on production systems. Worked extensively with Machine Learning on production systems. Worked extensively with Natural Language Processing on production systems. Worked extensively with Deep Learning on production systems.

Education: M.Tech Data Science"
R0124,Karan Bhat,Web Development,4,"[""HTML"", ""Node.js"", ""JavaScript"", ""Next.js"", ""MongoDB"", ""React"", ""Express.js"", ""REST API"", ""TypeScript"", ""CSS"", ""Budgeting"", ""Excel""]","{""HTML"": ""exact"", ""Node.js"": ""contextual"", ""JavaScript"": ""exact"", ""Next.js"": ""exact"", ""MongoDB"": ""exact"", ""React"": ""exact"", ""Express.js"": ""exact"", ""REST API"": ""exact"", ""TypeScript"": ""exact"", ""CSS"": ""exact"", ""Budgeting"": ""exact"", ""Excel"": ""fuzzy""}","Karan Bhat
Professional Summary: Web Development professional with 4 years of experience at Meridian Softworks and similar organizations.

Skills: HTML, developed server-side applications using an event-driven JavaScript runtime, JavaScript, Next.js, MongoDB, React, Express.js, REST API, TypeScript, CSS, Budgeting, MS Excel

Experience:
Meridian Softworks — Web Development Role (4 yrs)
Worked extensively with HTML on production systems. Developed server-side applications using an event-driven javascript runtime. Worked extensively with JavaScript on production systems. Worked extensively with Next.js on production systems. Worked extensively with MongoDB on production systems. Worked extensively with React on production systems. Worked extensively with Express.js on production systems. Worked extensively with REST API on production systems. Worked extensively with TypeScript on production systems. Worked extensively with CSS on production systems. Worked extensively with Budgeting on production systems. Worked extensively with MS Excel on production systems.

Education: B.Sc Computer Science"
R0125,Rahul Menon,Human Resources,5,"[""Recruitment"", ""Payroll"", ""Talent Acquisition"", ""Onboarding"", ""HRIS"", ""Performance Management"", ""Linux"", ""Terraform""]","{""Recruitment"": ""contextual"", ""Payroll"": ""exact"", ""Talent Acquisition"": ""exact"", ""Onboarding"": ""exact"", ""HRIS"": ""exact"", ""Performance Management"": ""exact"", ""Linux"": ""exact"", ""Terraform"": ""exact""}","Rahul Menon
Professional Summary: Human Resources professional with 5 years of experience at BluePeak Solutions and similar organizations.

Skills: managed the full candidate sourcing and hiring lifecycle, Payroll, Talent Acquisition, Onboarding, HRIS, Performance Management, Linux, Terraform

Experience:
BluePeak Solutions — Human Resources Role (5 yrs)
Managed the full candidate sourcing and hiring lifecycle. Worked extensively with Payroll on production systems. Worked extensively with Talent Acquisition on production systems. Worked extensively with Onboarding on production systems. Worked extensively with HRIS on production systems. Worked extensively with Performance Management on production systems. Worked extensively with Linux on production systems. Worked extensively with Terraform on production systems.

Education: MBA Human Resources"
R0126,Divya Chauhan,DevOps,1,"[""Ansible"", ""Jenkins"", ""GCP"", ""AWS"", ""Docker"", ""Terraform"", ""Kubernetes""]","{""Ansible"": ""exact"", ""Jenkins"": ""exact"", ""GCP"": ""exact"", ""AWS"": ""exact"", ""Docker"": ""exact"", ""Terraform"": ""exact"", ""Kubernetes"": ""contextual""}","Divya Chauhan
Professional Summary: DevOps professional with 1 years of experience at BluePeak Solutions and similar organizations.

Skills: Ansible, Jenkins, GCP, AWS, Docker, Terraform, orchestrated containerized workloads across a distributed cluster

Experience:
BluePeak Solutions — DevOps Role (1 yrs)
Worked extensively with Ansible on production systems. Worked extensively with Jenkins on production systems. Worked extensively with GCP on production systems. Worked extensively with AWS on production systems. Worked extensively with Docker on production systems. Worked extensively with Terraform on production systems. Orchestrated containerized workloads across a distributed cluster.

Education: B.E. Electronics and Communication"
R0127,Vikram Reddy,Web Development,1,"[""REST API"", ""MongoDB"", ""HTML"", ""JavaScript"", ""Express.js"", ""Next.js""]","{""REST API"": ""exact"", ""MongoDB"": ""exact"", ""HTML"": ""exact"", ""JavaScript"": ""fuzzy"", ""Express.js"": ""exact"", ""Next.js"": ""exact""}","Vikram Reddy
Professional Summary: Web Development professional with 1 years of experience at Nimbus Systems and similar organizations.

Skills: REST API, MongoDB, HTML, Java Script, Express.js, Next.js

Experience:
Nimbus Systems — Web Development Role (1 yrs)
Worked extensively with REST API on production systems. Worked extensively with MongoDB on production systems. Worked extensively with HTML on production systems. Worked extensively with Java Script on production systems. Worked extensively with Express.js on production systems. Worked extensively with Next.js on production systems.

Education: B.Tech Information Technology"
R0128,Rahul Reddy,Data Science,1,"[""Machine Learning"", ""Pandas"", ""PyTorch"", ""Deep Learning"", ""Natural Language Processing"", ""TensorFlow""]","{""Machine Learning"": ""exact"", ""Pandas"": ""exact"", ""PyTorch"": ""exact"", ""Deep Learning"": ""exact"", ""Natural Language Processing"": ""exact"", ""TensorFlow"": ""fuzzy""}","Rahul Reddy
Professional Summary: Data Science professional with 1 years of experience at Falconbyte and similar organizations.

Skills: Machine Learning, Pandas, PyTorch, Deep Learning, Natural Language Processing, Tensor Flow

Experience:
Falconbyte — Data Science Role (1 yrs)
Worked extensively with Machine Learning on production systems. Worked extensively with Pandas on production systems. Worked extensively with PyTorch on production systems. Worked extensively with Deep Learning on production systems. Worked extensively with Natural Language Processing on production systems. Worked extensively with Tensor Flow on production systems.

Education: B.Tech Computer Science"
R0129,Kavya Chatterjee,DevOps,9,"[""AWS"", ""Jenkins"", ""Azure"", ""CI/CD"", ""Kubernetes"", ""Docker"", ""Terraform""]","{""AWS"": ""exact"", ""Jenkins"": ""exact"", ""Azure"": ""exact"", ""CI/CD"": ""fuzzy"", ""Kubernetes"": ""fuzzy"", ""Docker"": ""fuzzy"", ""Terraform"": ""exact""}","Kavya Chatterjee
Professional Summary: DevOps professional with 9 years of experience at Falconbyte and similar organizations.

Skills: AWS, Jenkins, Azure, CICD, Kubernetes , docker , Terraform

Experience:
Falconbyte — DevOps Role (9 yrs)
Worked extensively with AWS on production systems. Worked extensively with Jenkins on production systems. Worked extensively with Azure on production systems. Worked extensively with CICD on production systems. Worked extensively with Kubernetes  on production systems. Worked extensively with docker  on production systems. Worked extensively with Terraform on production systems.

Education: B.Tech Computer Science"
R0130,Priya Kapoor,DevOps,9,"[""Azure"", ""Ansible"", ""Terraform"", ""Jenkins"", ""Linux"", ""AWS"", ""CI/CD"", ""Kubernetes"", ""Docker"", ""JavaScript"", ""CSS""]","{""Azure"": ""exact"", ""Ansible"": ""exact"", ""Terraform"": ""exact"", ""Jenkins"": ""exact"", ""Linux"": ""exact"", ""AWS"": ""contextual"", ""CI/CD"": ""exact"", ""Kubernetes"": ""contextual"", ""Docker"": ""exact"", ""JavaScript"": ""exact"", ""CSS"": ""exact""}","Priya Kapoor
Professional Summary: DevOps professional with 9 years of experience at Quantwave Inc and similar organizations.

Skills: Azure, Ansible, Terraform, Jenkins, Linux, provisioned and managed cloud infrastructure on a major public cloud platform, CI/CD, orchestrated containerized workloads across a distributed cluster, Docker, JavaScript, CSS

Experience:
Quantwave Inc — DevOps Role (9 yrs)
Worked extensively with Azure on production systems. Worked extensively with Ansible on production systems. Worked extensively with Terraform on production systems. Worked extensively with Jenkins on production systems. Worked extensively with Linux on production systems. Provisioned and managed cloud infrastructure on a major public cloud platform. Worked extensively with CI/CD on production systems. Orchestrated containerized workloads across a distributed cluster. Worked extensively with Docker on production systems. Worked extensively with JavaScript on production systems. Worked extensively with CSS on production systems.

Education: B.Tech Computer Science"
R0131,Neha Agarwal,DevOps,10,"[""AWS"", ""CI/CD"", ""Terraform"", ""Linux"", ""Ansible"", ""GCP"", ""Docker""]","{""AWS"": ""contextual"", ""CI/CD"": ""contextual"", ""Terraform"": ""exact"", ""Linux"": ""exact"", ""Ansible"": ""exact"", ""GCP"": ""exact"", ""Docker"": ""exact""}","Neha Agarwal
Professional Summary: DevOps professional with 10 years of experience at Orbitline Technologies and similar organizations.

Skills: provisioned and managed cloud infrastructure on a major public cloud platform, set up automated build and deployment pipelines triggered on every commit, Terraform, Linux, Ansible, GCP, Docker

Experience:
Orbitline Technologies — DevOps Role (10 yrs)
Provisioned and managed cloud infrastructure on a major public cloud platform. Set up automated build and deployment pipelines triggered on every commit. Worked extensively with Terraform on production systems. Worked extensively with Linux on production systems. Worked extensively with Ansible on production systems. Worked extensively with GCP on production systems. Worked extensively with Docker on production systems.

Education: B.Tech Computer Science"
R0132,Rahul Iyer,Finance,6,"[""Financial Modeling"", ""QuickBooks"", ""Auditing"", ""Financial Analysis"", ""Accounting"", ""Budgeting"", ""Excel""]","{""Financial Modeling"": ""exact"", ""QuickBooks"": ""exact"", ""Auditing"": ""exact"", ""Financial Analysis"": ""exact"", ""Accounting"": ""exact"", ""Budgeting"": ""exact"", ""Excel"": ""exact""}","Rahul Iyer
Professional Summary: Finance professional with 6 years of experience at Nimbus Systems and similar organizations.

Skills: Financial Modeling, QuickBooks, Auditing, Financial Analysis, Accounting, Budgeting, Excel

Experience:
Nimbus Systems — Finance Role (6 yrs)
Worked extensively with Financial Modeling on production systems. Worked extensively with QuickBooks on production systems. Worked extensively with Auditing on production systems. Worked extensively with Financial Analysis on production systems. Worked extensively with Accounting on production systems. Worked extensively with Budgeting on production systems. Worked extensively with Excel on production systems.

Education: MBA Finance"
R0133,Sneha Pillai,Human Resources,12,"[""Onboarding"", ""Employee Relations"", ""Performance Management"", ""Talent Acquisition"", ""Labor Law"", ""Recruitment"", ""Payroll"", ""HRIS""]","{""Onboarding"": ""exact"", ""Employee Relations"": ""exact"", ""Performance Management"": ""exact"", ""Talent Acquisition"": ""exact"", ""Labor Law"": ""exact"", ""Recruitment"": ""exact"", ""Payroll"": ""contextual"", ""HRIS"": ""exact""}","Sneha Pillai
Professional Summary: Human Resources professional with 12 years of experience at Harborline Financial and similar organizations.

Skills: Onboarding, Employee Relations, Performance Management, Talent Acquisition, Labor Law, Recruitment, processed monthly employee compensation and statutory deductions, HRIS

Experience:
Harborline Financial — Human Resources Role (12 yrs)
Worked extensively with Onboarding on production systems. Worked extensively with Employee Relations on production systems. Worked extensively with Performance Management on production systems. Worked extensively with Talent Acquisition on production systems. Worked extensively with Labor Law on production systems. Worked extensively with Recruitment on production systems. Processed monthly employee compensation and statutory deductions. Worked extensively with HRIS on production systems.

Education: B.A. Psychology"
R0134,Vikram Rao,Finance,12,"[""Financial Analysis"", ""Financial Modeling"", ""Accounting"", ""Budgeting"", ""Auditing"", ""Risk Management"", ""Excel"", ""Forecasting"", ""QuickBooks""]","{""Financial Analysis"": ""exact"", ""Financial Modeling"": ""exact"", ""Accounting"": ""exact"", ""Budgeting"": ""exact"", ""Auditing"": ""exact"", ""Risk Management"": ""contextual"", ""Excel"": ""fuzzy"", ""Forecasting"": ""exact"", ""QuickBooks"": ""exact""}","Vikram Rao
Professional Summary: Finance professional with 12 years of experience at Verdant Analytics and similar organizations.

Skills: Financial Analysis, Financial Modeling, Accounting, Budgeting, Auditing, identified and mitigated operational and financial exposure for the business, Micosoft Excel, Forecasting, QuickBooks

Experience:
Verdant Analytics — Finance Role (12 yrs)
Worked extensively with Financial Analysis on production systems. Worked extensively with Financial Modeling on production systems. Worked extensively with Accounting on production systems. Worked extensively with Budgeting on production systems. Worked extensively with Auditing on production systems. Identified and mitigated operational and financial exposure for the business. Worked extensively with Micosoft Excel on production systems. Worked extensively with Forecasting on production systems. Worked extensively with QuickBooks on production systems.

Education: MBA Finance"
R0135,Shreya Chatterjee,Web Development,3,"[""TypeScript"", ""CSS"", ""React"", ""Next.js"", ""JavaScript"", ""REST API""]","{""TypeScript"": ""exact"", ""CSS"": ""exact"", ""React"": ""exact"", ""Next.js"": ""exact"", ""JavaScript"": ""fuzzy"", ""REST API"": ""fuzzy""}","Shreya Chatterjee
Professional Summary: Web Development professional with 3 years of experience at Meridian Softworks and similar organizations.

Skills: TypeScript, CSS, React, Next.js, Java Script, REST-API

Experience:
Meridian Softworks — Web Development Role (3 yrs)
Worked extensively with TypeScript on production systems. Worked extensively with CSS on production systems. Worked extensively with React on production systems. Worked extensively with Next.js on production systems. Worked extensively with Java Script on production systems. Worked extensively with REST-API on production systems.

Education: B.Sc Computer Science"
R0136,Rohan Rao,Web Development,3,"[""MongoDB"", ""React"", ""JavaScript"", ""Node.js"", ""Next.js"", ""REST API"", ""CSS""]","{""MongoDB"": ""fuzzy"", ""React"": ""exact"", ""JavaScript"": ""exact"", ""Node.js"": ""contextual"", ""Next.js"": ""exact"", ""REST API"": ""exact"", ""CSS"": ""exact""}","Rohan Rao
Professional Summary: Web Development professional with 3 years of experience at Meridian Softworks and similar organizations.

Skills: Mongo DB, React, JavaScript, developed server-side applications using an event-driven JavaScript runtime, Next.js, REST API, CSS

Experience:
Meridian Softworks — Web Development Role (3 yrs)
Worked extensively with Mongo DB on production systems. Worked extensively with React on production systems. Worked extensively with JavaScript on production systems. Developed server-side applications using an event-driven javascript runtime. Worked extensively with Next.js on production systems. Worked extensively with REST API on production systems. Worked extensively with CSS on production systems.

Education: B.Tech Information Technology"
R0137,Divya Mehta,Finance,2,"[""Accounting"", ""Financial Modeling"", ""Excel"", ""Financial Analysis"", ""Auditing"", ""Forecasting"", ""SAP"", ""Risk Management"", ""Budgeting""]","{""Accounting"": ""exact"", ""Financial Modeling"": ""contextual"", ""Excel"": ""exact"", ""Financial Analysis"": ""exact"", ""Auditing"": ""exact"", ""Forecasting"": ""exact"", ""SAP"": ""fuzzy"", ""Risk Management"": ""exact"", ""Budgeting"": ""exact""}","Divya Mehta
Professional Summary: Finance professional with 2 years of experience at Nimbus Systems and similar organizations.

Skills: Accounting, built spreadsheet models to forecast company revenue and cash flow, Excel, Financial Analysis, Auditing, Forecasting, SAP , Risk Management, Budgeting

Experience:
Nimbus Systems — Finance Role (2 yrs)
Worked extensively with Accounting on production systems. Built spreadsheet models to forecast company revenue and cash flow. Worked extensively with Excel on production systems. Worked extensively with Financial Analysis on production systems. Worked extensively with Auditing on production systems. Worked extensively with Forecasting on production systems. Worked extensively with SAP  on production systems. Worked extensively with Risk Management on production systems. Worked extensively with Budgeting on production systems.

Education: B.Com"
R0138,Rajesh Singh,Web Development,6,"[""React"", ""MongoDB"", ""Next.js"", ""Node.js"", ""HTML"", ""TypeScript"", ""CSS"", ""REST API"", ""Accounting"", ""Forecasting""]","{""React"": ""exact"", ""MongoDB"": ""exact"", ""Next.js"": ""exact"", ""Node.js"": ""contextual"", ""HTML"": ""exact"", ""TypeScript"": ""exact"", ""CSS"": ""exact"", ""REST API"": ""exact"", ""Accounting"": ""exact"", ""Forecasting"": ""exact""}","Rajesh Singh
Professional Summary: Web Development professional with 6 years of experience at Orbitline Technologies and similar organizations.

Skills: React, MongoDB, Next.js, developed server-side applications using an event-driven JavaScript runtime, HTML, TypeScript, CSS, REST API, Accounting, Forecasting

Experience:
Orbitline Technologies — Web Development Role (6 yrs)
Worked extensively with React on production systems. Worked extensively with MongoDB on production systems. Worked extensively with Next.js on production systems. Developed server-side applications using an event-driven javascript runtime. Worked extensively with HTML on production systems. Worked extensively with TypeScript on production systems. Worked extensively with CSS on production systems. Worked extensively with REST API on production systems. Worked extensively with Accounting on production systems. Worked extensively with Forecasting on production systems.

Education: B.Sc Computer Science"
R0139,Rohan Singh,Human Resources,12,"[""Payroll"", ""HRIS"", ""Recruitment"", ""Labor Law"", ""Performance Management"", ""Employee Relations"", ""Onboarding"", ""Talent Acquisition""]","{""Payroll"": ""contextual"", ""HRIS"": ""exact"", ""Recruitment"": ""contextual"", ""Labor Law"": ""exact"", ""Performance Management"": ""exact"", ""Employee Relations"": ""exact"", ""Onboarding"": ""exact"", ""Talent Acquisition"": ""exact""}","Rohan Singh
Professional Summary: Human Resources professional with 12 years of experience at Nimbus Systems and similar organizations.

Skills: processed monthly employee compensation and statutory deductions, HRIS, managed the full candidate sourcing and hiring lifecycle, Labor Law, Performance Management, Employee Relations, Onboarding, Talent Acquisition

Experience:
Nimbus Systems — Human Resources Role (12 yrs)
Processed monthly employee compensation and statutory deductions. Worked extensively with HRIS on production systems. Managed the full candidate sourcing and hiring lifecycle. Worked extensively with Labor Law on production systems. Worked extensively with Performance Management on production systems. Worked extensively with Employee Relations on production systems. Worked extensively with Onboarding on production systems. Worked extensively with Talent Acquisition on production systems.

Education: PGDM HR"
R0140,Vivek Nair,Web Development,10,"[""HTML"", ""Node.js"", ""JavaScript"", ""Next.js"", ""MongoDB"", ""REST API"", ""React""]","{""HTML"": ""exact"", ""Node.js"": ""contextual"", ""JavaScript"": ""exact"", ""Next.js"": ""exact"", ""MongoDB"": ""exact"", ""REST API"": ""exact"", ""React"": ""exact""}","Vivek Nair
Professional Summary: Web Development professional with 10 years of experience at Corestack Labs and similar organizations.

Skills: HTML, developed server-side applications using an event-driven JavaScript runtime, JavaScript, Next.js, MongoDB, REST API, React

Experience:
Corestack Labs — Web Development Role (10 yrs)
Worked extensively with HTML on production systems. Developed server-side applications using an event-driven javascript runtime. Worked extensively with JavaScript on production systems. Worked extensively with Next.js on production systems. Worked extensively with MongoDB on production systems. Worked extensively with REST API on production systems. Worked extensively with React on production systems.

Education: B.Sc Computer Science"
R0141,Nikhil Reddy,Human Resources,2,"[""Performance Management"", ""Recruitment"", ""Payroll"", ""Onboarding"", ""HRIS"", ""Employee Relations""]","{""Performance Management"": ""exact"", ""Recruitment"": ""contextual"", ""Payroll"": ""contextual"", ""Onboarding"": ""exact"", ""HRIS"": ""exact"", ""Employee Relations"": ""exact""}","Nikhil Reddy
Professional Summary: Human Resources professional with 2 years of experience at Harborline Financial and similar organizations.

Skills: Performance Management, managed the full candidate sourcing and hiring lifecycle, processed monthly employee compensation and statutory deductions, Onboarding, HRIS, Employee Relations

Experience:
Harborline Financial — Human Resources Role (2 yrs)
Worked extensively with Performance Management on production systems. Managed the full candidate sourcing and hiring lifecycle. Processed monthly employee compensation and statutory deductions. Worked extensively with Onboarding on production systems. Worked extensively with HRIS on production systems. Worked extensively with Employee Relations on production systems.

Education: MBA Human Resources"
R0142,Priya Kapoor,Finance,5,"[""Auditing"", ""Financial Modeling"", ""Accounting"", ""Financial Analysis"", ""SAP"", ""Excel"", ""Forecasting"", ""QuickBooks"", ""Budgeting"", ""Risk Management""]","{""Auditing"": ""exact"", ""Financial Modeling"": ""contextual"", ""Accounting"": ""exact"", ""Financial Analysis"": ""exact"", ""SAP"": ""exact"", ""Excel"": ""fuzzy"", ""Forecasting"": ""exact"", ""QuickBooks"": ""exact"", ""Budgeting"": ""exact"", ""Risk Management"": ""contextual""}","Priya Kapoor
Professional Summary: Finance professional with 5 years of experience at Quantwave Inc and similar organizations.

Skills: Auditing, built spreadsheet models to forecast company revenue and cash flow, Accounting, Financial Analysis, SAP, MS Excel, Forecasting, QuickBooks, Budgeting, identified and mitigated operational and financial exposure for the business

Experience:
Quantwave Inc — Finance Role (5 yrs)
Worked extensively with Auditing on production systems. Built spreadsheet models to forecast company revenue and cash flow. Worked extensively with Accounting on production systems. Worked extensively with Financial Analysis on production systems. Worked extensively with SAP on production systems. Worked extensively with MS Excel on production systems. Worked extensively with Forecasting on production systems. Worked extensively with QuickBooks on production systems. Worked extensively with Budgeting on production systems. Identified and mitigated operational and financial exposure for the business.

Education: MBA Finance"
R0143,Manish Iyer,DevOps,2,"[""GCP"", ""Kubernetes"", ""CI/CD"", ""Ansible"", ""Azure"", ""Linux"", ""Jenkins"", ""AWS"", ""Terraform""]","{""GCP"": ""exact"", ""Kubernetes"": ""contextual"", ""CI/CD"": ""contextual"", ""Ansible"": ""exact"", ""Azure"": ""exact"", ""Linux"": ""exact"", ""Jenkins"": ""exact"", ""AWS"": ""exact"", ""Terraform"": ""exact""}","Manish Iyer
Professional Summary: DevOps professional with 2 years of experience at Corestack Labs and similar organizations.

Skills: GCP, orchestrated containerized workloads across a distributed cluster, set up automated build and deployment pipelines triggered on every commit, Ansible, Azure, Linux, Jenkins, AWS, Terraform

Experience:
Corestack Labs — DevOps Role (2 yrs)
Worked extensively with GCP on production systems. Orchestrated containerized workloads across a distributed cluster. Set up automated build and deployment pipelines triggered on every commit. Worked extensively with Ansible on production systems. Worked extensively with Azure on production systems. Worked extensively with Linux on production systems. Worked extensively with Jenkins on production systems. Worked extensively with AWS on production systems. Worked extensively with Terraform on production systems.

Education: B.E. Electronics and Communication"
R0144,Sneha Kapoor,DevOps,10,"[""Jenkins"", ""Terraform"", ""Ansible"", ""GCP"", ""CI/CD"", ""Docker"", ""Linux"", ""Financial Analysis"", ""Auditing""]","{""Jenkins"": ""exact"", ""Terraform"": ""exact"", ""Ansible"": ""exact"", ""GCP"": ""exact"", ""CI/CD"": ""exact"", ""Docker"": ""exact"", ""Linux"": ""exact"", ""Financial Analysis"": ""exact"", ""Auditing"": ""exact""}","Sneha Kapoor
Professional Summary: DevOps professional with 10 years of experience at Novatrail Consulting and similar organizations.

Skills: Jenkins, Terraform, Ansible, GCP, CI/CD, Docker, Linux, Financial Analysis, Auditing

Experience:
Novatrail Consulting — DevOps Role (10 yrs)
Worked extensively with Jenkins on production systems. Worked extensively with Terraform on production systems. Worked extensively with Ansible on production systems. Worked extensively with GCP on production systems. Worked extensively with CI/CD on production systems. Worked extensively with Docker on production systems. Worked extensively with Linux on production systems. Worked extensively with Financial Analysis on production systems. Worked extensively with Auditing on production systems.

Education: B.E. Electronics and Communication"
R0145,Nikhil Sharma,Web Development,8,"[""HTML"", ""Next.js"", ""CSS"", ""TypeScript"", ""Express.js"", ""MongoDB"", ""JavaScript""]","{""HTML"": ""exact"", ""Next.js"": ""exact"", ""CSS"": ""exact"", ""TypeScript"": ""fuzzy"", ""Express.js"": ""exact"", ""MongoDB"": ""fuzzy"", ""JavaScript"": ""exact""}","Nikhil Sharma
Professional Summary: Web Development professional with 8 years of experience at Orbitline Technologies and similar organizations.

Skills: HTML, Next.js, CSS, TS, Express.js, Mongodb, JavaScript

Experience:
Orbitline Technologies — Web Development Role (8 yrs)
Worked extensively with HTML on production systems. Worked extensively with Next.js on production systems. Worked extensively with CSS on production systems. Worked extensively with TS on production systems. Worked extensively with Express.js on production systems. Worked extensively with Mongodb on production systems. Worked extensively with JavaScript on production systems.

Education: BCA"
R0146,Divya Reddy,Human Resources,8,"[""Labor Law"", ""Employee Relations"", ""Onboarding"", ""Payroll"", ""Performance Management"", ""HRIS"", ""Talent Acquisition"", ""Recruitment"", ""Azure"", ""Jenkins""]","{""Labor Law"": ""exact"", ""Employee Relations"": ""exact"", ""Onboarding"": ""exact"", ""Payroll"": ""exact"", ""Performance Management"": ""exact"", ""HRIS"": ""exact"", ""Talent Acquisition"": ""exact"", ""Recruitment"": ""exact"", ""Azure"": ""exact"", ""Jenkins"": ""exact""}","Divya Reddy
Professional Summary: Human Resources professional with 8 years of experience at Verdant Analytics and similar organizations.

Skills: Labor Law, Employee Relations, Onboarding, Payroll, Performance Management, HRIS, Talent Acquisition, Recruitment, Azure, Jenkins

Experience:
Verdant Analytics — Human Resources Role (8 yrs)
Worked extensively with Labor Law on production systems. Worked extensively with Employee Relations on production systems. Worked extensively with Onboarding on production systems. Worked extensively with Payroll on production systems. Worked extensively with Performance Management on production systems. Worked extensively with HRIS on production systems. Worked extensively with Talent Acquisition on production systems. Worked extensively with Recruitment on production systems. Worked extensively with Azure on production systems. Worked extensively with Jenkins on production systems.

Education: B.A. Psychology"
R0147,Priya Agarwal,Finance,12,"[""Forecasting"", ""Accounting"", ""Financial Modeling"", ""Financial Analysis"", ""SAP"", ""QuickBooks"", ""Budgeting"", ""Excel"", ""Risk Management""]","{""Forecasting"": ""exact"", ""Accounting"": ""exact"", ""Financial Modeling"": ""contextual"", ""Financial Analysis"": ""exact"", ""SAP"": ""exact"", ""QuickBooks"": ""exact"", ""Budgeting"": ""exact"", ""Excel"": ""exact"", ""Risk Management"": ""exact""}","Priya Agarwal
Professional Summary: Finance professional with 12 years of experience at Harborline Financial and similar organizations.

Skills: Forecasting, Accounting, built spreadsheet models to forecast company revenue and cash flow, Financial Analysis, SAP, QuickBooks, Budgeting, Excel, Risk Management

Experience:
Harborline Financial — Finance Role (12 yrs)
Worked extensively with Forecasting on production systems. Worked extensively with Accounting on production systems. Built spreadsheet models to forecast company revenue and cash flow. Worked extensively with Financial Analysis on production systems. Worked extensively with SAP on production systems. Worked extensively with QuickBooks on production systems. Worked extensively with Budgeting on production systems. Worked extensively with Excel on production systems. Worked extensively with Risk Management on production systems.

Education: MBA Finance"
R0148,Rajesh Rao,Finance,11,"[""Budgeting"", ""Excel"", ""Auditing"", ""QuickBooks"", ""Forecasting"", ""Accounting"", ""Risk Management""]","{""Budgeting"": ""exact"", ""Excel"": ""fuzzy"", ""Auditing"": ""exact"", ""QuickBooks"": ""exact"", ""Forecasting"": ""exact"", ""Accounting"": ""exact"", ""Risk Management"": ""exact""}","Rajesh Rao
Professional Summary: Finance professional with 11 years of experience at Verdant Analytics and similar organizations.

Skills: Budgeting, Micosoft Excel, Auditing, QuickBooks, Forecasting, Accounting, Risk Management

Experience:
Verdant Analytics — Finance Role (11 yrs)
Worked extensively with Budgeting on production systems. Worked extensively with Micosoft Excel on production systems. Worked extensively with Auditing on production systems. Worked extensively with QuickBooks on production systems. Worked extensively with Forecasting on production systems. Worked extensively with Accounting on production systems. Worked extensively with Risk Management on production systems.

Education: MBA Finance"
R0149,Pooja Verma,Data Science,3,"[""Python"", ""Statistics"", ""Data Visualization"", ""Machine Learning"", ""PyTorch"", ""SQL"", ""NumPy"", ""Natural Language Processing"", ""Pandas""]","{""Python"": ""exact"", ""Statistics"": ""exact"", ""Data Visualization"": ""contextual"", ""Machine Learning"": ""contextual"", ""PyTorch"": ""exact"", ""SQL"": ""contextual"", ""NumPy"": ""exact"", ""Natural Language Processing"": ""exact"", ""Pandas"": ""exact""}","Pooja Verma
Professional Summary: Data Science professional with 3 years of experience at Orbitline Technologies and similar organizations.

Skills: Python, Statistics, created dashboards and charts to communicate insights to stakeholders, built predictive models that learn patterns from historical data, PyTorch, wrote complex queries to extract and join data from relational databases, NumPy, Natural Language Processing, Pandas

Experience:
Orbitline Technologies — Data Science Role (3 yrs)
Worked extensively with Python on production systems. Worked extensively with Statistics on production systems. Created dashboards and charts to communicate insights to stakeholders. Built predictive models that learn patterns from historical data. Worked extensively with PyTorch on production systems. Wrote complex queries to extract and join data from relational databases. Worked extensively with NumPy on production systems. Worked extensively with Natural Language Processing on production systems. Worked extensively with Pandas on production systems.

Education: B.Tech Computer Science"
R0150,Nikhil Patel,Web Development,3,"[""JavaScript"", ""Next.js"", ""MongoDB"", ""Node.js"", ""React"", ""TypeScript"", ""CSS"", ""HTML""]","{""JavaScript"": ""fuzzy"", ""Next.js"": ""exact"", ""MongoDB"": ""exact"", ""Node.js"": ""exact"", ""React"": ""exact"", ""TypeScript"": ""fuzzy"", ""CSS"": ""exact"", ""HTML"": ""exact""}","Nikhil Patel
Professional Summary: Web Development professional with 3 years of experience at Harborline Financial and similar organizations.

Skills: JS, Next.js, MongoDB, Node.js, React, Typescript, CSS, HTML

Experience:
Harborline Financial — Web Development Role (3 yrs)
Worked extensively with JS on production systems. Worked extensively with Next.js on production systems. Worked extensively with MongoDB on production systems. Worked extensively with Node.js on production systems. Worked extensively with React on production systems. Worked extensively with Typescript on production systems. Worked extensively with CSS on production systems. Worked extensively with HTML on production systems.

Education: B.Sc Computer Science"
R0151,Rohan Verma,Finance,5,"[""Financial Modeling"", ""Financial Analysis"", ""SAP"", ""Excel"", ""Forecasting"", ""Accounting"", ""Budgeting"", ""HRIS"", ""Onboarding""]","{""Financial Modeling"": ""contextual"", ""Financial Analysis"": ""exact"", ""SAP"": ""exact"", ""Excel"": ""exact"", ""Forecasting"": ""exact"", ""Accounting"": ""exact"", ""Budgeting"": ""exact"", ""HRIS"": ""exact"", ""Onboarding"": ""exact""}","Rohan Verma
Professional Summary: Finance professional with 5 years of experience at Corestack Labs and similar organizations.

Skills: built spreadsheet models to forecast company revenue and cash flow, Financial Analysis, SAP, Excel, Forecasting, Accounting, Budgeting, HRIS, Onboarding

Experience:
Corestack Labs — Finance Role (5 yrs)
Built spreadsheet models to forecast company revenue and cash flow. Worked extensively with Financial Analysis on production systems. Worked extensively with SAP on production systems. Worked extensively with Excel on production systems. Worked extensively with Forecasting on production systems. Worked extensively with Accounting on production systems. Worked extensively with Budgeting on production systems. Worked extensively with HRIS on production systems. Worked extensively with Onboarding on production systems.

Education: B.Com"
R0152,Amit Verma,Human Resources,7,"[""Payroll"", ""Onboarding"", ""Talent Acquisition"", ""Performance Management"", ""HRIS"", ""Employee Relations"", ""React"", ""TypeScript""]","{""Payroll"": ""contextual"", ""Onboarding"": ""exact"", ""Talent Acquisition"": ""exact"", ""Performance Management"": ""exact"", ""HRIS"": ""exact"", ""Employee Relations"": ""exact"", ""React"": ""exact"", ""TypeScript"": ""exact""}","Amit Verma
Professional Summary: Human Resources professional with 7 years of experience at Trailhead Digital and similar organizations.

Skills: processed monthly employee compensation and statutory deductions, Onboarding, Talent Acquisition, Performance Management, HRIS, Employee Relations, React, TypeScript

Experience:
Trailhead Digital — Human Resources Role (7 yrs)
Processed monthly employee compensation and statutory deductions. Worked extensively with Onboarding on production systems. Worked extensively with Talent Acquisition on production systems. Worked extensively with Performance Management on production systems. Worked extensively with HRIS on production systems. Worked extensively with Employee Relations on production systems. Worked extensively with React on production systems. Worked extensively with TypeScript on production systems.

Education: B.A. Psychology"
R0153,Ananya Bhat,Human Resources,5,"[""Onboarding"", ""HRIS"", ""Employee Relations"", ""Payroll"", ""Labor Law"", ""Recruitment"", ""Talent Acquisition"", ""Performance Management""]","{""Onboarding"": ""exact"", ""HRIS"": ""exact"", ""Employee Relations"": ""exact"", ""Payroll"": ""exact"", ""Labor Law"": ""exact"", ""Recruitment"": ""exact"", ""Talent Acquisition"": ""exact"", ""Performance Management"": ""exact""}","Ananya Bhat
Professional Summary: Human Resources professional with 5 years of experience at Harborline Financial and similar organizations.

Skills: Onboarding, HRIS, Employee Relations, Payroll, Labor Law, Recruitment, Talent Acquisition, Performance Management

Experience:
Harborline Financial — Human Resources Role (5 yrs)
Worked extensively with Onboarding on production systems. Worked extensively with HRIS on production systems. Worked extensively with Employee Relations on production systems. Worked extensively with Payroll on production systems. Worked extensively with Labor Law on production systems. Worked extensively with Recruitment on production systems. Worked extensively with Talent Acquisition on production systems. Worked extensively with Performance Management on production systems.

Education: PGDM HR"
R0154,Swati Kapoor,Finance,6,"[""Budgeting"", ""QuickBooks"", ""SAP"", ""Accounting"", ""Forecasting"", ""Auditing"", ""Risk Management"", ""Payroll"", ""Talent Acquisition""]","{""Budgeting"": ""exact"", ""QuickBooks"": ""exact"", ""SAP"": ""exact"", ""Accounting"": ""exact"", ""Forecasting"": ""exact"", ""Auditing"": ""exact"", ""Risk Management"": ""contextual"", ""Payroll"": ""exact"", ""Talent Acquisition"": ""exact""}","Swati Kapoor
Professional Summary: Finance professional with 6 years of experience at BluePeak Solutions and similar organizations.

Skills: Budgeting, QuickBooks, SAP, Accounting, Forecasting, Auditing, identified and mitigated operational and financial exposure for the business, Payroll, Talent Acquisition

Experience:
BluePeak Solutions — Finance Role (6 yrs)
Worked extensively with Budgeting on production systems. Worked extensively with QuickBooks on production systems. Worked extensively with SAP on production systems. Worked extensively with Accounting on production systems. Worked extensively with Forecasting on production systems. Worked extensively with Auditing on production systems. Identified and mitigated operational and financial exposure for the business. Worked extensively with Payroll on production systems. Worked extensively with Talent Acquisition on production systems.

Education: MBA Finance"
R0155,Deepa Das,DevOps,6,"[""Ansible"", ""Jenkins"", ""Azure"", ""CI/CD"", ""Docker"", ""Terraform"", ""Kubernetes""]","{""Ansible"": ""exact"", ""Jenkins"": ""exact"", ""Azure"": ""exact"", ""CI/CD"": ""contextual"", ""Docker"": ""exact"", ""Terraform"": ""exact"", ""Kubernetes"": ""fuzzy""}","Deepa Das
Professional Summary: DevOps professional with 6 years of experience at Trailhead Digital and similar organizations.

Skills: Ansible, Jenkins, Azure, set up automated build and deployment pipelines triggered on every commit, Docker, Terraform, Kubernets

Experience:
Trailhead Digital — DevOps Role (6 yrs)
Worked extensively with Ansible on production systems. Worked extensively with Jenkins on production systems. Worked extensively with Azure on production systems. Set up automated build and deployment pipelines triggered on every commit. Worked extensively with Docker on production systems. Worked extensively with Terraform on production systems. Worked extensively with Kubernets on production systems.

Education: B.E. Electronics and Communication"
R0156,Arjun Singh,DevOps,12,"[""GCP"", ""Jenkins"", ""Kubernetes"", ""AWS"", ""Linux"", ""Ansible"", ""Docker"", ""Azure"", ""Terraform""]","{""GCP"": ""exact"", ""Jenkins"": ""exact"", ""Kubernetes"": ""exact"", ""AWS"": ""fuzzy"", ""Linux"": ""exact"", ""Ansible"": ""exact"", ""Docker"": ""exact"", ""Azure"": ""exact"", ""Terraform"": ""exact""}","Arjun Singh
Professional Summary: DevOps professional with 12 years of experience at Falconbyte and similar organizations.

Skills: GCP, Jenkins, Kubernetes, Amazon Web Services, Linux, Ansible, Docker, Azure, Terraform

Experience:
Falconbyte — DevOps Role (12 yrs)
Worked extensively with GCP on production systems. Worked extensively with Jenkins on production systems. Worked extensively with Kubernetes on production systems. Worked extensively with Amazon Web Services on production systems. Worked extensively with Linux on production systems. Worked extensively with Ansible on production systems. Worked extensively with Docker on production systems. Worked extensively with Azure on production systems. Worked extensively with Terraform on production systems.

Education: B.E. Electronics and Communication"
R0157,Siddharth Verma,Finance,2,"[""Accounting"", ""Risk Management"", ""Forecasting"", ""Budgeting"", ""Financial Modeling"", ""Excel"", ""SAP"", ""QuickBooks"", ""Auditing""]","{""Accounting"": ""exact"", ""Risk Management"": ""contextual"", ""Forecasting"": ""exact"", ""Budgeting"": ""exact"", ""Financial Modeling"": ""contextual"", ""Excel"": ""fuzzy"", ""SAP"": ""exact"", ""QuickBooks"": ""exact"", ""Auditing"": ""exact""}","Siddharth Verma
Professional Summary: Finance professional with 2 years of experience at Corestack Labs and similar organizations.

Skills: Accounting, identified and mitigated operational and financial exposure for the business, Forecasting, Budgeting, built spreadsheet models to forecast company revenue and cash flow, Micosoft Excel, SAP, QuickBooks, Auditing

Experience:
Corestack Labs — Finance Role (2 yrs)
Worked extensively with Accounting on production systems. Identified and mitigated operational and financial exposure for the business. Worked extensively with Forecasting on production systems. Worked extensively with Budgeting on production systems. Built spreadsheet models to forecast company revenue and cash flow. Worked extensively with Micosoft Excel on production systems. Worked extensively with SAP on production systems. Worked extensively with QuickBooks on production systems. Worked extensively with Auditing on production systems.

Education: M.Com"
R0158,Deepa Kapoor,Human Resources,3,"[""Labor Law"", ""Employee Relations"", ""Talent Acquisition"", ""Payroll"", ""Onboarding"", ""Performance Management"", ""Recruitment"", ""Express.js"", ""MongoDB""]","{""Labor Law"": ""exact"", ""Employee Relations"": ""exact"", ""Talent Acquisition"": ""exact"", ""Payroll"": ""exact"", ""Onboarding"": ""exact"", ""Performance Management"": ""exact"", ""Recruitment"": ""contextual"", ""Express.js"": ""exact"", ""MongoDB"": ""exact""}","Deepa Kapoor
Professional Summary: Human Resources professional with 3 years of experience at Verdant Analytics and similar organizations.

Skills: Labor Law, Employee Relations, Talent Acquisition, Payroll, Onboarding, Performance Management, managed the full candidate sourcing and hiring lifecycle, Express.js, MongoDB

Experience:
Verdant Analytics — Human Resources Role (3 yrs)
Worked extensively with Labor Law on production systems. Worked extensively with Employee Relations on production systems. Worked extensively with Talent Acquisition on production systems. Worked extensively with Payroll on production systems. Worked extensively with Onboarding on production systems. Worked extensively with Performance Management on production systems. Managed the full candidate sourcing and hiring lifecycle. Worked extensively with Express.js on production systems. Worked extensively with MongoDB on production systems.

Education: B.A. Psychology"
R0159,Riya Pillai,Finance,1,"[""Excel"", ""Auditing"", ""QuickBooks"", ""Accounting"", ""Financial Modeling"", ""SAP"", ""Forecasting"", ""Budgeting"", ""Financial Analysis""]","{""Excel"": ""exact"", ""Auditing"": ""exact"", ""QuickBooks"": ""exact"", ""Accounting"": ""exact"", ""Financial Modeling"": ""contextual"", ""SAP"": ""exact"", ""Forecasting"": ""exact"", ""Budgeting"": ""exact"", ""Financial Analysis"": ""exact""}","Riya Pillai
Professional Summary: Finance professional with 1 years of experience at Verdant Analytics and similar organizations.

Skills: Excel, Auditing, QuickBooks, Accounting, built spreadsheet models to forecast company revenue and cash flow, SAP, Forecasting, Budgeting, Financial Analysis

Experience:
Verdant Analytics — Finance Role (1 yrs)
Worked extensively with Excel on production systems. Worked extensively with Auditing on production systems. Worked extensively with QuickBooks on production systems. Worked extensively with Accounting on production systems. Built spreadsheet models to forecast company revenue and cash flow. Worked extensively with SAP on production systems. Worked extensively with Forecasting on production systems. Worked extensively with Budgeting on production systems. Worked extensively with Financial Analysis on production systems.

Education: M.Com"
R0160,Manish Kumar,Human Resources,12,"[""Labor Law"", ""Talent Acquisition"", ""Performance Management"", ""Employee Relations"", ""Payroll"", ""Recruitment"", ""HRIS"", ""Onboarding"", ""Jenkins"", ""Azure""]","{""Labor Law"": ""exact"", ""Talent Acquisition"": ""exact"", ""Performance Management"": ""exact"", ""Employee Relations"": ""exact"", ""Payroll"": ""exact"", ""Recruitment"": ""exact"", ""HRIS"": ""exact"", ""Onboarding"": ""exact"", ""Jenkins"": ""exact"", ""Azure"": ""exact""}","Manish Kumar
Professional Summary: Human Resources professional with 12 years of experience at Verdant Analytics and similar organizations.

Skills: Labor Law, Talent Acquisition, Performance Management, Employee Relations, Payroll, Recruitment, HRIS, Onboarding, Jenkins, Azure

Experience:
Verdant Analytics — Human Resources Role (12 yrs)
Worked extensively with Labor Law on production systems. Worked extensively with Talent Acquisition on production systems. Worked extensively with Performance Management on production systems. Worked extensively with Employee Relations on production systems. Worked extensively with Payroll on production systems. Worked extensively with Recruitment on production systems. Worked extensively with HRIS on production systems. Worked extensively with Onboarding on production systems. Worked extensively with Jenkins on production systems. Worked extensively with Azure on production systems.

Education: MBA Human Resources"
R0161,Sanjay Bhat,Web Development,3,"[""React"", ""REST API"", ""JavaScript"", ""TypeScript"", ""Express.js"", ""CSS"", ""MongoDB"", ""Next.js""]","{""React"": ""exact"", ""REST API"": ""exact"", ""JavaScript"": ""exact"", ""TypeScript"": ""exact"", ""Express.js"": ""exact"", ""CSS"": ""exact"", ""MongoDB"": ""exact"", ""Next.js"": ""exact""}","Sanjay Bhat
Professional Summary: Web Development professional with 3 years of experience at Falconbyte and similar organizations.

Skills: React, REST API, JavaScript, TypeScript, Express.js, CSS, MongoDB, Next.js

Experience:
Falconbyte — Web Development Role (3 yrs)
Worked extensively with React on production systems. Worked extensively with REST API on production systems. Worked extensively with JavaScript on production systems. Worked extensively with TypeScript on production systems. Worked extensively with Express.js on production systems. Worked extensively with CSS on production systems. Worked extensively with MongoDB on production systems. Worked extensively with Next.js on production systems.

Education: B.Tech Information Technology"
R0162,Aditya Chatterjee,Finance,10,"[""Accounting"", ""Excel"", ""Risk Management"", ""Forecasting"", ""Budgeting"", ""Auditing"", ""Financial Analysis""]","{""Accounting"": ""exact"", ""Excel"": ""exact"", ""Risk Management"": ""contextual"", ""Forecasting"": ""exact"", ""Budgeting"": ""exact"", ""Auditing"": ""exact"", ""Financial Analysis"": ""exact""}","Aditya Chatterjee
Professional Summary: Finance professional with 10 years of experience at Sundial HR Group and similar organizations.

Skills: Accounting, Excel, identified and mitigated operational and financial exposure for the business, Forecasting, Budgeting, Auditing, Financial Analysis

Experience:
Sundial HR Group — Finance Role (10 yrs)
Worked extensively with Accounting on production systems. Worked extensively with Excel on production systems. Identified and mitigated operational and financial exposure for the business. Worked extensively with Forecasting on production systems. Worked extensively with Budgeting on production systems. Worked extensively with Auditing on production systems. Worked extensively with Financial Analysis on production systems.

Education: MBA Finance"
R0163,Tanvi Nair,Finance,12,"[""QuickBooks"", ""Forecasting"", ""SAP"", ""Excel"", ""Risk Management"", ""Budgeting"", ""Accounting"", ""Auditing""]","{""QuickBooks"": ""exact"", ""Forecasting"": ""exact"", ""SAP"": ""exact"", ""Excel"": ""exact"", ""Risk Management"": ""exact"", ""Budgeting"": ""exact"", ""Accounting"": ""exact"", ""Auditing"": ""exact""}","Tanvi Nair
Professional Summary: Finance professional with 12 years of experience at Trailhead Digital and similar organizations.

Skills: QuickBooks, Forecasting, SAP, Excel, Risk Management, Budgeting, Accounting, Auditing

Experience:
Trailhead Digital — Finance Role (12 yrs)
Worked extensively with QuickBooks on production systems. Worked extensively with Forecasting on production systems. Worked extensively with SAP on production systems. Worked extensively with Excel on production systems. Worked extensively with Risk Management on production systems. Worked extensively with Budgeting on production systems. Worked extensively with Accounting on production systems. Worked extensively with Auditing on production systems.

Education: MBA Finance"
R0164,Nikhil Iyer,Human Resources,5,"[""HRIS"", ""Performance Management"", ""Payroll"", ""Recruitment"", ""Labor Law"", ""Talent Acquisition"", ""Onboarding"", ""Employee Relations"", ""Pandas"", ""NumPy""]","{""HRIS"": ""exact"", ""Performance Management"": ""exact"", ""Payroll"": ""contextual"", ""Recruitment"": ""exact"", ""Labor Law"": ""exact"", ""Talent Acquisition"": ""exact"", ""Onboarding"": ""exact"", ""Employee Relations"": ""exact"", ""Pandas"": ""exact"", ""NumPy"": ""exact""}","Nikhil Iyer
Professional Summary: Human Resources professional with 5 years of experience at Trailhead Digital and similar organizations.

Skills: HRIS, Performance Management, processed monthly employee compensation and statutory deductions, Recruitment, Labor Law, Talent Acquisition, Onboarding, Employee Relations, Pandas, NumPy

Experience:
Trailhead Digital — Human Resources Role (5 yrs)
Worked extensively with HRIS on production systems. Worked extensively with Performance Management on production systems. Processed monthly employee compensation and statutory deductions. Worked extensively with Recruitment on production systems. Worked extensively with Labor Law on production systems. Worked extensively with Talent Acquisition on production systems. Worked extensively with Onboarding on production systems. Worked extensively with Employee Relations on production systems. Worked extensively with Pandas on production systems. Worked extensively with NumPy on production systems.

Education: B.A. Psychology"
R0165,Priya Sharma,Web Development,12,"[""REST API"", ""HTML"", ""CSS"", ""TypeScript"", ""Next.js"", ""JavaScript"", ""Express.js"", ""React"", ""Node.js"", ""MongoDB""]","{""REST API"": ""fuzzy"", ""HTML"": ""exact"", ""CSS"": ""exact"", ""TypeScript"": ""fuzzy"", ""Next.js"": ""exact"", ""JavaScript"": ""exact"", ""Express.js"": ""exact"", ""React"": ""fuzzy"", ""Node.js"": ""exact"", ""MongoDB"": ""exact""}","Priya Sharma
Professional Summary: Web Development professional with 12 years of experience at Corestack Labs and similar organizations.

Skills: Rest Apis, HTML, CSS, TS, Next.js, JavaScript, Express.js, ReactJS, Node.js, MongoDB

Experience:
Corestack Labs — Web Development Role (12 yrs)
Worked extensively with Rest Apis on production systems. Worked extensively with HTML on production systems. Worked extensively with CSS on production systems. Worked extensively with TS on production systems. Worked extensively with Next.js on production systems. Worked extensively with JavaScript on production systems. Worked extensively with Express.js on production systems. Worked extensively with ReactJS on production systems. Worked extensively with Node.js on production systems. Worked extensively with MongoDB on production systems.

Education: B.Tech Information Technology"
R0166,Vikram Iyer,Data Science,10,"[""Deep Learning"", ""SQL"", ""Machine Learning"", ""TensorFlow"", ""Python"", ""Pandas"", ""Natural Language Processing""]","{""Deep Learning"": ""exact"", ""SQL"": ""fuzzy"", ""Machine Learning"": ""exact"", ""TensorFlow"": ""exact"", ""Python"": ""fuzzy"", ""Pandas"": ""exact"", ""Natural Language Processing"": ""exact""}","Vikram Iyer
Professional Summary: Data Science professional with 10 years of experience at Corestack Labs and similar organizations.

Skills: Deep Learning, SQl, Machine Learning, TensorFlow, Python , Pandas, Natural Language Processing

Experience:
Corestack Labs — Data Science Role (10 yrs)
Worked extensively with Deep Learning on production systems. Worked extensively with SQl on production systems. Worked extensively with Machine Learning on production systems. Worked extensively with TensorFlow on production systems. Worked extensively with Python  on production systems. Worked extensively with Pandas on production systems. Worked extensively with Natural Language Processing on production systems.

Education: B.Tech Computer Science"
R0167,Riya Singh,Human Resources,2,"[""Talent Acquisition"", ""Recruitment"", ""Labor Law"", ""Employee Relations"", ""Onboarding"", ""Performance Management"", ""HRIS"", ""Payroll""]","{""Talent Acquisition"": ""exact"", ""Recruitment"": ""contextual"", ""Labor Law"": ""exact"", ""Employee Relations"": ""exact"", ""Onboarding"": ""exact"", ""Performance Management"": ""exact"", ""HRIS"": ""exact"", ""Payroll"": ""contextual""}","Riya Singh
Professional Summary: Human Resources professional with 2 years of experience at Quantwave Inc and similar organizations.

Skills: Talent Acquisition, managed the full candidate sourcing and hiring lifecycle, Labor Law, Employee Relations, Onboarding, Performance Management, HRIS, processed monthly employee compensation and statutory deductions

Experience:
Quantwave Inc — Human Resources Role (2 yrs)
Worked extensively with Talent Acquisition on production systems. Managed the full candidate sourcing and hiring lifecycle. Worked extensively with Labor Law on production systems. Worked extensively with Employee Relations on production systems. Worked extensively with Onboarding on production systems. Worked extensively with Performance Management on production systems. Worked extensively with HRIS on production systems. Processed monthly employee compensation and statutory deductions.

Education: MBA Human Resources"
R0168,Rahul Singh,Data Science,2,"[""Statistics"", ""Scikit-learn"", ""PyTorch"", ""Pandas"", ""SQL"", ""Python""]","{""Statistics"": ""exact"", ""Scikit-learn"": ""exact"", ""PyTorch"": ""exact"", ""Pandas"": ""exact"", ""SQL"": ""exact"", ""Python"": ""contextual""}","Rahul Singh
Professional Summary: Data Science professional with 2 years of experience at Meridian Softworks and similar organizations.

Skills: Statistics, Scikit-learn, PyTorch, Pandas, SQL, wrote automation scripts and backend services in a high-level scripting language

Experience:
Meridian Softworks — Data Science Role (2 yrs)
Worked extensively with Statistics on production systems. Worked extensively with Scikit-learn on production systems. Worked extensively with PyTorch on production systems. Worked extensively with Pandas on production systems. Worked extensively with SQL on production systems. Wrote automation scripts and backend services in a high-level scripting language.

Education: M.Tech Data Science"
R0169,Karan Gupta,Human Resources,11,"[""Recruitment"", ""Employee Relations"", ""Talent Acquisition"", ""Onboarding"", ""Performance Management"", ""Payroll"", ""Labor Law"", ""HRIS"", ""Statistics"", ""Machine Learning""]","{""Recruitment"": ""exact"", ""Employee Relations"": ""exact"", ""Talent Acquisition"": ""exact"", ""Onboarding"": ""exact"", ""Performance Management"": ""exact"", ""Payroll"": ""contextual"", ""Labor Law"": ""exact"", ""HRIS"": ""fuzzy"", ""Statistics"": ""exact"", ""Machine Learning"": ""exact""}","Karan Gupta
Professional Summary: Human Resources professional with 11 years of experience at Meridian Softworks and similar organizations.

Skills: Recruitment, Employee Relations, Talent Acquisition, Onboarding, Performance Management, processed monthly employee compensation and statutory deductions, Labor Law, HR IS, Statistics, Machine Learning

Experience:
Meridian Softworks — Human Resources Role (11 yrs)
Worked extensively with Recruitment on production systems. Worked extensively with Employee Relations on production systems. Worked extensively with Talent Acquisition on production systems. Worked extensively with Onboarding on production systems. Worked extensively with Performance Management on production systems. Processed monthly employee compensation and statutory deductions. Worked extensively with Labor Law on production systems. Worked extensively with HR IS on production systems. Worked extensively with Statistics on production systems. Worked extensively with Machine Learning on production systems.

Education: MBA Human Resources"
R0170,Swati Joshi,Data Science,7,"[""Python"", ""Deep Learning"", ""NumPy"", ""SQL"", ""Machine Learning"", ""Data Visualization""]","{""Python"": ""fuzzy"", ""Deep Learning"": ""exact"", ""NumPy"": ""exact"", ""SQL"": ""exact"", ""Machine Learning"": ""exact"", ""Data Visualization"": ""contextual""}","Swati Joshi
Professional Summary: Data Science professional with 7 years of experience at Meridian Softworks and similar organizations.

Skills: python3, Deep Learning, NumPy, SQL, Machine Learning, created dashboards and charts to communicate insights to stakeholders

Experience:
Meridian Softworks — Data Science Role (7 yrs)
Worked extensively with python3 on production systems. Worked extensively with Deep Learning on production systems. Worked extensively with NumPy on production systems. Worked extensively with SQL on production systems. Worked extensively with Machine Learning on production systems. Created dashboards and charts to communicate insights to stakeholders.

Education: M.Tech Data Science"
R0171,Siddharth Singh,Data Science,7,"[""Python"", ""Machine Learning"", ""Scikit-learn"", ""SQL"", ""Statistics"", ""Deep Learning"", ""Data Visualization"", ""TensorFlow"", ""Natural Language Processing"", ""PyTorch""]","{""Python"": ""exact"", ""Machine Learning"": ""exact"", ""Scikit-learn"": ""exact"", ""SQL"": ""exact"", ""Statistics"": ""exact"", ""Deep Learning"": ""exact"", ""Data Visualization"": ""contextual"", ""TensorFlow"": ""exact"", ""Natural Language Processing"": ""exact"", ""PyTorch"": ""exact""}","Siddharth Singh
Professional Summary: Data Science professional with 7 years of experience at Trailhead Digital and similar organizations.

Skills: Python, Machine Learning, Scikit-learn, SQL, Statistics, Deep Learning, created dashboards and charts to communicate insights to stakeholders, TensorFlow, Natural Language Processing, PyTorch

Experience:
Trailhead Digital — Data Science Role (7 yrs)
Worked extensively with Python on production systems. Worked extensively with Machine Learning on production systems. Worked extensively with Scikit-learn on production systems. Worked extensively with SQL on production systems. Worked extensively with Statistics on production systems. Worked extensively with Deep Learning on production systems. Created dashboards and charts to communicate insights to stakeholders. Worked extensively with TensorFlow on production systems. Worked extensively with Natural Language Processing on production systems. Worked extensively with PyTorch on production systems.

Education: B.Tech Computer Science"
R0172,Aditya Pillai,DevOps,9,"[""Azure"", ""GCP"", ""AWS"", ""Docker"", ""Linux"", ""Terraform""]","{""Azure"": ""exact"", ""GCP"": ""exact"", ""AWS"": ""fuzzy"", ""Docker"": ""exact"", ""Linux"": ""exact"", ""Terraform"": ""exact""}","Aditya Pillai
Professional Summary: DevOps professional with 9 years of experience at Verdant Analytics and similar organizations.

Skills: Azure, GCP, Amazon Web Services, Docker, Linux, Terraform

Experience:
Verdant Analytics — DevOps Role (9 yrs)
Worked extensively with Azure on production systems. Worked extensively with GCP on production systems. Worked extensively with Amazon Web Services on production systems. Worked extensively with Docker on production systems. Worked extensively with Linux on production systems. Worked extensively with Terraform on production systems.

Education: B.E. Electronics and Communication"
R0173,Swati Pillai,Web Development,8,"[""HTML"", ""CSS"", ""Next.js"", ""JavaScript"", ""React"", ""Express.js"", ""REST API""]","{""HTML"": ""exact"", ""CSS"": ""exact"", ""Next.js"": ""exact"", ""JavaScript"": ""exact"", ""React"": ""fuzzy"", ""Express.js"": ""exact"", ""REST API"": ""fuzzy""}","Swati Pillai
Professional Summary: Web Development professional with 8 years of experience at Trailhead Digital and similar organizations.

Skills: HTML, CSS, Next.js, JavaScript, React.js, Express.js, RESTful API

Experience:
Trailhead Digital — Web Development Role (8 yrs)
Worked extensively with HTML on production systems. Worked extensively with CSS on production systems. Worked extensively with Next.js on production systems. Worked extensively with JavaScript on production systems. Worked extensively with React.js on production systems. Worked extensively with Express.js on production systems. Worked extensively with RESTful API on production systems.

Education: BCA"
R0174,Amit Agarwal,Data Science,3,"[""Data Visualization"", ""Machine Learning"", ""Pandas"", ""Scikit-learn"", ""PyTorch"", ""Natural Language Processing"", ""Deep Learning"", ""NumPy""]","{""Data Visualization"": ""exact"", ""Machine Learning"": ""exact"", ""Pandas"": ""exact"", ""Scikit-learn"": ""exact"", ""PyTorch"": ""exact"", ""Natural Language Processing"": ""exact"", ""Deep Learning"": ""contextual"", ""NumPy"": ""exact""}","Amit Agarwal
Professional Summary: Data Science professional with 3 years of experience at Harborline Financial and similar organizations.

Skills: Data Visualization, Machine Learning, Pandas, Scikit-learn, PyTorch, Natural Language Processing, trained multi-layer neural networks for pattern recognition tasks, NumPy

Experience:
Harborline Financial — Data Science Role (3 yrs)
Worked extensively with Data Visualization on production systems. Worked extensively with Machine Learning on production systems. Worked extensively with Pandas on production systems. Worked extensively with Scikit-learn on production systems. Worked extensively with PyTorch on production systems. Worked extensively with Natural Language Processing on production systems. Trained multi-layer neural networks for pattern recognition tasks. Worked extensively with NumPy on production systems.

Education: B.Sc Statistics"
R0175,Sneha Chauhan,DevOps,2,"[""Terraform"", ""Ansible"", ""Azure"", ""CI/CD"", ""AWS"", ""GCP"", ""Linux""]","{""Terraform"": ""exact"", ""Ansible"": ""exact"", ""Azure"": ""exact"", ""CI/CD"": ""fuzzy"", ""AWS"": ""contextual"", ""GCP"": ""exact"", ""Linux"": ""exact""}","Sneha Chauhan
Professional Summary: DevOps professional with 2 years of experience at Corestack Labs and similar organizations.

Skills: Terraform, Ansible, Azure, CICD, provisioned and managed cloud infrastructure on a major public cloud platform, GCP, Linux

Experience:
Corestack Labs — DevOps Role (2 yrs)
Worked extensively with Terraform on production systems. Worked extensively with Ansible on production systems. Worked extensively with Azure on production systems. Worked extensively with CICD on production systems. Provisioned and managed cloud infrastructure on a major public cloud platform. Worked extensively with GCP on production systems. Worked extensively with Linux on production systems.

Education: B.Tech Computer Science"
R0176,Rajesh Agarwal,Finance,12,"[""Risk Management"", ""SAP"", ""Financial Modeling"", ""Budgeting"", ""Accounting"", ""Financial Analysis"", ""QuickBooks"", ""Forecasting"", ""Auditing"", ""Excel""]","{""Risk Management"": ""exact"", ""SAP"": ""exact"", ""Financial Modeling"": ""exact"", ""Budgeting"": ""exact"", ""Accounting"": ""exact"", ""Financial Analysis"": ""exact"", ""QuickBooks"": ""exact"", ""Forecasting"": ""exact"", ""Auditing"": ""exact"", ""Excel"": ""exact""}","Rajesh Agarwal
Professional Summary: Finance professional with 12 years of experience at Corestack Labs and similar organizations.

Skills: Risk Management, SAP, Financial Modeling, Budgeting, Accounting, Financial Analysis, QuickBooks, Forecasting, Auditing, Excel

Experience:
Corestack Labs — Finance Role (12 yrs)
Worked extensively with Risk Management on production systems. Worked extensively with SAP on production systems. Worked extensively with Financial Modeling on production systems. Worked extensively with Budgeting on production systems. Worked extensively with Accounting on production systems. Worked extensively with Financial Analysis on production systems. Worked extensively with QuickBooks on production systems. Worked extensively with Forecasting on production systems. Worked extensively with Auditing on production systems. Worked extensively with Excel on production systems.

Education: MBA Finance"
R0177,Arjun Kumar,Human Resources,4,"[""Employee Relations"", ""HRIS"", ""Performance Management"", ""Onboarding"", ""Payroll"", ""Talent Acquisition"", ""Recruitment"", ""SAP"", ""Excel""]","{""Employee Relations"": ""exact"", ""HRIS"": ""exact"", ""Performance Management"": ""exact"", ""Onboarding"": ""exact"", ""Payroll"": ""exact"", ""Talent Acquisition"": ""exact"", ""Recruitment"": ""contextual"", ""SAP"": ""exact"", ""Excel"": ""fuzzy""}","Arjun Kumar
Professional Summary: Human Resources professional with 4 years of experience at Nimbus Systems and similar organizations.

Skills: Employee Relations, HRIS, Performance Management, Onboarding, Payroll, Talent Acquisition, managed the full candidate sourcing and hiring lifecycle, SAP, Micosoft Excel

Experience:
Nimbus Systems — Human Resources Role (4 yrs)
Worked extensively with Employee Relations on production systems. Worked extensively with HRIS on production systems. Worked extensively with Performance Management on production systems. Worked extensively with Onboarding on production systems. Worked extensively with Payroll on production systems. Worked extensively with Talent Acquisition on production systems. Managed the full candidate sourcing and hiring lifecycle. Worked extensively with SAP on production systems. Worked extensively with Micosoft Excel on production systems.

Education: PGDM HR"
R0178,Isha Bhat,DevOps,7,"[""Azure"", ""AWS"", ""Linux"", ""Terraform"", ""CI/CD"", ""GCP"", ""Docker"", ""Jenkins"", ""Kubernetes"", ""Ansible""]","{""Azure"": ""exact"", ""AWS"": ""exact"", ""Linux"": ""exact"", ""Terraform"": ""exact"", ""CI/CD"": ""exact"", ""GCP"": ""exact"", ""Docker"": ""exact"", ""Jenkins"": ""exact"", ""Kubernetes"": ""exact"", ""Ansible"": ""exact""}","Isha Bhat
Professional Summary: DevOps professional with 7 years of experience at Quantwave Inc and similar organizations.

Skills: Azure, AWS, Linux, Terraform, CI/CD, GCP, Docker, Jenkins, Kubernetes, Ansible

Experience:
Quantwave Inc — DevOps Role (7 yrs)
Worked extensively with Azure on production systems. Worked extensively with AWS on production systems. Worked extensively with Linux on production systems. Worked extensively with Terraform on production systems. Worked extensively with CI/CD on production systems. Worked extensively with GCP on production systems. Worked extensively with Docker on production systems. Worked extensively with Jenkins on production systems. Worked extensively with Kubernetes on production systems. Worked extensively with Ansible on production systems.

Education: B.E. Electronics and Communication"
R0179,Isha Verma,DevOps,3,"[""Kubernetes"", ""CI/CD"", ""Linux"", ""Ansible"", ""AWS"", ""Docker"", ""Azure"", ""Terraform"", ""GCP"", ""Jenkins"", ""REST API"", ""JavaScript""]","{""Kubernetes"": ""exact"", ""CI/CD"": ""exact"", ""Linux"": ""exact"", ""Ansible"": ""exact"", ""AWS"": ""exact"", ""Docker"": ""contextual"", ""Azure"": ""exact"", ""Terraform"": ""exact"", ""GCP"": ""exact"", ""Jenkins"": ""exact"", ""REST API"": ""contextual"", ""JavaScript"": ""fuzzy""}","Isha Verma
Professional Summary: DevOps professional with 3 years of experience at Harborline Financial and similar organizations.

Skills: Kubernetes, CI/CD, Linux, Ansible, AWS, packaged applications into portable, isolated containers for deployment, Azure, Terraform, GCP, Jenkins, designed and exposed HTTP endpoints for internal service communication, JS

Experience:
Harborline Financial — DevOps Role (3 yrs)
Worked extensively with Kubernetes on production systems. Worked extensively with CI/CD on production systems. Worked extensively with Linux on production systems. Worked extensively with Ansible on production systems. Worked extensively with AWS on production systems. Packaged applications into portable, isolated containers for deployment. Worked extensively with Azure on production systems. Worked extensively with Terraform on production systems. Worked extensively with GCP on production systems. Worked extensively with Jenkins on production systems. Designed and exposed http endpoints for internal service communication. Worked extensively with JS on production systems.

Education: B.Tech Computer Science"
R0180,Anjali Agarwal,Data Science,3,"[""PyTorch"", ""Data Visualization"", ""Natural Language Processing"", ""Statistics"", ""Deep Learning"", ""Machine Learning"", ""Pandas""]","{""PyTorch"": ""exact"", ""Data Visualization"": ""exact"", ""Natural Language Processing"": ""exact"", ""Statistics"": ""exact"", ""Deep Learning"": ""contextual"", ""Machine Learning"": ""exact"", ""Pandas"": ""exact""}","Anjali Agarwal
Professional Summary: Data Science professional with 3 years of experience at Harborline Financial and similar organizations.

Skills: PyTorch, Data Visualization, Natural Language Processing, Statistics, trained multi-layer neural networks for pattern recognition tasks, Machine Learning, Pandas

Experience:
Harborline Financial — Data Science Role (3 yrs)
Worked extensively with PyTorch on production systems. Worked extensively with Data Visualization on production systems. Worked extensively with Natural Language Processing on production systems. Worked extensively with Statistics on production systems. Trained multi-layer neural networks for pattern recognition tasks. Worked extensively with Machine Learning on production systems. Worked extensively with Pandas on production systems.

Education: B.Sc Statistics"
R0181,Rajesh Pillai,Web Development,9,"[""JavaScript"", ""HTML"", ""REST API"", ""MongoDB"", ""React"", ""CSS"", ""Financial Analysis"", ""Financial Modeling""]","{""JavaScript"": ""exact"", ""HTML"": ""exact"", ""REST API"": ""fuzzy"", ""MongoDB"": ""exact"", ""React"": ""fuzzy"", ""CSS"": ""exact"", ""Financial Analysis"": ""exact"", ""Financial Modeling"": ""contextual""}","Rajesh Pillai
Professional Summary: Web Development professional with 9 years of experience at Verdant Analytics and similar organizations.

Skills: JavaScript, HTML, RESTful API, MongoDB, Reactjs, CSS, Financial Analysis, built spreadsheet models to forecast company revenue and cash flow

Experience:
Verdant Analytics — Web Development Role (9 yrs)
Worked extensively with JavaScript on production systems. Worked extensively with HTML on production systems. Worked extensively with RESTful API on production systems. Worked extensively with MongoDB on production systems. Worked extensively with Reactjs on production systems. Worked extensively with CSS on production systems. Worked extensively with Financial Analysis on production systems. Built spreadsheet models to forecast company revenue and cash flow.

Education: B.Tech Information Technology"
R0182,Meera Pillai,Finance,7,"[""SAP"", ""Auditing"", ""Risk Management"", ""Accounting"", ""Budgeting"", ""Forecasting"", ""Financial Modeling"", ""Excel"", ""Financial Analysis"", ""React"", ""CSS""]","{""SAP"": ""exact"", ""Auditing"": ""exact"", ""Risk Management"": ""exact"", ""Accounting"": ""exact"", ""Budgeting"": ""exact"", ""Forecasting"": ""exact"", ""Financial Modeling"": ""exact"", ""Excel"": ""exact"", ""Financial Analysis"": ""exact"", ""React"": ""exact"", ""CSS"": ""exact""}","Meera Pillai
Professional Summary: Finance professional with 7 years of experience at Corestack Labs and similar organizations.

Skills: SAP, Auditing, Risk Management, Accounting, Budgeting, Forecasting, Financial Modeling, Excel, Financial Analysis, React, CSS

Experience:
Corestack Labs — Finance Role (7 yrs)
Worked extensively with SAP on production systems. Worked extensively with Auditing on production systems. Worked extensively with Risk Management on production systems. Worked extensively with Accounting on production systems. Worked extensively with Budgeting on production systems. Worked extensively with Forecasting on production systems. Worked extensively with Financial Modeling on production systems. Worked extensively with Excel on production systems. Worked extensively with Financial Analysis on production systems. Worked extensively with React on production systems. Worked extensively with CSS on production systems.

Education: MBA Finance"
R0183,Karan Chatterjee,Finance,9,"[""Budgeting"", ""QuickBooks"", ""Risk Management"", ""Financial Analysis"", ""Accounting"", ""Auditing"", ""Forecasting"", ""SAP""]","{""Budgeting"": ""exact"", ""QuickBooks"": ""exact"", ""Risk Management"": ""exact"", ""Financial Analysis"": ""exact"", ""Accounting"": ""exact"", ""Auditing"": ""exact"", ""Forecasting"": ""exact"", ""SAP"": ""exact""}","Karan Chatterjee
Professional Summary: Finance professional with 9 years of experience at Novatrail Consulting and similar organizations.

Skills: Budgeting, QuickBooks, Risk Management, Financial Analysis, Accounting, Auditing, Forecasting, SAP

Experience:
Novatrail Consulting — Finance Role (9 yrs)
Worked extensively with Budgeting on production systems. Worked extensively with QuickBooks on production systems. Worked extensively with Risk Management on production systems. Worked extensively with Financial Analysis on production systems. Worked extensively with Accounting on production systems. Worked extensively with Auditing on production systems. Worked extensively with Forecasting on production systems. Worked extensively with SAP on production systems.

Education: B.Com"
R0184,Meera Verma,Data Science,3,"[""PyTorch"", ""Deep Learning"", ""Machine Learning"", ""Pandas"", ""TensorFlow"", ""Natural Language Processing"", ""Statistics""]","{""PyTorch"": ""exact"", ""Deep Learning"": ""exact"", ""Machine Learning"": ""exact"", ""Pandas"": ""exact"", ""TensorFlow"": ""exact"", ""Natural Language Processing"": ""exact"", ""Statistics"": ""exact""}","Meera Verma
Professional Summary: Data Science professional with 3 years of experience at Meridian Softworks and similar organizations.

Skills: PyTorch, Deep Learning, Machine Learning, Pandas, TensorFlow, Natural Language Processing, Statistics

Experience:
Meridian Softworks — Data Science Role (3 yrs)
Worked extensively with PyTorch on production systems. Worked extensively with Deep Learning on production systems. Worked extensively with Machine Learning on production systems. Worked extensively with Pandas on production systems. Worked extensively with TensorFlow on production systems. Worked extensively with Natural Language Processing on production systems. Worked extensively with Statistics on production systems.

Education: B.Sc Statistics"
R0185,Aarav Gupta,Data Science,11,"[""Python"", ""TensorFlow"", ""Statistics"", ""SQL"", ""NumPy"", ""Scikit-learn"", ""PyTorch"", ""Natural Language Processing"", ""Machine Learning"", ""Deep Learning""]","{""Python"": ""exact"", ""TensorFlow"": ""fuzzy"", ""Statistics"": ""exact"", ""SQL"": ""exact"", ""NumPy"": ""exact"", ""Scikit-learn"": ""exact"", ""PyTorch"": ""exact"", ""Natural Language Processing"": ""exact"", ""Machine Learning"": ""exact"", ""Deep Learning"": ""contextual""}","Aarav Gupta
Professional Summary: Data Science professional with 11 years of experience at Novatrail Consulting and similar organizations.

Skills: Python, Tensorflow, Statistics, SQL, NumPy, Scikit-learn, PyTorch, Natural Language Processing, Machine Learning, trained multi-layer neural networks for pattern recognition tasks

Experience:
Novatrail Consulting — Data Science Role (11 yrs)
Worked extensively with Python on production systems. Worked extensively with Tensorflow on production systems. Worked extensively with Statistics on production systems. Worked extensively with SQL on production systems. Worked extensively with NumPy on production systems. Worked extensively with Scikit-learn on production systems. Worked extensively with PyTorch on production systems. Worked extensively with Natural Language Processing on production systems. Worked extensively with Machine Learning on production systems. Trained multi-layer neural networks for pattern recognition tasks.

Education: M.Tech Data Science"
R0186,Shreya Pillai,Human Resources,10,"[""Performance Management"", ""Payroll"", ""HRIS"", ""Onboarding"", ""Recruitment"", ""Employee Relations"", ""Labor Law"", ""Talent Acquisition""]","{""Performance Management"": ""exact"", ""Payroll"": ""exact"", ""HRIS"": ""fuzzy"", ""Onboarding"": ""exact"", ""Recruitment"": ""exact"", ""Employee Relations"": ""exact"", ""Labor Law"": ""exact"", ""Talent Acquisition"": ""exact""}","Shreya Pillai
Professional Summary: Human Resources professional with 10 years of experience at Quantwave Inc and similar organizations.

Skills: Performance Management, Payroll, HR IS, Onboarding, Recruitment, Employee Relations, Labor Law, Talent Acquisition

Experience:
Quantwave Inc — Human Resources Role (10 yrs)
Worked extensively with Performance Management on production systems. Worked extensively with Payroll on production systems. Worked extensively with HR IS on production systems. Worked extensively with Onboarding on production systems. Worked extensively with Recruitment on production systems. Worked extensively with Employee Relations on production systems. Worked extensively with Labor Law on production systems. Worked extensively with Talent Acquisition on production systems.

Education: B.A. Psychology"
R0187,Suresh Agarwal,Finance,5,"[""QuickBooks"", ""Budgeting"", ""Forecasting"", ""Financial Modeling"", ""Financial Analysis"", ""Accounting""]","{""QuickBooks"": ""exact"", ""Budgeting"": ""exact"", ""Forecasting"": ""exact"", ""Financial Modeling"": ""contextual"", ""Financial Analysis"": ""exact"", ""Accounting"": ""exact""}","Suresh Agarwal
Professional Summary: Finance professional with 5 years of experience at Sundial HR Group and similar organizations.

Skills: QuickBooks, Budgeting, Forecasting, built spreadsheet models to forecast company revenue and cash flow, Financial Analysis, Accounting

Experience:
Sundial HR Group — Finance Role (5 yrs)
Worked extensively with QuickBooks on production systems. Worked extensively with Budgeting on production systems. Worked extensively with Forecasting on production systems. Built spreadsheet models to forecast company revenue and cash flow. Worked extensively with Financial Analysis on production systems. Worked extensively with Accounting on production systems.

Education: B.Com"
R0188,Pooja Kumar,Human Resources,9,"[""Recruitment"", ""Payroll"", ""Labor Law"", ""Employee Relations"", ""Talent Acquisition"", ""Onboarding"", ""Performance Management"", ""HRIS""]","{""Recruitment"": ""contextual"", ""Payroll"": ""exact"", ""Labor Law"": ""exact"", ""Employee Relations"": ""exact"", ""Talent Acquisition"": ""exact"", ""Onboarding"": ""exact"", ""Performance Management"": ""exact"", ""HRIS"": ""exact""}","Pooja Kumar
Professional Summary: Human Resources professional with 9 years of experience at Novatrail Consulting and similar organizations.

Skills: managed the full candidate sourcing and hiring lifecycle, Payroll, Labor Law, Employee Relations, Talent Acquisition, Onboarding, Performance Management, HRIS

Experience:
Novatrail Consulting — Human Resources Role (9 yrs)
Managed the full candidate sourcing and hiring lifecycle. Worked extensively with Payroll on production systems. Worked extensively with Labor Law on production systems. Worked extensively with Employee Relations on production systems. Worked extensively with Talent Acquisition on production systems. Worked extensively with Onboarding on production systems. Worked extensively with Performance Management on production systems. Worked extensively with HRIS on production systems.

Education: MBA Human Resources"
R0189,Isha Gupta,DevOps,4,"[""CI/CD"", ""Jenkins"", ""AWS"", ""Terraform"", ""Linux"", ""Kubernetes"", ""GCP"", ""Ansible"", ""CSS"", ""HTML""]","{""CI/CD"": ""exact"", ""Jenkins"": ""exact"", ""AWS"": ""contextual"", ""Terraform"": ""exact"", ""Linux"": ""exact"", ""Kubernetes"": ""fuzzy"", ""GCP"": ""exact"", ""Ansible"": ""exact"", ""CSS"": ""exact"", ""HTML"": ""exact""}","Isha Gupta
Professional Summary: DevOps professional with 4 years of experience at Harborline Financial and similar organizations.

Skills: CI/CD, Jenkins, provisioned and managed cloud infrastructure on a major public cloud platform, Terraform, Linux, Kubernetes , GCP, Ansible, CSS, HTML

Experience:
Harborline Financial — DevOps Role (4 yrs)
Worked extensively with CI/CD on production systems. Worked extensively with Jenkins on production systems. Provisioned and managed cloud infrastructure on a major public cloud platform. Worked extensively with Terraform on production systems. Worked extensively with Linux on production systems. Worked extensively with Kubernetes  on production systems. Worked extensively with GCP on production systems. Worked extensively with Ansible on production systems. Worked extensively with CSS on production systems. Worked extensively with HTML on production systems.

Education: B.E. Electronics and Communication"
R0190,Pooja Kapoor,Finance,9,"[""Auditing"", ""Accounting"", ""Budgeting"", ""SAP"", ""Excel"", ""Financial Analysis"", ""Forecasting"", ""Financial Modeling""]","{""Auditing"": ""exact"", ""Accounting"": ""exact"", ""Budgeting"": ""exact"", ""SAP"": ""exact"", ""Excel"": ""exact"", ""Financial Analysis"": ""exact"", ""Forecasting"": ""exact"", ""Financial Modeling"": ""exact""}","Pooja Kapoor
Professional Summary: Finance professional with 9 years of experience at Nimbus Systems and similar organizations.

Skills: Auditing, Accounting, Budgeting, SAP, Excel, Financial Analysis, Forecasting, Financial Modeling

Experience:
Nimbus Systems — Finance Role (9 yrs)
Worked extensively with Auditing on production systems. Worked extensively with Accounting on production systems. Worked extensively with Budgeting on production systems. Worked extensively with SAP on production systems. Worked extensively with Excel on production systems. Worked extensively with Financial Analysis on production systems. Worked extensively with Forecasting on production systems. Worked extensively with Financial Modeling on production systems.

Education: M.Com"
R0191,Neha Iyer,Web Development,8,"[""Next.js"", ""React"", ""TypeScript"", ""Node.js"", ""CSS"", ""REST API"", ""Express.js"", ""MongoDB"", ""HTML"", ""Financial Analysis"", ""Forecasting""]","{""Next.js"": ""exact"", ""React"": ""fuzzy"", ""TypeScript"": ""exact"", ""Node.js"": ""exact"", ""CSS"": ""exact"", ""REST API"": ""exact"", ""Express.js"": ""exact"", ""MongoDB"": ""exact"", ""HTML"": ""exact"", ""Financial Analysis"": ""exact"", ""Forecasting"": ""exact""}","Neha Iyer
Professional Summary: Web Development professional with 8 years of experience at Meridian Softworks and similar organizations.

Skills: Next.js, React.js, TypeScript, Node.js, CSS, REST API, Express.js, MongoDB, HTML, Financial Analysis, Forecasting

Experience:
Meridian Softworks — Web Development Role (8 yrs)
Worked extensively with Next.js on production systems. Worked extensively with React.js on production systems. Worked extensively with TypeScript on production systems. Worked extensively with Node.js on production systems. Worked extensively with CSS on production systems. Worked extensively with REST API on production systems. Worked extensively with Express.js on production systems. Worked extensively with MongoDB on production systems. Worked extensively with HTML on production systems. Worked extensively with Financial Analysis on production systems. Worked extensively with Forecasting on production systems.

Education: B.Tech Information Technology"
R0192,Rajesh Bhat,Human Resources,9,"[""Payroll"", ""Onboarding"", ""Talent Acquisition"", ""Performance Management"", ""Labor Law"", ""Recruitment"", ""Employee Relations"", ""HRIS""]","{""Payroll"": ""contextual"", ""Onboarding"": ""exact"", ""Talent Acquisition"": ""exact"", ""Performance Management"": ""exact"", ""Labor Law"": ""exact"", ""Recruitment"": ""contextual"", ""Employee Relations"": ""exact"", ""HRIS"": ""exact""}","Rajesh Bhat
Professional Summary: Human Resources professional with 9 years of experience at Sundial HR Group and similar organizations.

Skills: processed monthly employee compensation and statutory deductions, Onboarding, Talent Acquisition, Performance Management, Labor Law, managed the full candidate sourcing and hiring lifecycle, Employee Relations, HRIS

Experience:
Sundial HR Group — Human Resources Role (9 yrs)
Processed monthly employee compensation and statutory deductions. Worked extensively with Onboarding on production systems. Worked extensively with Talent Acquisition on production systems. Worked extensively with Performance Management on production systems. Worked extensively with Labor Law on production systems. Managed the full candidate sourcing and hiring lifecycle. Worked extensively with Employee Relations on production systems. Worked extensively with HRIS on production systems.

Education: B.A. Psychology"
R0193,Swati Joshi,Human Resources,6,"[""Labor Law"", ""Talent Acquisition"", ""Employee Relations"", ""Performance Management"", ""HRIS"", ""Onboarding""]","{""Labor Law"": ""exact"", ""Talent Acquisition"": ""exact"", ""Employee Relations"": ""exact"", ""Performance Management"": ""exact"", ""HRIS"": ""fuzzy"", ""Onboarding"": ""exact""}","Swati Joshi
Professional Summary: Human Resources professional with 6 years of experience at Nimbus Systems and similar organizations.

Skills: Labor Law, Talent Acquisition, Employee Relations, Performance Management, HR IS, Onboarding

Experience:
Nimbus Systems — Human Resources Role (6 yrs)
Worked extensively with Labor Law on production systems. Worked extensively with Talent Acquisition on production systems. Worked extensively with Employee Relations on production systems. Worked extensively with Performance Management on production systems. Worked extensively with HR IS on production systems. Worked extensively with Onboarding on production systems.

Education: B.A. Psychology"
R0194,Siddharth Nair,DevOps,3,"[""Terraform"", ""Azure"", ""Ansible"", ""Linux"", ""GCP"", ""CI/CD"", ""Docker"", ""Kubernetes""]","{""Terraform"": ""exact"", ""Azure"": ""exact"", ""Ansible"": ""exact"", ""Linux"": ""exact"", ""GCP"": ""exact"", ""CI/CD"": ""exact"", ""Docker"": ""exact"", ""Kubernetes"": ""fuzzy""}","Siddharth Nair
Professional Summary: DevOps professional with 3 years of experience at Trailhead Digital and similar organizations.

Skills: Terraform, Azure, Ansible, Linux, GCP, CI/CD, Docker, Kubernetes 

Experience:
Trailhead Digital — DevOps Role (3 yrs)
Worked extensively with Terraform on production systems. Worked extensively with Azure on production systems. Worked extensively with Ansible on production systems. Worked extensively with Linux on production systems. Worked extensively with GCP on production systems. Worked extensively with CI/CD on production systems. Worked extensively with Docker on production systems. Worked extensively with Kubernetes  on production systems.

Education: B.E. Electronics and Communication"
R0195,Vikram Mehta,DevOps,11,"[""Linux"", ""Jenkins"", ""Ansible"", ""GCP"", ""AWS"", ""Azure"", ""CI/CD"", ""Kubernetes"", ""Docker"", ""Terraform""]","{""Linux"": ""exact"", ""Jenkins"": ""exact"", ""Ansible"": ""exact"", ""GCP"": ""exact"", ""AWS"": ""exact"", ""Azure"": ""exact"", ""CI/CD"": ""fuzzy"", ""Kubernetes"": ""exact"", ""Docker"": ""fuzzy"", ""Terraform"": ""exact""}","Vikram Mehta
Professional Summary: DevOps professional with 11 years of experience at Corestack Labs and similar organizations.

Skills: Linux, Jenkins, Ansible, GCP, AWS, Azure, CICD, Kubernetes, Dockers, Terraform

Experience:
Corestack Labs — DevOps Role (11 yrs)
Worked extensively with Linux on production systems. Worked extensively with Jenkins on production systems. Worked extensively with Ansible on production systems. Worked extensively with GCP on production systems. Worked extensively with AWS on production systems. Worked extensively with Azure on production systems. Worked extensively with CICD on production systems. Worked extensively with Kubernetes on production systems. Worked extensively with Dockers on production systems. Worked extensively with Terraform on production systems.

Education: B.Tech Computer Science"
R0196,Sneha Sharma,Human Resources,1,"[""Payroll"", ""Onboarding"", ""Talent Acquisition"", ""Employee Relations"", ""Labor Law"", ""HRIS"", ""Recruitment"", ""Performance Management""]","{""Payroll"": ""contextual"", ""Onboarding"": ""exact"", ""Talent Acquisition"": ""exact"", ""Employee Relations"": ""exact"", ""Labor Law"": ""exact"", ""HRIS"": ""exact"", ""Recruitment"": ""exact"", ""Performance Management"": ""exact""}","Sneha Sharma
Professional Summary: Human Resources professional with 1 years of experience at Trailhead Digital and similar organizations.

Skills: processed monthly employee compensation and statutory deductions, Onboarding, Talent Acquisition, Employee Relations, Labor Law, HRIS, Recruitment, Performance Management

Experience:
Trailhead Digital — Human Resources Role (1 yrs)
Processed monthly employee compensation and statutory deductions. Worked extensively with Onboarding on production systems. Worked extensively with Talent Acquisition on production systems. Worked extensively with Employee Relations on production systems. Worked extensively with Labor Law on production systems. Worked extensively with HRIS on production systems. Worked extensively with Recruitment on production systems. Worked extensively with Performance Management on production systems.

Education: B.A. Psychology"
R0197,Kavya Pillai,Finance,4,"[""Financial Analysis"", ""Auditing"", ""Risk Management"", ""Budgeting"", ""Forecasting"", ""QuickBooks"", ""Accounting""]","{""Financial Analysis"": ""exact"", ""Auditing"": ""exact"", ""Risk Management"": ""exact"", ""Budgeting"": ""exact"", ""Forecasting"": ""exact"", ""QuickBooks"": ""exact"", ""Accounting"": ""exact""}","Kavya Pillai
Professional Summary: Finance professional with 4 years of experience at Verdant Analytics and similar organizations.

Skills: Financial Analysis, Auditing, Risk Management, Budgeting, Forecasting, QuickBooks, Accounting

Experience:
Verdant Analytics — Finance Role (4 yrs)
Worked extensively with Financial Analysis on production systems. Worked extensively with Auditing on production systems. Worked extensively with Risk Management on production systems. Worked extensively with Budgeting on production systems. Worked extensively with Forecasting on production systems. Worked extensively with QuickBooks on production systems. Worked extensively with Accounting on production systems.

Education: B.Com"
R0198,Anjali Sharma,DevOps,9,"[""Azure"", ""Docker"", ""Ansible"", ""Linux"", ""CI/CD"", ""AWS"", ""GCP"", ""Kubernetes"", ""Jenkins""]","{""Azure"": ""exact"", ""Docker"": ""fuzzy"", ""Ansible"": ""exact"", ""Linux"": ""exact"", ""CI/CD"": ""fuzzy"", ""AWS"": ""exact"", ""GCP"": ""exact"", ""Kubernetes"": ""fuzzy"", ""Jenkins"": ""exact""}","Anjali Sharma
Professional Summary: DevOps professional with 9 years of experience at Quantwave Inc and similar organizations.

Skills: Azure, docker , Ansible, Linux, CI-CD, AWS, GCP, Kubernetes , Jenkins

Experience:
Quantwave Inc — DevOps Role (9 yrs)
Worked extensively with Azure on production systems. Worked extensively with docker  on production systems. Worked extensively with Ansible on production systems. Worked extensively with Linux on production systems. Worked extensively with CI-CD on production systems. Worked extensively with AWS on production systems. Worked extensively with GCP on production systems. Worked extensively with Kubernetes  on production systems. Worked extensively with Jenkins on production systems.

Education: B.Tech Computer Science"
R0199,Amit Chauhan,Finance,8,"[""Budgeting"", ""QuickBooks"", ""Financial Analysis"", ""SAP"", ""Excel"", ""Financial Modeling"", ""Forecasting"", ""Auditing"", ""Labor Law"", ""Employee Relations""]","{""Budgeting"": ""exact"", ""QuickBooks"": ""exact"", ""Financial Analysis"": ""exact"", ""SAP"": ""exact"", ""Excel"": ""exact"", ""Financial Modeling"": ""exact"", ""Forecasting"": ""exact"", ""Auditing"": ""exact"", ""Labor Law"": ""exact"", ""Employee Relations"": ""exact""}","Amit Chauhan
Professional Summary: Finance professional with 8 years of experience at BluePeak Solutions and similar organizations.

Skills: Budgeting, QuickBooks, Financial Analysis, SAP, Excel, Financial Modeling, Forecasting, Auditing, Labor Law, Employee Relations

Experience:
BluePeak Solutions — Finance Role (8 yrs)
Worked extensively with Budgeting on production systems. Worked extensively with QuickBooks on production systems. Worked extensively with Financial Analysis on production systems. Worked extensively with SAP on production systems. Worked extensively with Excel on production systems. Worked extensively with Financial Modeling on production systems. Worked extensively with Forecasting on production systems. Worked extensively with Auditing on production systems. Worked extensively with Labor Law on production systems. Worked extensively with Employee Relations on production systems.

Education: B.Com"
R0200,Suresh Nair,Human Resources,1,"[""Talent Acquisition"", ""Payroll"", ""Employee Relations"", ""Performance Management"", ""Labor Law"", ""Onboarding"", ""Recruitment""]","{""Talent Acquisition"": ""exact"", ""Payroll"": ""exact"", ""Employee Relations"": ""exact"", ""Performance Management"": ""exact"", ""Labor Law"": ""exact"", ""Onboarding"": ""exact"", ""Recruitment"": ""exact""}","Suresh Nair
Professional Summary: Human Resources professional with 1 years of experience at Corestack Labs and similar organizations.

Skills: Talent Acquisition, Payroll, Employee Relations, Performance Management, Labor Law, Onboarding, Recruitment

Experience:
Corestack Labs — Human Resources Role (1 yrs)
Worked extensively with Talent Acquisition on production systems. Worked extensively with Payroll on production systems. Worked extensively with Employee Relations on production systems. Worked extensively with Performance Management on production systems. Worked extensively with Labor Law on production systems. Worked extensively with Onboarding on production systems. Worked extensively with Recruitment on production systems.

Education: B.A. Psychology"
R0201,Divya Rao,Web Development,3,"[""MongoDB"", ""HTML"", ""JavaScript"", ""React"", ""Express.js"", ""Next.js"", ""REST API"", ""TypeScript"", ""Node.js""]","{""MongoDB"": ""exact"", ""HTML"": ""exact"", ""JavaScript"": ""exact"", ""React"": ""exact"", ""Express.js"": ""exact"", ""Next.js"": ""exact"", ""REST API"": ""contextual"", ""TypeScript"": ""exact"", ""Node.js"": ""exact""}","Divya Rao
Professional Summary: Web Development professional with 3 years of experience at Trailhead Digital and similar organizations.

Skills: MongoDB, HTML, JavaScript, React, Express.js, Next.js, designed and exposed HTTP endpoints for internal service communication, TypeScript, Node.js

Experience:
Trailhead Digital — Web Development Role (3 yrs)
Worked extensively with MongoDB on production systems. Worked extensively with HTML on production systems. Worked extensively with JavaScript on production systems. Worked extensively with React on production systems. Worked extensively with Express.js on production systems. Worked extensively with Next.js on production systems. Designed and exposed http endpoints for internal service communication. Worked extensively with TypeScript on production systems. Worked extensively with Node.js on production systems.

Education: BCA"
R0202,Aditya Mehta,Data Science,1,"[""Statistics"", ""TensorFlow"", ""Scikit-learn"", ""Python"", ""Deep Learning"", ""Natural Language Processing"", ""PyTorch""]","{""Statistics"": ""exact"", ""TensorFlow"": ""exact"", ""Scikit-learn"": ""fuzzy"", ""Python"": ""fuzzy"", ""Deep Learning"": ""exact"", ""Natural Language Processing"": ""exact"", ""PyTorch"": ""fuzzy""}","Aditya Mehta
Professional Summary: Data Science professional with 1 years of experience at Nimbus Systems and similar organizations.

Skills: Statistics, TensorFlow, Scikit Learn, Pyhton, Deep Learning, Natural Language Processing, Py Torch

Experience:
Nimbus Systems — Data Science Role (1 yrs)
Worked extensively with Statistics on production systems. Worked extensively with TensorFlow on production systems. Worked extensively with Scikit Learn on production systems. Worked extensively with Pyhton on production systems. Worked extensively with Deep Learning on production systems. Worked extensively with Natural Language Processing on production systems. Worked extensively with Py Torch on production systems.

Education: B.Sc Statistics"
R0203,Anjali Kumar,Data Science,8,"[""Statistics"", ""Deep Learning"", ""SQL"", ""Machine Learning"", ""Natural Language Processing"", ""Pandas"", ""Data Visualization"", ""PyTorch""]","{""Statistics"": ""exact"", ""Deep Learning"": ""exact"", ""SQL"": ""fuzzy"", ""Machine Learning"": ""contextual"", ""Natural Language Processing"": ""exact"", ""Pandas"": ""exact"", ""Data Visualization"": ""exact"", ""PyTorch"": ""fuzzy""}","Anjali Kumar
Professional Summary: Data Science professional with 8 years of experience at Sundial HR Group and similar organizations.

Skills: Statistics, Deep Learning, My SQL, built predictive models that learn patterns from historical data, Natural Language Processing, Pandas, Data Visualization, Py Torch

Experience:
Sundial HR Group — Data Science Role (8 yrs)
Worked extensively with Statistics on production systems. Worked extensively with Deep Learning on production systems. Worked extensively with My SQL on production systems. Built predictive models that learn patterns from historical data. Worked extensively with Natural Language Processing on production systems. Worked extensively with Pandas on production systems. Worked extensively with Data Visualization on production systems. Worked extensively with Py Torch on production systems.

Education: B.Tech Computer Science"
R0204,Suresh Joshi,Finance,9,"[""QuickBooks"", ""Forecasting"", ""Financial Analysis"", ""Auditing"", ""SAP"", ""Accounting"", ""Excel"", ""MongoDB"", ""CSS""]","{""QuickBooks"": ""exact"", ""Forecasting"": ""exact"", ""Financial Analysis"": ""exact"", ""Auditing"": ""exact"", ""SAP"": ""exact"", ""Accounting"": ""exact"", ""Excel"": ""fuzzy"", ""MongoDB"": ""exact"", ""CSS"": ""exact""}","Suresh Joshi
Professional Summary: Finance professional with 9 years of experience at Quantwave Inc and similar organizations.

Skills: QuickBooks, Forecasting, Financial Analysis, Auditing, SAP, Accounting, MS Excel, MongoDB, CSS

Experience:
Quantwave Inc — Finance Role (9 yrs)
Worked extensively with QuickBooks on production systems. Worked extensively with Forecasting on production systems. Worked extensively with Financial Analysis on production systems. Worked extensively with Auditing on production systems. Worked extensively with SAP on production systems. Worked extensively with Accounting on production systems. Worked extensively with MS Excel on production systems. Worked extensively with MongoDB on production systems. Worked extensively with CSS on production systems.

Education: B.Com"
R0205,Ananya Reddy,Finance,9,"[""SAP"", ""QuickBooks"", ""Auditing"", ""Risk Management"", ""Budgeting"", ""Excel"", ""Accounting"", ""Forecasting"", ""Financial Analysis""]","{""SAP"": ""exact"", ""QuickBooks"": ""exact"", ""Auditing"": ""exact"", ""Risk Management"": ""exact"", ""Budgeting"": ""exact"", ""Excel"": ""exact"", ""Accounting"": ""exact"", ""Forecasting"": ""exact"", ""Financial Analysis"": ""exact""}","Ananya Reddy
Professional Summary: Finance professional with 9 years of experience at Trailhead Digital and similar organizations.

Skills: SAP, QuickBooks, Auditing, Risk Management, Budgeting, Excel, Accounting, Forecasting, Financial Analysis

Experience:
Trailhead Digital — Finance Role (9 yrs)
Worked extensively with SAP on production systems. Worked extensively with QuickBooks on production systems. Worked extensively with Auditing on production systems. Worked extensively with Risk Management on production systems. Worked extensively with Budgeting on production systems. Worked extensively with Excel on production systems. Worked extensively with Accounting on production systems. Worked extensively with Forecasting on production systems. Worked extensively with Financial Analysis on production systems.

Education: MBA Finance"
R0206,Suresh Patel,Human Resources,8,"[""HRIS"", ""Recruitment"", ""Employee Relations"", ""Onboarding"", ""Performance Management"", ""Payroll"", ""Talent Acquisition"", ""Labor Law""]","{""HRIS"": ""exact"", ""Recruitment"": ""contextual"", ""Employee Relations"": ""exact"", ""Onboarding"": ""exact"", ""Performance Management"": ""exact"", ""Payroll"": ""exact"", ""Talent Acquisition"": ""exact"", ""Labor Law"": ""exact""}","Suresh Patel
Professional Summary: Human Resources professional with 8 years of experience at Trailhead Digital and similar organizations.

Skills: HRIS, managed the full candidate sourcing and hiring lifecycle, Employee Relations, Onboarding, Performance Management, Payroll, Talent Acquisition, Labor Law

Experience:
Trailhead Digital — Human Resources Role (8 yrs)
Worked extensively with HRIS on production systems. Managed the full candidate sourcing and hiring lifecycle. Worked extensively with Employee Relations on production systems. Worked extensively with Onboarding on production systems. Worked extensively with Performance Management on production systems. Worked extensively with Payroll on production systems. Worked extensively with Talent Acquisition on production systems. Worked extensively with Labor Law on production systems.

Education: MBA Human Resources"
R0207,Karan Bhat,Data Science,11,"[""Machine Learning"", ""Pandas"", ""SQL"", ""Natural Language Processing"", ""Data Visualization"", ""Scikit-learn"", ""PyTorch"", ""NumPy""]","{""Machine Learning"": ""fuzzy"", ""Pandas"": ""exact"", ""SQL"": ""fuzzy"", ""Natural Language Processing"": ""exact"", ""Data Visualization"": ""contextual"", ""Scikit-learn"": ""exact"", ""PyTorch"": ""exact"", ""NumPy"": ""exact""}","Karan Bhat
Professional Summary: Data Science professional with 11 years of experience at BluePeak Solutions and similar organizations.

Skills: ML, Pandas, Sql, Natural Language Processing, created dashboards and charts to communicate insights to stakeholders, Scikit-learn, PyTorch, NumPy

Experience:
BluePeak Solutions — Data Science Role (11 yrs)
Worked extensively with ML on production systems. Worked extensively with Pandas on production systems. Worked extensively with Sql on production systems. Worked extensively with Natural Language Processing on production systems. Created dashboards and charts to communicate insights to stakeholders. Worked extensively with Scikit-learn on production systems. Worked extensively with PyTorch on production systems. Worked extensively with NumPy on production systems.

Education: B.Sc Statistics"
R0208,Meera Menon,Data Science,6,"[""Deep Learning"", ""SQL"", ""TensorFlow"", ""Statistics"", ""Scikit-learn"", ""PyTorch"", ""Machine Learning""]","{""Deep Learning"": ""contextual"", ""SQL"": ""exact"", ""TensorFlow"": ""exact"", ""Statistics"": ""exact"", ""Scikit-learn"": ""exact"", ""PyTorch"": ""fuzzy"", ""Machine Learning"": ""fuzzy""}","Meera Menon
Professional Summary: Data Science professional with 6 years of experience at Quantwave Inc and similar organizations.

Skills: trained multi-layer neural networks for pattern recognition tasks, SQL, TensorFlow, Statistics, Scikit-learn, Py Torch, ML

Experience:
Quantwave Inc — Data Science Role (6 yrs)
Trained multi-layer neural networks for pattern recognition tasks. Worked extensively with SQL on production systems. Worked extensively with TensorFlow on production systems. Worked extensively with Statistics on production systems. Worked extensively with Scikit-learn on production systems. Worked extensively with Py Torch on production systems. Worked extensively with ML on production systems.

Education: B.Sc Statistics"
R0209,Manish Nair,Human Resources,5,"[""HRIS"", ""Employee Relations"", ""Payroll"", ""Talent Acquisition"", ""Labor Law"", ""Recruitment"", ""Performance Management"", ""Onboarding""]","{""HRIS"": ""exact"", ""Employee Relations"": ""exact"", ""Payroll"": ""exact"", ""Talent Acquisition"": ""exact"", ""Labor Law"": ""exact"", ""Recruitment"": ""contextual"", ""Performance Management"": ""exact"", ""Onboarding"": ""exact""}","Manish Nair
Professional Summary: Human Resources professional with 5 years of experience at Nimbus Systems and similar organizations.

Skills: HRIS, Employee Relations, Payroll, Talent Acquisition, Labor Law, managed the full candidate sourcing and hiring lifecycle, Performance Management, Onboarding

Experience:
Nimbus Systems — Human Resources Role (5 yrs)
Worked extensively with HRIS on production systems. Worked extensively with Employee Relations on production systems. Worked extensively with Payroll on production systems. Worked extensively with Talent Acquisition on production systems. Worked extensively with Labor Law on production systems. Managed the full candidate sourcing and hiring lifecycle. Worked extensively with Performance Management on production systems. Worked extensively with Onboarding on production systems.

Education: B.A. Psychology"
R0210,Sanjay Gupta,Finance,12,"[""Accounting"", ""Excel"", ""Financial Modeling"", ""SAP"", ""Financial Analysis"", ""QuickBooks"", ""Budgeting"", ""Risk Management"", ""Forecasting"", ""Auditing"", ""Kubernetes"", ""Linux""]","{""Accounting"": ""exact"", ""Excel"": ""exact"", ""Financial Modeling"": ""exact"", ""SAP"": ""exact"", ""Financial Analysis"": ""exact"", ""QuickBooks"": ""exact"", ""Budgeting"": ""exact"", ""Risk Management"": ""contextual"", ""Forecasting"": ""exact"", ""Auditing"": ""exact"", ""Kubernetes"": ""exact"", ""Linux"": ""exact""}","Sanjay Gupta
Professional Summary: Finance professional with 12 years of experience at Verdant Analytics and similar organizations.

Skills: Accounting, Excel, Financial Modeling, SAP, Financial Analysis, QuickBooks, Budgeting, identified and mitigated operational and financial exposure for the business, Forecasting, Auditing, Kubernetes, Linux

Experience:
Verdant Analytics — Finance Role (12 yrs)
Worked extensively with Accounting on production systems. Worked extensively with Excel on production systems. Worked extensively with Financial Modeling on production systems. Worked extensively with SAP on production systems. Worked extensively with Financial Analysis on production systems. Worked extensively with QuickBooks on production systems. Worked extensively with Budgeting on production systems. Identified and mitigated operational and financial exposure for the business. Worked extensively with Forecasting on production systems. Worked extensively with Auditing on production systems. Worked extensively with Kubernetes on production systems. Worked extensively with Linux on production systems.

Education: M.Com"
R0211,Aditya Verma,DevOps,5,"[""Linux"", ""GCP"", ""Kubernetes"", ""Azure"", ""Ansible"", ""Jenkins"", ""Docker"", ""AWS""]","{""Linux"": ""exact"", ""GCP"": ""exact"", ""Kubernetes"": ""exact"", ""Azure"": ""exact"", ""Ansible"": ""exact"", ""Jenkins"": ""exact"", ""Docker"": ""contextual"", ""AWS"": ""contextual""}","Aditya Verma
Professional Summary: DevOps professional with 5 years of experience at Novatrail Consulting and similar organizations.

Skills: Linux, GCP, Kubernetes, Azure, Ansible, Jenkins, packaged applications into portable, isolated containers for deployment, provisioned and managed cloud infrastructure on a major public cloud platform

Experience:
Novatrail Consulting — DevOps Role (5 yrs)
Worked extensively with Linux on production systems. Worked extensively with GCP on production systems. Worked extensively with Kubernetes on production systems. Worked extensively with Azure on production systems. Worked extensively with Ansible on production systems. Worked extensively with Jenkins on production systems. Packaged applications into portable, isolated containers for deployment. Provisioned and managed cloud infrastructure on a major public cloud platform.

Education: B.Tech Computer Science"
R0212,Shreya Verma,Finance,9,"[""QuickBooks"", ""Excel"", ""SAP"", ""Auditing"", ""Accounting"", ""Risk Management"", ""Financial Analysis"", ""Financial Modeling"", ""Budgeting"", ""Forecasting""]","{""QuickBooks"": ""exact"", ""Excel"": ""exact"", ""SAP"": ""fuzzy"", ""Auditing"": ""exact"", ""Accounting"": ""exact"", ""Risk Management"": ""exact"", ""Financial Analysis"": ""exact"", ""Financial Modeling"": ""contextual"", ""Budgeting"": ""exact"", ""Forecasting"": ""exact""}","Shreya Verma
Professional Summary: Finance professional with 9 years of experience at Meridian Softworks and similar organizations.

Skills: QuickBooks, Excel, S.A.P., Auditing, Accounting, Risk Management, Financial Analysis, built spreadsheet models to forecast company revenue and cash flow, Budgeting, Forecasting

Experience:
Meridian Softworks — Finance Role (9 yrs)
Worked extensively with QuickBooks on production systems. Worked extensively with Excel on production systems. Worked extensively with S.A.P. on production systems. Worked extensively with Auditing on production systems. Worked extensively with Accounting on production systems. Worked extensively with Risk Management on production systems. Worked extensively with Financial Analysis on production systems. Built spreadsheet models to forecast company revenue and cash flow. Worked extensively with Budgeting on production systems. Worked extensively with Forecasting on production systems.

Education: B.Com"
R0213,Neha Gupta,Finance,6,"[""SAP"", ""Excel"", ""Budgeting"", ""Risk Management"", ""Financial Analysis"", ""Accounting"", ""Financial Modeling"", ""Performance Management"", ""Employee Relations""]","{""SAP"": ""fuzzy"", ""Excel"": ""exact"", ""Budgeting"": ""exact"", ""Risk Management"": ""contextual"", ""Financial Analysis"": ""exact"", ""Accounting"": ""exact"", ""Financial Modeling"": ""exact"", ""Performance Management"": ""exact"", ""Employee Relations"": ""exact""}","Neha Gupta
Professional Summary: Finance professional with 6 years of experience at Quantwave Inc and similar organizations.

Skills: SAP , Excel, Budgeting, identified and mitigated operational and financial exposure for the business, Financial Analysis, Accounting, Financial Modeling, Performance Management, Employee Relations

Experience:
Quantwave Inc — Finance Role (6 yrs)
Worked extensively with SAP  on production systems. Worked extensively with Excel on production systems. Worked extensively with Budgeting on production systems. Identified and mitigated operational and financial exposure for the business. Worked extensively with Financial Analysis on production systems. Worked extensively with Accounting on production systems. Worked extensively with Financial Modeling on production systems. Worked extensively with Performance Management on production systems. Worked extensively with Employee Relations on production systems.

Education: M.Com"
R0214,Kavya Sharma,DevOps,6,"[""Kubernetes"", ""GCP"", ""Docker"", ""Azure"", ""Jenkins"", ""Linux"", ""AWS"", ""NumPy"", ""PyTorch""]","{""Kubernetes"": ""exact"", ""GCP"": ""exact"", ""Docker"": ""exact"", ""Azure"": ""exact"", ""Jenkins"": ""exact"", ""Linux"": ""exact"", ""AWS"": ""fuzzy"", ""NumPy"": ""exact"", ""PyTorch"": ""exact""}","Kavya Sharma
Professional Summary: DevOps professional with 6 years of experience at BluePeak Solutions and similar organizations.

Skills: Kubernetes, GCP, Docker, Azure, Jenkins, Linux, Amazon Web Services, NumPy, PyTorch

Experience:
BluePeak Solutions — DevOps Role (6 yrs)
Worked extensively with Kubernetes on production systems. Worked extensively with GCP on production systems. Worked extensively with Docker on production systems. Worked extensively with Azure on production systems. Worked extensively with Jenkins on production systems. Worked extensively with Linux on production systems. Worked extensively with Amazon Web Services on production systems. Worked extensively with NumPy on production systems. Worked extensively with PyTorch on production systems.

Education: B.Tech Computer Science"
R0215,Aditya Joshi,Finance,11,"[""Budgeting"", ""Accounting"", ""Financial Modeling"", ""QuickBooks"", ""Excel"", ""Financial Analysis"", ""Recruitment"", ""Labor Law""]","{""Budgeting"": ""exact"", ""Accounting"": ""exact"", ""Financial Modeling"": ""contextual"", ""QuickBooks"": ""exact"", ""Excel"": ""exact"", ""Financial Analysis"": ""exact"", ""Recruitment"": ""contextual"", ""Labor Law"": ""exact""}","Aditya Joshi
Professional Summary: Finance professional with 11 years of experience at Trailhead Digital and similar organizations.

Skills: Budgeting, Accounting, built spreadsheet models to forecast company revenue and cash flow, QuickBooks, Excel, Financial Analysis, managed the full candidate sourcing and hiring lifecycle, Labor Law

Experience:
Trailhead Digital — Finance Role (11 yrs)
Worked extensively with Budgeting on production systems. Worked extensively with Accounting on production systems. Built spreadsheet models to forecast company revenue and cash flow. Worked extensively with QuickBooks on production systems. Worked extensively with Excel on production systems. Worked extensively with Financial Analysis on production systems. Managed the full candidate sourcing and hiring lifecycle. Worked extensively with Labor Law on production systems.

Education: B.Com"
R0216,Aditya Iyer,DevOps,1,"[""GCP"", ""Azure"", ""Kubernetes"", ""Ansible"", ""Linux"", ""Jenkins"", ""CI/CD"", ""AWS"", ""Docker"", ""Talent Acquisition"", ""Payroll""]","{""GCP"": ""exact"", ""Azure"": ""exact"", ""Kubernetes"": ""contextual"", ""Ansible"": ""exact"", ""Linux"": ""exact"", ""Jenkins"": ""exact"", ""CI/CD"": ""exact"", ""AWS"": ""exact"", ""Docker"": ""contextual"", ""Talent Acquisition"": ""exact"", ""Payroll"": ""contextual""}","Aditya Iyer
Professional Summary: DevOps professional with 1 years of experience at Quantwave Inc and similar organizations.

Skills: GCP, Azure, orchestrated containerized workloads across a distributed cluster, Ansible, Linux, Jenkins, CI/CD, AWS, packaged applications into portable, isolated containers for deployment, Talent Acquisition, processed monthly employee compensation and statutory deductions

Experience:
Quantwave Inc — DevOps Role (1 yrs)
Worked extensively with GCP on production systems. Worked extensively with Azure on production systems. Orchestrated containerized workloads across a distributed cluster. Worked extensively with Ansible on production systems. Worked extensively with Linux on production systems. Worked extensively with Jenkins on production systems. Worked extensively with CI/CD on production systems. Worked extensively with AWS on production systems. Packaged applications into portable, isolated containers for deployment. Worked extensively with Talent Acquisition on production systems. Processed monthly employee compensation and statutory deductions.

Education: B.E. Electronics and Communication"
R0217,Tanvi Chauhan,DevOps,11,"[""AWS"", ""Terraform"", ""Linux"", ""Azure"", ""Kubernetes"", ""Docker"", ""CI/CD""]","{""AWS"": ""exact"", ""Terraform"": ""exact"", ""Linux"": ""exact"", ""Azure"": ""exact"", ""Kubernetes"": ""fuzzy"", ""Docker"": ""exact"", ""CI/CD"": ""exact""}","Tanvi Chauhan
Professional Summary: DevOps professional with 11 years of experience at Trailhead Digital and similar organizations.

Skills: AWS, Terraform, Linux, Azure, Kubernets, Docker, CI/CD

Experience:
Trailhead Digital — DevOps Role (11 yrs)
Worked extensively with AWS on production systems. Worked extensively with Terraform on production systems. Worked extensively with Linux on production systems. Worked extensively with Azure on production systems. Worked extensively with Kubernets on production systems. Worked extensively with Docker on production systems. Worked extensively with CI/CD on production systems.

Education: B.Tech Computer Science"
R0218,Riya Pillai,Web Development,12,"[""Express.js"", ""HTML"", ""Node.js"", ""MongoDB"", ""TypeScript"", ""CSS"", ""React"", ""Next.js"", ""JavaScript"", ""REST API""]","{""Express.js"": ""exact"", ""HTML"": ""exact"", ""Node.js"": ""fuzzy"", ""MongoDB"": ""exact"", ""TypeScript"": ""exact"", ""CSS"": ""exact"", ""React"": ""exact"", ""Next.js"": ""exact"", ""JavaScript"": ""exact"", ""REST API"": ""contextual""}","Riya Pillai
Professional Summary: Web Development professional with 12 years of experience at Verdant Analytics and similar organizations.

Skills: Express.js, HTML, Node JS, MongoDB, TypeScript, CSS, React, Next.js, JavaScript, designed and exposed HTTP endpoints for internal service communication

Experience:
Verdant Analytics — Web Development Role (12 yrs)
Worked extensively with Express.js on production systems. Worked extensively with HTML on production systems. Worked extensively with Node JS on production systems. Worked extensively with MongoDB on production systems. Worked extensively with TypeScript on production systems. Worked extensively with CSS on production systems. Worked extensively with React on production systems. Worked extensively with Next.js on production systems. Worked extensively with JavaScript on production systems. Designed and exposed http endpoints for internal service communication.

Education: B.Tech Information Technology"
R0219,Meera Mehta,DevOps,10,"[""CI/CD"", ""Kubernetes"", ""AWS"", ""Azure"", ""Docker"", ""Jenkins"", ""Ansible""]","{""CI/CD"": ""fuzzy"", ""Kubernetes"": ""exact"", ""AWS"": ""fuzzy"", ""Azure"": ""exact"", ""Docker"": ""fuzzy"", ""Jenkins"": ""exact"", ""Ansible"": ""exact""}","Meera Mehta
Professional Summary: DevOps professional with 10 years of experience at BluePeak Solutions and similar organizations.

Skills: CI-CD, Kubernetes, Amazon Web Services, Azure, docker , Jenkins, Ansible

Experience:
BluePeak Solutions — DevOps Role (10 yrs)
Worked extensively with CI-CD on production systems. Worked extensively with Kubernetes on production systems. Worked extensively with Amazon Web Services on production systems. Worked extensively with Azure on production systems. Worked extensively with docker  on production systems. Worked extensively with Jenkins on production systems. Worked extensively with Ansible on production systems.

Education: B.Tech Computer Science"
R0220,Isha Gupta,Human Resources,4,"[""Employee Relations"", ""Onboarding"", ""Performance Management"", ""Recruitment"", ""Payroll"", ""HRIS"", ""Talent Acquisition""]","{""Employee Relations"": ""exact"", ""Onboarding"": ""exact"", ""Performance Management"": ""exact"", ""Recruitment"": ""exact"", ""Payroll"": ""exact"", ""HRIS"": ""exact"", ""Talent Acquisition"": ""exact""}","Isha Gupta
Professional Summary: Human Resources professional with 4 years of experience at Verdant Analytics and similar organizations.

Skills: Employee Relations, Onboarding, Performance Management, Recruitment, Payroll, HRIS, Talent Acquisition

Experience:
Verdant Analytics — Human Resources Role (4 yrs)
Worked extensively with Employee Relations on production systems. Worked extensively with Onboarding on production systems. Worked extensively with Performance Management on production systems. Worked extensively with Recruitment on production systems. Worked extensively with Payroll on production systems. Worked extensively with HRIS on production systems. Worked extensively with Talent Acquisition on production systems.

Education: MBA Human Resources"
R0221,Manish Pillai,Human Resources,7,"[""Performance Management"", ""Talent Acquisition"", ""Employee Relations"", ""Payroll"", ""Recruitment"", ""Labor Law"", ""Financial Modeling"", ""SAP""]","{""Performance Management"": ""exact"", ""Talent Acquisition"": ""exact"", ""Employee Relations"": ""exact"", ""Payroll"": ""exact"", ""Recruitment"": ""exact"", ""Labor Law"": ""exact"", ""Financial Modeling"": ""exact"", ""SAP"": ""exact""}","Manish Pillai
Professional Summary: Human Resources professional with 7 years of experience at Sundial HR Group and similar organizations.

Skills: Performance Management, Talent Acquisition, Employee Relations, Payroll, Recruitment, Labor Law, Financial Modeling, SAP

Experience:
Sundial HR Group — Human Resources Role (7 yrs)
Worked extensively with Performance Management on production systems. Worked extensively with Talent Acquisition on production systems. Worked extensively with Employee Relations on production systems. Worked extensively with Payroll on production systems. Worked extensively with Recruitment on production systems. Worked extensively with Labor Law on production systems. Worked extensively with Financial Modeling on production systems. Worked extensively with SAP on production systems.

Education: MBA Human Resources"
R0222,Rajesh Pillai,Human Resources,3,"[""Performance Management"", ""Employee Relations"", ""HRIS"", ""Recruitment"", ""Onboarding"", ""Payroll"", ""Labor Law"", ""Deep Learning"", ""Data Visualization""]","{""Performance Management"": ""exact"", ""Employee Relations"": ""exact"", ""HRIS"": ""exact"", ""Recruitment"": ""contextual"", ""Onboarding"": ""exact"", ""Payroll"": ""contextual"", ""Labor Law"": ""exact"", ""Deep Learning"": ""exact"", ""Data Visualization"": ""contextual""}","Rajesh Pillai
Professional Summary: Human Resources professional with 3 years of experience at Meridian Softworks and similar organizations.

Skills: Performance Management, Employee Relations, HRIS, managed the full candidate sourcing and hiring lifecycle, Onboarding, processed monthly employee compensation and statutory deductions, Labor Law, Deep Learning, created dashboards and charts to communicate insights to stakeholders

Experience:
Meridian Softworks — Human Resources Role (3 yrs)
Worked extensively with Performance Management on production systems. Worked extensively with Employee Relations on production systems. Worked extensively with HRIS on production systems. Managed the full candidate sourcing and hiring lifecycle. Worked extensively with Onboarding on production systems. Processed monthly employee compensation and statutory deductions. Worked extensively with Labor Law on production systems. Worked extensively with Deep Learning on production systems. Created dashboards and charts to communicate insights to stakeholders.

Education: B.A. Psychology"
R0223,Aditya Bhat,Web Development,10,"[""React"", ""Next.js"", ""MongoDB"", ""TypeScript"", ""Node.js"", ""JavaScript""]","{""React"": ""fuzzy"", ""Next.js"": ""exact"", ""MongoDB"": ""exact"", ""TypeScript"": ""fuzzy"", ""Node.js"": ""exact"", ""JavaScript"": ""exact""}","Aditya Bhat
Professional Summary: Web Development professional with 10 years of experience at Orbitline Technologies and similar organizations.

Skills: ReactJS, Next.js, MongoDB, Typescript, Node.js, JavaScript

Experience:
Orbitline Technologies — Web Development Role (10 yrs)
Worked extensively with ReactJS on production systems. Worked extensively with Next.js on production systems. Worked extensively with MongoDB on production systems. Worked extensively with Typescript on production systems. Worked extensively with Node.js on production systems. Worked extensively with JavaScript on production systems.

Education: B.Sc Computer Science"
R0224,Arjun Sharma,Data Science,8,"[""NumPy"", ""Natural Language Processing"", ""PyTorch"", ""Statistics"", ""Deep Learning"", ""Python"", ""Machine Learning"", ""Scikit-learn"", ""TensorFlow""]","{""NumPy"": ""exact"", ""Natural Language Processing"": ""exact"", ""PyTorch"": ""exact"", ""Statistics"": ""exact"", ""Deep Learning"": ""contextual"", ""Python"": ""exact"", ""Machine Learning"": ""exact"", ""Scikit-learn"": ""exact"", ""TensorFlow"": ""fuzzy""}","Arjun Sharma
Professional Summary: Data Science professional with 8 years of experience at Falconbyte and similar organizations.

Skills: NumPy, Natural Language Processing, PyTorch, Statistics, trained multi-layer neural networks for pattern recognition tasks, Python, Machine Learning, Scikit-learn, Tensor Flow

Experience:
Falconbyte — Data Science Role (8 yrs)
Worked extensively with NumPy on production systems. Worked extensively with Natural Language Processing on production systems. Worked extensively with PyTorch on production systems. Worked extensively with Statistics on production systems. Trained multi-layer neural networks for pattern recognition tasks. Worked extensively with Python on production systems. Worked extensively with Machine Learning on production systems. Worked extensively with Scikit-learn on production systems. Worked extensively with Tensor Flow on production systems.

Education: M.Tech Data Science"
R0225,Vikram Verma,Finance,11,"[""Financial Analysis"", ""QuickBooks"", ""SAP"", ""Financial Modeling"", ""Excel"", ""Forecasting"", ""Risk Management"", ""Accounting""]","{""Financial Analysis"": ""exact"", ""QuickBooks"": ""exact"", ""SAP"": ""exact"", ""Financial Modeling"": ""exact"", ""Excel"": ""exact"", ""Forecasting"": ""exact"", ""Risk Management"": ""contextual"", ""Accounting"": ""exact""}","Vikram Verma
Professional Summary: Finance professional with 11 years of experience at Harborline Financial and similar organizations.

Skills: Financial Analysis, QuickBooks, SAP, Financial Modeling, Excel, Forecasting, identified and mitigated operational and financial exposure for the business, Accounting

Experience:
Harborline Financial — Finance Role (11 yrs)
Worked extensively with Financial Analysis on production systems. Worked extensively with QuickBooks on production systems. Worked extensively with SAP on production systems. Worked extensively with Financial Modeling on production systems. Worked extensively with Excel on production systems. Worked extensively with Forecasting on production systems. Identified and mitigated operational and financial exposure for the business. Worked extensively with Accounting on production systems.

Education: M.Com"
R0226,Aditya Patel,Finance,7,"[""QuickBooks"", ""Accounting"", ""Auditing"", ""Forecasting"", ""Budgeting"", ""Financial Analysis"", ""Financial Modeling"", ""SAP"", ""Excel"", ""Risk Management""]","{""QuickBooks"": ""exact"", ""Accounting"": ""exact"", ""Auditing"": ""exact"", ""Forecasting"": ""exact"", ""Budgeting"": ""exact"", ""Financial Analysis"": ""exact"", ""Financial Modeling"": ""contextual"", ""SAP"": ""fuzzy"", ""Excel"": ""fuzzy"", ""Risk Management"": ""exact""}","Aditya Patel
Professional Summary: Finance professional with 7 years of experience at Novatrail Consulting and similar organizations.

Skills: QuickBooks, Accounting, Auditing, Forecasting, Budgeting, Financial Analysis, built spreadsheet models to forecast company revenue and cash flow, S.A.P., MS Excel, Risk Management

Experience:
Novatrail Consulting — Finance Role (7 yrs)
Worked extensively with QuickBooks on production systems. Worked extensively with Accounting on production systems. Worked extensively with Auditing on production systems. Worked extensively with Forecasting on production systems. Worked extensively with Budgeting on production systems. Worked extensively with Financial Analysis on production systems. Built spreadsheet models to forecast company revenue and cash flow. Worked extensively with S.A.P. on production systems. Worked extensively with MS Excel on production systems. Worked extensively with Risk Management on production systems.

Education: MBA Finance"
R0227,Kavya Bhat,Finance,12,"[""Risk Management"", ""Forecasting"", ""Budgeting"", ""Auditing"", ""Financial Analysis"", ""QuickBooks"", ""Accounting"", ""Financial Modeling""]","{""Risk Management"": ""exact"", ""Forecasting"": ""exact"", ""Budgeting"": ""exact"", ""Auditing"": ""exact"", ""Financial Analysis"": ""exact"", ""QuickBooks"": ""exact"", ""Accounting"": ""exact"", ""Financial Modeling"": ""contextual""}","Kavya Bhat
Professional Summary: Finance professional with 12 years of experience at Trailhead Digital and similar organizations.

Skills: Risk Management, Forecasting, Budgeting, Auditing, Financial Analysis, QuickBooks, Accounting, built spreadsheet models to forecast company revenue and cash flow

Experience:
Trailhead Digital — Finance Role (12 yrs)
Worked extensively with Risk Management on production systems. Worked extensively with Forecasting on production systems. Worked extensively with Budgeting on production systems. Worked extensively with Auditing on production systems. Worked extensively with Financial Analysis on production systems. Worked extensively with QuickBooks on production systems. Worked extensively with Accounting on production systems. Built spreadsheet models to forecast company revenue and cash flow.

Education: B.Com"
R0228,Karan Sharma,Data Science,11,"[""Data Visualization"", ""TensorFlow"", ""Statistics"", ""Python"", ""Scikit-learn"", ""Deep Learning"", ""NumPy""]","{""Data Visualization"": ""exact"", ""TensorFlow"": ""fuzzy"", ""Statistics"": ""exact"", ""Python"": ""exact"", ""Scikit-learn"": ""fuzzy"", ""Deep Learning"": ""contextual"", ""NumPy"": ""exact""}","Karan Sharma
Professional Summary: Data Science professional with 11 years of experience at BluePeak Solutions and similar organizations.

Skills: Data Visualization, TF, Statistics, Python, sklearn, trained multi-layer neural networks for pattern recognition tasks, NumPy

Experience:
BluePeak Solutions — Data Science Role (11 yrs)
Worked extensively with Data Visualization on production systems. Worked extensively with TF on production systems. Worked extensively with Statistics on production systems. Worked extensively with Python on production systems. Worked extensively with sklearn on production systems. Trained multi-layer neural networks for pattern recognition tasks. Worked extensively with NumPy on production systems.

Education: B.Sc Statistics"
R0229,Anjali Chatterjee,Finance,12,"[""Financial Modeling"", ""Accounting"", ""SAP"", ""QuickBooks"", ""Risk Management"", ""Auditing"", ""Budgeting"", ""Financial Analysis"", ""Forecasting"", ""Excel"", ""Talent Acquisition"", ""Payroll""]","{""Financial Modeling"": ""exact"", ""Accounting"": ""exact"", ""SAP"": ""exact"", ""QuickBooks"": ""exact"", ""Risk Management"": ""exact"", ""Auditing"": ""exact"", ""Budgeting"": ""exact"", ""Financial Analysis"": ""exact"", ""Forecasting"": ""exact"", ""Excel"": ""exact"", ""Talent Acquisition"": ""exact"", ""Payroll"": ""exact""}","Anjali Chatterjee
Professional Summary: Finance professional with 12 years of experience at Nimbus Systems and similar organizations.

Skills: Financial Modeling, Accounting, SAP, QuickBooks, Risk Management, Auditing, Budgeting, Financial Analysis, Forecasting, Excel, Talent Acquisition, Payroll

Experience:
Nimbus Systems — Finance Role (12 yrs)
Worked extensively with Financial Modeling on production systems. Worked extensively with Accounting on production systems. Worked extensively with SAP on production systems. Worked extensively with QuickBooks on production systems. Worked extensively with Risk Management on production systems. Worked extensively with Auditing on production systems. Worked extensively with Budgeting on production systems. Worked extensively with Financial Analysis on production systems. Worked extensively with Forecasting on production systems. Worked extensively with Excel on production systems. Worked extensively with Talent Acquisition on production systems. Worked extensively with Payroll on production systems.

Education: M.Com"
R0230,Rahul Verma,Human Resources,5,"[""Employee Relations"", ""HRIS"", ""Performance Management"", ""Payroll"", ""Onboarding"", ""Labor Law"", ""Recruitment"", ""Talent Acquisition""]","{""Employee Relations"": ""exact"", ""HRIS"": ""exact"", ""Performance Management"": ""exact"", ""Payroll"": ""contextual"", ""Onboarding"": ""exact"", ""Labor Law"": ""exact"", ""Recruitment"": ""exact"", ""Talent Acquisition"": ""exact""}","Rahul Verma
Professional Summary: Human Resources professional with 5 years of experience at Meridian Softworks and similar organizations.

Skills: Employee Relations, HRIS, Performance Management, processed monthly employee compensation and statutory deductions, Onboarding, Labor Law, Recruitment, Talent Acquisition

Experience:
Meridian Softworks — Human Resources Role (5 yrs)
Worked extensively with Employee Relations on production systems. Worked extensively with HRIS on production systems. Worked extensively with Performance Management on production systems. Processed monthly employee compensation and statutory deductions. Worked extensively with Onboarding on production systems. Worked extensively with Labor Law on production systems. Worked extensively with Recruitment on production systems. Worked extensively with Talent Acquisition on production systems.

Education: MBA Human Resources"
R0231,Deepa Bhat,Web Development,5,"[""MongoDB"", ""Express.js"", ""JavaScript"", ""REST API"", ""HTML"", ""CSS"", ""Labor Law"", ""Talent Acquisition""]","{""MongoDB"": ""fuzzy"", ""Express.js"": ""exact"", ""JavaScript"": ""exact"", ""REST API"": ""fuzzy"", ""HTML"": ""exact"", ""CSS"": ""exact"", ""Labor Law"": ""exact"", ""Talent Acquisition"": ""exact""}","Deepa Bhat
Professional Summary: Web Development professional with 5 years of experience at Quantwave Inc and similar organizations.

Skills: Mongo DB, Express.js, JavaScript, RESTful API, HTML, CSS, Labor Law, Talent Acquisition

Experience:
Quantwave Inc — Web Development Role (5 yrs)
Worked extensively with Mongo DB on production systems. Worked extensively with Express.js on production systems. Worked extensively with JavaScript on production systems. Worked extensively with RESTful API on production systems. Worked extensively with HTML on production systems. Worked extensively with CSS on production systems. Worked extensively with Labor Law on production systems. Worked extensively with Talent Acquisition on production systems.

Education: B.Tech Information Technology"
R0232,Ananya Bhat,Data Science,11,"[""NumPy"", ""Python"", ""Data Visualization"", ""Machine Learning"", ""Scikit-learn"", ""Pandas""]","{""NumPy"": ""exact"", ""Python"": ""fuzzy"", ""Data Visualization"": ""contextual"", ""Machine Learning"": ""exact"", ""Scikit-learn"": ""exact"", ""Pandas"": ""exact""}","Ananya Bhat
Professional Summary: Data Science professional with 11 years of experience at Sundial HR Group and similar organizations.

Skills: NumPy, Python , created dashboards and charts to communicate insights to stakeholders, Machine Learning, Scikit-learn, Pandas

Experience:
Sundial HR Group — Data Science Role (11 yrs)
Worked extensively with NumPy on production systems. Worked extensively with Python  on production systems. Created dashboards and charts to communicate insights to stakeholders. Worked extensively with Machine Learning on production systems. Worked extensively with Scikit-learn on production systems. Worked extensively with Pandas on production systems.

Education: M.Tech Data Science"
R0233,Vikram Das,DevOps,10,"[""Kubernetes"", ""Jenkins"", ""AWS"", ""GCP"", ""Ansible"", ""Docker"", ""Azure"", ""Terraform"", ""CI/CD"", ""Talent Acquisition"", ""Employee Relations""]","{""Kubernetes"": ""exact"", ""Jenkins"": ""exact"", ""AWS"": ""exact"", ""GCP"": ""exact"", ""Ansible"": ""exact"", ""Docker"": ""exact"", ""Azure"": ""exact"", ""Terraform"": ""exact"", ""CI/CD"": ""exact"", ""Talent Acquisition"": ""exact"", ""Employee Relations"": ""exact""}","Vikram Das
Professional Summary: DevOps professional with 10 years of experience at BluePeak Solutions and similar organizations.

Skills: Kubernetes, Jenkins, AWS, GCP, Ansible, Docker, Azure, Terraform, CI/CD, Talent Acquisition, Employee Relations

Experience:
BluePeak Solutions — DevOps Role (10 yrs)
Worked extensively with Kubernetes on production systems. Worked extensively with Jenkins on production systems. Worked extensively with AWS on production systems. Worked extensively with GCP on production systems. Worked extensively with Ansible on production systems. Worked extensively with Docker on production systems. Worked extensively with Azure on production systems. Worked extensively with Terraform on production systems. Worked extensively with CI/CD on production systems. Worked extensively with Talent Acquisition on production systems. Worked extensively with Employee Relations on production systems.

Education: B.Tech Computer Science"
R0234,Swati Menon,Finance,2,"[""Auditing"", ""Forecasting"", ""Budgeting"", ""Accounting"", ""Excel"", ""Financial Analysis"", ""Financial Modeling"", ""QuickBooks"", ""SAP"", ""Risk Management""]","{""Auditing"": ""exact"", ""Forecasting"": ""exact"", ""Budgeting"": ""exact"", ""Accounting"": ""exact"", ""Excel"": ""exact"", ""Financial Analysis"": ""exact"", ""Financial Modeling"": ""contextual"", ""QuickBooks"": ""exact"", ""SAP"": ""exact"", ""Risk Management"": ""contextual""}","Swati Menon
Professional Summary: Finance professional with 2 years of experience at Falconbyte and similar organizations.

Skills: Auditing, Forecasting, Budgeting, Accounting, Excel, Financial Analysis, built spreadsheet models to forecast company revenue and cash flow, QuickBooks, SAP, identified and mitigated operational and financial exposure for the business

Experience:
Falconbyte — Finance Role (2 yrs)
Worked extensively with Auditing on production systems. Worked extensively with Forecasting on production systems. Worked extensively with Budgeting on production systems. Worked extensively with Accounting on production systems. Worked extensively with Excel on production systems. Worked extensively with Financial Analysis on production systems. Built spreadsheet models to forecast company revenue and cash flow. Worked extensively with QuickBooks on production systems. Worked extensively with SAP on production systems. Identified and mitigated operational and financial exposure for the business.

Education: B.Com"
R0235,Sneha Das,DevOps,6,"[""Ansible"", ""GCP"", ""Docker"", ""Azure"", ""CI/CD"", ""Linux"", ""AWS"", ""Kubernetes""]","{""Ansible"": ""exact"", ""GCP"": ""exact"", ""Docker"": ""fuzzy"", ""Azure"": ""exact"", ""CI/CD"": ""fuzzy"", ""Linux"": ""exact"", ""AWS"": ""exact"", ""Kubernetes"": ""exact""}","Sneha Das
Professional Summary: DevOps professional with 6 years of experience at Harborline Financial and similar organizations.

Skills: Ansible, GCP, Dockers, Azure, CI-CD, Linux, AWS, Kubernetes

Experience:
Harborline Financial — DevOps Role (6 yrs)
Worked extensively with Ansible on production systems. Worked extensively with GCP on production systems. Worked extensively with Dockers on production systems. Worked extensively with Azure on production systems. Worked extensively with CI-CD on production systems. Worked extensively with Linux on production systems. Worked extensively with AWS on production systems. Worked extensively with Kubernetes on production systems.

Education: B.Tech Computer Science"
R0236,Sanjay Chatterjee,Finance,7,"[""QuickBooks"", ""Accounting"", ""Auditing"", ""SAP"", ""Financial Modeling"", ""Financial Analysis"", ""Excel""]","{""QuickBooks"": ""exact"", ""Accounting"": ""exact"", ""Auditing"": ""exact"", ""SAP"": ""exact"", ""Financial Modeling"": ""contextual"", ""Financial Analysis"": ""exact"", ""Excel"": ""exact""}","Sanjay Chatterjee
Professional Summary: Finance professional with 7 years of experience at Harborline Financial and similar organizations.

Skills: QuickBooks, Accounting, Auditing, SAP, built spreadsheet models to forecast company revenue and cash flow, Financial Analysis, Excel

Experience:
Harborline Financial — Finance Role (7 yrs)
Worked extensively with QuickBooks on production systems. Worked extensively with Accounting on production systems. Worked extensively with Auditing on production systems. Worked extensively with SAP on production systems. Built spreadsheet models to forecast company revenue and cash flow. Worked extensively with Financial Analysis on production systems. Worked extensively with Excel on production systems.

Education: B.Com"
R0237,Meera Singh,Finance,6,"[""Auditing"", ""Forecasting"", ""Excel"", ""Risk Management"", ""SAP"", ""Financial Analysis"", ""Accounting"", ""Budgeting"", ""Financial Modeling"", ""QuickBooks""]","{""Auditing"": ""exact"", ""Forecasting"": ""exact"", ""Excel"": ""exact"", ""Risk Management"": ""contextual"", ""SAP"": ""exact"", ""Financial Analysis"": ""exact"", ""Accounting"": ""exact"", ""Budgeting"": ""exact"", ""Financial Modeling"": ""exact"", ""QuickBooks"": ""exact""}","Meera Singh
Professional Summary: Finance professional with 6 years of experience at Falconbyte and similar organizations.

Skills: Auditing, Forecasting, Excel, identified and mitigated operational and financial exposure for the business, SAP, Financial Analysis, Accounting, Budgeting, Financial Modeling, QuickBooks

Experience:
Falconbyte — Finance Role (6 yrs)
Worked extensively with Auditing on production systems. Worked extensively with Forecasting on production systems. Worked extensively with Excel on production systems. Identified and mitigated operational and financial exposure for the business. Worked extensively with SAP on production systems. Worked extensively with Financial Analysis on production systems. Worked extensively with Accounting on production systems. Worked extensively with Budgeting on production systems. Worked extensively with Financial Modeling on production systems. Worked extensively with QuickBooks on production systems.

Education: M.Com"
R0238,Swati Kumar,Human Resources,2,"[""Labor Law"", ""Onboarding"", ""Performance Management"", ""Employee Relations"", ""HRIS"", ""Payroll"", ""Talent Acquisition"", ""Recruitment""]","{""Labor Law"": ""exact"", ""Onboarding"": ""exact"", ""Performance Management"": ""exact"", ""Employee Relations"": ""exact"", ""HRIS"": ""exact"", ""Payroll"": ""contextual"", ""Talent Acquisition"": ""exact"", ""Recruitment"": ""exact""}","Swati Kumar
Professional Summary: Human Resources professional with 2 years of experience at Harborline Financial and similar organizations.

Skills: Labor Law, Onboarding, Performance Management, Employee Relations, HRIS, processed monthly employee compensation and statutory deductions, Talent Acquisition, Recruitment

Experience:
Harborline Financial — Human Resources Role (2 yrs)
Worked extensively with Labor Law on production systems. Worked extensively with Onboarding on production systems. Worked extensively with Performance Management on production systems. Worked extensively with Employee Relations on production systems. Worked extensively with HRIS on production systems. Processed monthly employee compensation and statutory deductions. Worked extensively with Talent Acquisition on production systems. Worked extensively with Recruitment on production systems.

Education: MBA Human Resources"
R0239,Aditya Singh,Finance,7,"[""Excel"", ""Budgeting"", ""Financial Modeling"", ""Financial Analysis"", ""SAP"", ""QuickBooks"", ""Forecasting"", ""Accounting""]","{""Excel"": ""exact"", ""Budgeting"": ""exact"", ""Financial Modeling"": ""exact"", ""Financial Analysis"": ""exact"", ""SAP"": ""exact"", ""QuickBooks"": ""exact"", ""Forecasting"": ""exact"", ""Accounting"": ""exact""}","Aditya Singh
Professional Summary: Finance professional with 7 years of experience at Meridian Softworks and similar organizations.

Skills: Excel, Budgeting, Financial Modeling, Financial Analysis, SAP, QuickBooks, Forecasting, Accounting

Experience:
Meridian Softworks — Finance Role (7 yrs)
Worked extensively with Excel on production systems. Worked extensively with Budgeting on production systems. Worked extensively with Financial Modeling on production systems. Worked extensively with Financial Analysis on production systems. Worked extensively with SAP on production systems. Worked extensively with QuickBooks on production systems. Worked extensively with Forecasting on production systems. Worked extensively with Accounting on production systems.

Education: M.Com"
R0240,Vikram Patel,Web Development,3,"[""JavaScript"", ""React"", ""Next.js"", ""Express.js"", ""TypeScript"", ""HTML"", ""CSS""]","{""JavaScript"": ""exact"", ""React"": ""contextual"", ""Next.js"": ""exact"", ""Express.js"": ""exact"", ""TypeScript"": ""fuzzy"", ""HTML"": ""exact"", ""CSS"": ""exact""}","Vikram Patel
Professional Summary: Web Development professional with 3 years of experience at Trailhead Digital and similar organizations.

Skills: JavaScript, built dynamic, component-based user interfaces for single-page applications, Next.js, Express.js, TS, HTML, CSS

Experience:
Trailhead Digital — Web Development Role (3 yrs)
Worked extensively with JavaScript on production systems. Built dynamic, component-based user interfaces for single-page applications. Worked extensively with Next.js on production systems. Worked extensively with Express.js on production systems. Worked extensively with TS on production systems. Worked extensively with HTML on production systems. Worked extensively with CSS on production systems.

Education: B.Sc Computer Science"
R0241,Arjun Chatterjee,Human Resources,9,"[""Talent Acquisition"", ""Onboarding"", ""Performance Management"", ""Payroll"", ""Recruitment"", ""Employee Relations"", ""Labor Law"", ""HRIS""]","{""Talent Acquisition"": ""exact"", ""Onboarding"": ""exact"", ""Performance Management"": ""exact"", ""Payroll"": ""exact"", ""Recruitment"": ""contextual"", ""Employee Relations"": ""exact"", ""Labor Law"": ""exact"", ""HRIS"": ""fuzzy""}","Arjun Chatterjee
Professional Summary: Human Resources professional with 9 years of experience at Harborline Financial and similar organizations.

Skills: Talent Acquisition, Onboarding, Performance Management, Payroll, managed the full candidate sourcing and hiring lifecycle, Employee Relations, Labor Law, H.R.I.S.

Experience:
Harborline Financial — Human Resources Role (9 yrs)
Worked extensively with Talent Acquisition on production systems. Worked extensively with Onboarding on production systems. Worked extensively with Performance Management on production systems. Worked extensively with Payroll on production systems. Managed the full candidate sourcing and hiring lifecycle. Worked extensively with Employee Relations on production systems. Worked extensively with Labor Law on production systems. Worked extensively with H.R.I.S. on production systems.

Education: B.A. Psychology"
R0242,Rajesh Rao,Human Resources,9,"[""Onboarding"", ""HRIS"", ""Performance Management"", ""Recruitment"", ""Labor Law"", ""Payroll"", ""Talent Acquisition"", ""Employee Relations""]","{""Onboarding"": ""exact"", ""HRIS"": ""exact"", ""Performance Management"": ""exact"", ""Recruitment"": ""exact"", ""Labor Law"": ""exact"", ""Payroll"": ""contextual"", ""Talent Acquisition"": ""exact"", ""Employee Relations"": ""exact""}","Rajesh Rao
Professional Summary: Human Resources professional with 9 years of experience at Nimbus Systems and similar organizations.

Skills: Onboarding, HRIS, Performance Management, Recruitment, Labor Law, processed monthly employee compensation and statutory deductions, Talent Acquisition, Employee Relations

Experience:
Nimbus Systems — Human Resources Role (9 yrs)
Worked extensively with Onboarding on production systems. Worked extensively with HRIS on production systems. Worked extensively with Performance Management on production systems. Worked extensively with Recruitment on production systems. Worked extensively with Labor Law on production systems. Processed monthly employee compensation and statutory deductions. Worked extensively with Talent Acquisition on production systems. Worked extensively with Employee Relations on production systems.

Education: B.A. Psychology"
R0243,Divya Kapoor,Finance,2,"[""Financial Analysis"", ""Budgeting"", ""Financial Modeling"", ""Forecasting"", ""SAP"", ""QuickBooks"", ""Excel"", ""Accounting"", ""GCP"", ""Docker""]","{""Financial Analysis"": ""exact"", ""Budgeting"": ""exact"", ""Financial Modeling"": ""exact"", ""Forecasting"": ""exact"", ""SAP"": ""exact"", ""QuickBooks"": ""exact"", ""Excel"": ""fuzzy"", ""Accounting"": ""exact"", ""GCP"": ""exact"", ""Docker"": ""fuzzy""}","Divya Kapoor
Professional Summary: Finance professional with 2 years of experience at Orbitline Technologies and similar organizations.

Skills: Financial Analysis, Budgeting, Financial Modeling, Forecasting, SAP, QuickBooks, MS Excel, Accounting, GCP, docker 

Experience:
Orbitline Technologies — Finance Role (2 yrs)
Worked extensively with Financial Analysis on production systems. Worked extensively with Budgeting on production systems. Worked extensively with Financial Modeling on production systems. Worked extensively with Forecasting on production systems. Worked extensively with SAP on production systems. Worked extensively with QuickBooks on production systems. Worked extensively with MS Excel on production systems. Worked extensively with Accounting on production systems. Worked extensively with GCP on production systems. Worked extensively with docker  on production systems.

Education: M.Com"
R0244,Meera Nair,Web Development,8,"[""HTML"", ""MongoDB"", ""Node.js"", ""REST API"", ""CSS"", ""JavaScript"", ""Express.js"", ""TypeScript""]","{""HTML"": ""exact"", ""MongoDB"": ""exact"", ""Node.js"": ""fuzzy"", ""REST API"": ""fuzzy"", ""CSS"": ""exact"", ""JavaScript"": ""exact"", ""Express.js"": ""exact"", ""TypeScript"": ""exact""}","Meera Nair
Professional Summary: Web Development professional with 8 years of experience at Meridian Softworks and similar organizations.

Skills: HTML, MongoDB, NodeJS, Rest Apis, CSS, JavaScript, Express.js, TypeScript

Experience:
Meridian Softworks — Web Development Role (8 yrs)
Worked extensively with HTML on production systems. Worked extensively with MongoDB on production systems. Worked extensively with NodeJS on production systems. Worked extensively with Rest Apis on production systems. Worked extensively with CSS on production systems. Worked extensively with JavaScript on production systems. Worked extensively with Express.js on production systems. Worked extensively with TypeScript on production systems.

Education: B.Sc Computer Science"
R0245,Swati Menon,Human Resources,7,"[""Labor Law"", ""Employee Relations"", ""Payroll"", ""HRIS"", ""Onboarding"", ""Talent Acquisition"", ""Performance Management"", ""Recruitment"", ""Financial Modeling"", ""Budgeting""]","{""Labor Law"": ""exact"", ""Employee Relations"": ""exact"", ""Payroll"": ""exact"", ""HRIS"": ""exact"", ""Onboarding"": ""exact"", ""Talent Acquisition"": ""exact"", ""Performance Management"": ""exact"", ""Recruitment"": ""contextual"", ""Financial Modeling"": ""contextual"", ""Budgeting"": ""exact""}","Swati Menon
Professional Summary: Human Resources professional with 7 years of experience at Trailhead Digital and similar organizations.

Skills: Labor Law, Employee Relations, Payroll, HRIS, Onboarding, Talent Acquisition, Performance Management, managed the full candidate sourcing and hiring lifecycle, built spreadsheet models to forecast company revenue and cash flow, Budgeting

Experience:
Trailhead Digital — Human Resources Role (7 yrs)
Worked extensively with Labor Law on production systems. Worked extensively with Employee Relations on production systems. Worked extensively with Payroll on production systems. Worked extensively with HRIS on production systems. Worked extensively with Onboarding on production systems. Worked extensively with Talent Acquisition on production systems. Worked extensively with Performance Management on production systems. Managed the full candidate sourcing and hiring lifecycle. Built spreadsheet models to forecast company revenue and cash flow. Worked extensively with Budgeting on production systems.

Education: B.A. Psychology"
R0246,Sanjay Gupta,DevOps,9,"[""Jenkins"", ""Linux"", ""Ansible"", ""Azure"", ""Terraform"", ""Kubernetes""]","{""Jenkins"": ""exact"", ""Linux"": ""exact"", ""Ansible"": ""exact"", ""Azure"": ""exact"", ""Terraform"": ""exact"", ""Kubernetes"": ""exact""}","Sanjay Gupta
Professional Summary: DevOps professional with 9 years of experience at Quantwave Inc and similar organizations.

Skills: Jenkins, Linux, Ansible, Azure, Terraform, Kubernetes

Experience:
Quantwave Inc — DevOps Role (9 yrs)
Worked extensively with Jenkins on production systems. Worked extensively with Linux on production systems. Worked extensively with Ansible on production systems. Worked extensively with Azure on production systems. Worked extensively with Terraform on production systems. Worked extensively with Kubernetes on production systems.

Education: B.Tech Computer Science"
R0247,Amit Reddy,Human Resources,2,"[""Payroll"", ""Talent Acquisition"", ""Employee Relations"", ""Performance Management"", ""Onboarding"", ""Recruitment"", ""HRIS"", ""Labor Law"", ""Next.js"", ""React""]","{""Payroll"": ""exact"", ""Talent Acquisition"": ""exact"", ""Employee Relations"": ""exact"", ""Performance Management"": ""exact"", ""Onboarding"": ""exact"", ""Recruitment"": ""exact"", ""HRIS"": ""exact"", ""Labor Law"": ""exact"", ""Next.js"": ""exact"", ""React"": ""exact""}","Amit Reddy
Professional Summary: Human Resources professional with 2 years of experience at Harborline Financial and similar organizations.

Skills: Payroll, Talent Acquisition, Employee Relations, Performance Management, Onboarding, Recruitment, HRIS, Labor Law, Next.js, React

Experience:
Harborline Financial — Human Resources Role (2 yrs)
Worked extensively with Payroll on production systems. Worked extensively with Talent Acquisition on production systems. Worked extensively with Employee Relations on production systems. Worked extensively with Performance Management on production systems. Worked extensively with Onboarding on production systems. Worked extensively with Recruitment on production systems. Worked extensively with HRIS on production systems. Worked extensively with Labor Law on production systems. Worked extensively with Next.js on production systems. Worked extensively with React on production systems.

Education: MBA Human Resources"
R0248,Aditya Singh,Human Resources,6,"[""Performance Management"", ""Talent Acquisition"", ""Labor Law"", ""Employee Relations"", ""HRIS"", ""Recruitment"", ""Payroll"", ""Onboarding""]","{""Performance Management"": ""exact"", ""Talent Acquisition"": ""exact"", ""Labor Law"": ""exact"", ""Employee Relations"": ""exact"", ""HRIS"": ""exact"", ""Recruitment"": ""contextual"", ""Payroll"": ""exact"", ""Onboarding"": ""exact""}","Aditya Singh
Professional Summary: Human Resources professional with 6 years of experience at Nimbus Systems and similar organizations.

Skills: Performance Management, Talent Acquisition, Labor Law, Employee Relations, HRIS, managed the full candidate sourcing and hiring lifecycle, Payroll, Onboarding

Experience:
Nimbus Systems — Human Resources Role (6 yrs)
Worked extensively with Performance Management on production systems. Worked extensively with Talent Acquisition on production systems. Worked extensively with Labor Law on production systems. Worked extensively with Employee Relations on production systems. Worked extensively with HRIS on production systems. Managed the full candidate sourcing and hiring lifecycle. Worked extensively with Payroll on production systems. Worked extensively with Onboarding on production systems.

Education: B.A. Psychology"
R0249,Arjun Menon,Web Development,1,"[""REST API"", ""HTML"", ""React"", ""Express.js"", ""TypeScript"", ""Node.js"", ""JavaScript"", ""Next.js"", ""CSS"", ""MongoDB""]","{""REST API"": ""fuzzy"", ""HTML"": ""exact"", ""React"": ""fuzzy"", ""Express.js"": ""exact"", ""TypeScript"": ""exact"", ""Node.js"": ""exact"", ""JavaScript"": ""exact"", ""Next.js"": ""exact"", ""CSS"": ""exact"", ""MongoDB"": ""exact""}","Arjun Menon
Professional Summary: Web Development professional with 1 years of experience at Falconbyte and similar organizations.

Skills: RESTful API, HTML, React.js, Express.js, TypeScript, Node.js, JavaScript, Next.js, CSS, MongoDB

Experience:
Falconbyte — Web Development Role (1 yrs)
Worked extensively with RESTful API on production systems. Worked extensively with HTML on production systems. Worked extensively with React.js on production systems. Worked extensively with Express.js on production systems. Worked extensively with TypeScript on production systems. Worked extensively with Node.js on production systems. Worked extensively with JavaScript on production systems. Worked extensively with Next.js on production systems. Worked extensively with CSS on production systems. Worked extensively with MongoDB on production systems.

Education: B.Tech Information Technology"
R0250,Neha Rao,Human Resources,11,"[""Payroll"", ""Recruitment"", ""Labor Law"", ""Talent Acquisition"", ""Performance Management"", ""Employee Relations""]","{""Payroll"": ""exact"", ""Recruitment"": ""contextual"", ""Labor Law"": ""exact"", ""Talent Acquisition"": ""exact"", ""Performance Management"": ""exact"", ""Employee Relations"": ""exact""}","Neha Rao
Professional Summary: Human Resources professional with 11 years of experience at Corestack Labs and similar organizations.

Skills: Payroll, managed the full candidate sourcing and hiring lifecycle, Labor Law, Talent Acquisition, Performance Management, Employee Relations

Experience:
Corestack Labs — Human Resources Role (11 yrs)
Worked extensively with Payroll on production systems. Managed the full candidate sourcing and hiring lifecycle. Worked extensively with Labor Law on production systems. Worked extensively with Talent Acquisition on production systems. Worked extensively with Performance Management on production systems. Worked extensively with Employee Relations on production systems.

Education: B.A. Psychology"
R0251,Rajesh Reddy,Human Resources,11,"[""Payroll"", ""Onboarding"", ""HRIS"", ""Recruitment"", ""Labor Law"", ""Employee Relations"", ""Talent Acquisition"", ""Performance Management""]","{""Payroll"": ""exact"", ""Onboarding"": ""exact"", ""HRIS"": ""exact"", ""Recruitment"": ""exact"", ""Labor Law"": ""exact"", ""Employee Relations"": ""exact"", ""Talent Acquisition"": ""exact"", ""Performance Management"": ""exact""}","Rajesh Reddy
Professional Summary: Human Resources professional with 11 years of experience at Sundial HR Group and similar organizations.

Skills: Payroll, Onboarding, HRIS, Recruitment, Labor Law, Employee Relations, Talent Acquisition, Performance Management

Experience:
Sundial HR Group — Human Resources Role (11 yrs)
Worked extensively with Payroll on production systems. Worked extensively with Onboarding on production systems. Worked extensively with HRIS on production systems. Worked extensively with Recruitment on production systems. Worked extensively with Labor Law on production systems. Worked extensively with Employee Relations on production systems. Worked extensively with Talent Acquisition on production systems. Worked extensively with Performance Management on production systems.

Education: B.A. Psychology"
R0252,Rahul Verma,Human Resources,7,"[""HRIS"", ""Payroll"", ""Labor Law"", ""Performance Management"", ""Recruitment"", ""Talent Acquisition""]","{""HRIS"": ""exact"", ""Payroll"": ""contextual"", ""Labor Law"": ""exact"", ""Performance Management"": ""exact"", ""Recruitment"": ""contextual"", ""Talent Acquisition"": ""exact""}","Rahul Verma
Professional Summary: Human Resources professional with 7 years of experience at Verdant Analytics and similar organizations.

Skills: HRIS, processed monthly employee compensation and statutory deductions, Labor Law, Performance Management, managed the full candidate sourcing and hiring lifecycle, Talent Acquisition

Experience:
Verdant Analytics — Human Resources Role (7 yrs)
Worked extensively with HRIS on production systems. Processed monthly employee compensation and statutory deductions. Worked extensively with Labor Law on production systems. Worked extensively with Performance Management on production systems. Managed the full candidate sourcing and hiring lifecycle. Worked extensively with Talent Acquisition on production systems.

Education: MBA Human Resources"
R0253,Meera Verma,Finance,4,"[""Excel"", ""Financial Modeling"", ""Accounting"", ""SAP"", ""Forecasting"", ""QuickBooks"", ""Risk Management""]","{""Excel"": ""exact"", ""Financial Modeling"": ""exact"", ""Accounting"": ""exact"", ""SAP"": ""exact"", ""Forecasting"": ""exact"", ""QuickBooks"": ""exact"", ""Risk Management"": ""exact""}","Meera Verma
Professional Summary: Finance professional with 4 years of experience at Sundial HR Group and similar organizations.

Skills: Excel, Financial Modeling, Accounting, SAP, Forecasting, QuickBooks, Risk Management

Experience:
Sundial HR Group — Finance Role (4 yrs)
Worked extensively with Excel on production systems. Worked extensively with Financial Modeling on production systems. Worked extensively with Accounting on production systems. Worked extensively with SAP on production systems. Worked extensively with Forecasting on production systems. Worked extensively with QuickBooks on production systems. Worked extensively with Risk Management on production systems.

Education: M.Com"
R0254,Anjali Singh,Finance,6,"[""Excel"", ""Financial Analysis"", ""Auditing"", ""Budgeting"", ""Risk Management"", ""QuickBooks"", ""REST API"", ""TypeScript""]","{""Excel"": ""fuzzy"", ""Financial Analysis"": ""exact"", ""Auditing"": ""exact"", ""Budgeting"": ""exact"", ""Risk Management"": ""exact"", ""QuickBooks"": ""exact"", ""REST API"": ""exact"", ""TypeScript"": ""exact""}","Anjali Singh
Professional Summary: Finance professional with 6 years of experience at Verdant Analytics and similar organizations.

Skills: MS Excel, Financial Analysis, Auditing, Budgeting, Risk Management, QuickBooks, REST API, TypeScript

Experience:
Verdant Analytics — Finance Role (6 yrs)
Worked extensively with MS Excel on production systems. Worked extensively with Financial Analysis on production systems. Worked extensively with Auditing on production systems. Worked extensively with Budgeting on production systems. Worked extensively with Risk Management on production systems. Worked extensively with QuickBooks on production systems. Worked extensively with REST API on production systems. Worked extensively with TypeScript on production systems.

Education: M.Com"
R0255,Rajesh Kapoor,Human Resources,2,"[""Talent Acquisition"", ""HRIS"", ""Onboarding"", ""Payroll"", ""Labor Law"", ""Employee Relations"", ""Recruitment"", ""Accounting"", ""Financial Modeling""]","{""Talent Acquisition"": ""exact"", ""HRIS"": ""exact"", ""Onboarding"": ""exact"", ""Payroll"": ""contextual"", ""Labor Law"": ""exact"", ""Employee Relations"": ""exact"", ""Recruitment"": ""contextual"", ""Accounting"": ""exact"", ""Financial Modeling"": ""exact""}","Rajesh Kapoor
Professional Summary: Human Resources professional with 2 years of experience at Nimbus Systems and similar organizations.

Skills: Talent Acquisition, HRIS, Onboarding, processed monthly employee compensation and statutory deductions, Labor Law, Employee Relations, managed the full candidate sourcing and hiring lifecycle, Accounting, Financial Modeling

Experience:
Nimbus Systems — Human Resources Role (2 yrs)
Worked extensively with Talent Acquisition on production systems. Worked extensively with HRIS on production systems. Worked extensively with Onboarding on production systems. Processed monthly employee compensation and statutory deductions. Worked extensively with Labor Law on production systems. Worked extensively with Employee Relations on production systems. Managed the full candidate sourcing and hiring lifecycle. Worked extensively with Accounting on production systems. Worked extensively with Financial Modeling on production systems.

Education: MBA Human Resources"
R0256,Anjali Das,DevOps,6,"[""Ansible"", ""Linux"", ""CI/CD"", ""Kubernetes"", ""Jenkins"", ""Docker"", ""Azure"", ""AWS"", ""GCP"", ""Terraform""]","{""Ansible"": ""exact"", ""Linux"": ""exact"", ""CI/CD"": ""contextual"", ""Kubernetes"": ""contextual"", ""Jenkins"": ""exact"", ""Docker"": ""contextual"", ""Azure"": ""exact"", ""AWS"": ""exact"", ""GCP"": ""exact"", ""Terraform"": ""exact""}","Anjali Das
Professional Summary: DevOps professional with 6 years of experience at Meridian Softworks and similar organizations.

Skills: Ansible, Linux, set up automated build and deployment pipelines triggered on every commit, orchestrated containerized workloads across a distributed cluster, Jenkins, packaged applications into portable, isolated containers for deployment, Azure, AWS, GCP, Terraform

Experience:
Meridian Softworks — DevOps Role (6 yrs)
Worked extensively with Ansible on production systems. Worked extensively with Linux on production systems. Set up automated build and deployment pipelines triggered on every commit. Orchestrated containerized workloads across a distributed cluster. Worked extensively with Jenkins on production systems. Packaged applications into portable, isolated containers for deployment. Worked extensively with Azure on production systems. Worked extensively with AWS on production systems. Worked extensively with GCP on production systems. Worked extensively with Terraform on production systems.

Education: B.Tech Computer Science"
R0257,Neha Das,Web Development,4,"[""JavaScript"", ""HTML"", ""React"", ""REST API"", ""MongoDB"", ""Express.js"", ""CSS"", ""Next.js"", ""Python"", ""Statistics""]","{""JavaScript"": ""exact"", ""HTML"": ""exact"", ""React"": ""fuzzy"", ""REST API"": ""exact"", ""MongoDB"": ""exact"", ""Express.js"": ""exact"", ""CSS"": ""exact"", ""Next.js"": ""exact"", ""Python"": ""exact"", ""Statistics"": ""exact""}","Neha Das
Professional Summary: Web Development professional with 4 years of experience at Meridian Softworks and similar organizations.

Skills: JavaScript, HTML, ReactJS, REST API, MongoDB, Express.js, CSS, Next.js, Python, Statistics

Experience:
Meridian Softworks — Web Development Role (4 yrs)
Worked extensively with JavaScript on production systems. Worked extensively with HTML on production systems. Worked extensively with ReactJS on production systems. Worked extensively with REST API on production systems. Worked extensively with MongoDB on production systems. Worked extensively with Express.js on production systems. Worked extensively with CSS on production systems. Worked extensively with Next.js on production systems. Worked extensively with Python on production systems. Worked extensively with Statistics on production systems.

Education: B.Sc Computer Science"
R0258,Aditya Mehta,Web Development,2,"[""Next.js"", ""TypeScript"", ""REST API"", ""React"", ""Express.js"", ""Node.js"", ""MongoDB"", ""JavaScript"", ""HTML"", ""Linux"", ""CI/CD""]","{""Next.js"": ""exact"", ""TypeScript"": ""exact"", ""REST API"": ""exact"", ""React"": ""contextual"", ""Express.js"": ""exact"", ""Node.js"": ""exact"", ""MongoDB"": ""exact"", ""JavaScript"": ""fuzzy"", ""HTML"": ""exact"", ""Linux"": ""exact"", ""CI/CD"": ""exact""}","Aditya Mehta
Professional Summary: Web Development professional with 2 years of experience at Falconbyte and similar organizations.

Skills: Next.js, TypeScript, REST API, built dynamic, component-based user interfaces for single-page applications, Express.js, Node.js, MongoDB, Java Script, HTML, Linux, CI/CD

Experience:
Falconbyte — Web Development Role (2 yrs)
Worked extensively with Next.js on production systems. Worked extensively with TypeScript on production systems. Worked extensively with REST API on production systems. Built dynamic, component-based user interfaces for single-page applications. Worked extensively with Express.js on production systems. Worked extensively with Node.js on production systems. Worked extensively with MongoDB on production systems. Worked extensively with Java Script on production systems. Worked extensively with HTML on production systems. Worked extensively with Linux on production systems. Worked extensively with CI/CD on production systems.

Education: BCA"
R0259,Meera Iyer,Data Science,11,"[""Python"", ""NumPy"", ""Deep Learning"", ""Machine Learning"", ""PyTorch"", ""Pandas"", ""TensorFlow"", ""SQL"", ""Data Visualization"", ""Natural Language Processing""]","{""Python"": ""fuzzy"", ""NumPy"": ""exact"", ""Deep Learning"": ""exact"", ""Machine Learning"": ""contextual"", ""PyTorch"": ""exact"", ""Pandas"": ""exact"", ""TensorFlow"": ""fuzzy"", ""SQL"": ""exact"", ""Data Visualization"": ""contextual"", ""Natural Language Processing"": ""exact""}","Meera Iyer
Professional Summary: Data Science professional with 11 years of experience at Harborline Financial and similar organizations.

Skills: Python , NumPy, Deep Learning, built predictive models that learn patterns from historical data, PyTorch, Pandas, TF, SQL, created dashboards and charts to communicate insights to stakeholders, Natural Language Processing

Experience:
Harborline Financial — Data Science Role (11 yrs)
Worked extensively with Python  on production systems. Worked extensively with NumPy on production systems. Worked extensively with Deep Learning on production systems. Built predictive models that learn patterns from historical data. Worked extensively with PyTorch on production systems. Worked extensively with Pandas on production systems. Worked extensively with TF on production systems. Worked extensively with SQL on production systems. Created dashboards and charts to communicate insights to stakeholders. Worked extensively with Natural Language Processing on production systems.

Education: B.Tech Computer Science"
R0260,Priya Verma,Web Development,8,"[""TypeScript"", ""REST API"", ""HTML"", ""CSS"", ""React"", ""Express.js"", ""JavaScript""]","{""TypeScript"": ""exact"", ""REST API"": ""exact"", ""HTML"": ""exact"", ""CSS"": ""exact"", ""React"": ""contextual"", ""Express.js"": ""exact"", ""JavaScript"": ""exact""}","Priya Verma
Professional Summary: Web Development professional with 8 years of experience at Sundial HR Group and similar organizations.

Skills: TypeScript, REST API, HTML, CSS, built dynamic, component-based user interfaces for single-page applications, Express.js, JavaScript

Experience:
Sundial HR Group — Web Development Role (8 yrs)
Worked extensively with TypeScript on production systems. Worked extensively with REST API on production systems. Worked extensively with HTML on production systems. Worked extensively with CSS on production systems. Built dynamic, component-based user interfaces for single-page applications. Worked extensively with Express.js on production systems. Worked extensively with JavaScript on production systems.

Education: BCA"
R0261,Rohan Sharma,Finance,8,"[""Risk Management"", ""SAP"", ""Accounting"", ""Auditing"", ""Financial Analysis"", ""Excel""]","{""Risk Management"": ""exact"", ""SAP"": ""exact"", ""Accounting"": ""exact"", ""Auditing"": ""exact"", ""Financial Analysis"": ""exact"", ""Excel"": ""exact""}","Rohan Sharma
Professional Summary: Finance professional with 8 years of experience at Trailhead Digital and similar organizations.

Skills: Risk Management, SAP, Accounting, Auditing, Financial Analysis, Excel

Experience:
Trailhead Digital — Finance Role (8 yrs)
Worked extensively with Risk Management on production systems. Worked extensively with SAP on production systems. Worked extensively with Accounting on production systems. Worked extensively with Auditing on production systems. Worked extensively with Financial Analysis on production systems. Worked extensively with Excel on production systems.

Education: B.Com"
R0262,Divya Chatterjee,Web Development,5,"[""Node.js"", ""TypeScript"", ""MongoDB"", ""Express.js"", ""REST API"", ""JavaScript"", ""CSS"", ""React"", ""Next.js""]","{""Node.js"": ""exact"", ""TypeScript"": ""fuzzy"", ""MongoDB"": ""fuzzy"", ""Express.js"": ""exact"", ""REST API"": ""exact"", ""JavaScript"": ""exact"", ""CSS"": ""exact"", ""React"": ""contextual"", ""Next.js"": ""exact""}","Divya Chatterjee
Professional Summary: Web Development professional with 5 years of experience at Sundial HR Group and similar organizations.

Skills: Node.js, Typescript, Mongodb, Express.js, REST API, JavaScript, CSS, built dynamic, component-based user interfaces for single-page applications, Next.js

Experience:
Sundial HR Group — Web Development Role (5 yrs)
Worked extensively with Node.js on production systems. Worked extensively with Typescript on production systems. Worked extensively with Mongodb on production systems. Worked extensively with Express.js on production systems. Worked extensively with REST API on production systems. Worked extensively with JavaScript on production systems. Worked extensively with CSS on production systems. Built dynamic, component-based user interfaces for single-page applications. Worked extensively with Next.js on production systems.

Education: BCA"
R0263,Ananya Kapoor,DevOps,12,"[""GCP"", ""Docker"", ""Terraform"", ""AWS"", ""Kubernetes"", ""Jenkins"", ""Azure"", ""Linux"", ""CI/CD"", ""Payroll"", ""HRIS""]","{""GCP"": ""exact"", ""Docker"": ""fuzzy"", ""Terraform"": ""exact"", ""AWS"": ""exact"", ""Kubernetes"": ""fuzzy"", ""Jenkins"": ""exact"", ""Azure"": ""exact"", ""Linux"": ""exact"", ""CI/CD"": ""exact"", ""Payroll"": ""contextual"", ""HRIS"": ""exact""}","Ananya Kapoor
Professional Summary: DevOps professional with 12 years of experience at Harborline Financial and similar organizations.

Skills: GCP, docker , Terraform, AWS, Kubernets, Jenkins, Azure, Linux, CI/CD, processed monthly employee compensation and statutory deductions, HRIS

Experience:
Harborline Financial — DevOps Role (12 yrs)
Worked extensively with GCP on production systems. Worked extensively with docker  on production systems. Worked extensively with Terraform on production systems. Worked extensively with AWS on production systems. Worked extensively with Kubernets on production systems. Worked extensively with Jenkins on production systems. Worked extensively with Azure on production systems. Worked extensively with Linux on production systems. Worked extensively with CI/CD on production systems. Processed monthly employee compensation and statutory deductions. Worked extensively with HRIS on production systems.

Education: B.Tech Computer Science"
R0264,Sneha Das,Finance,2,"[""Budgeting"", ""Auditing"", ""Forecasting"", ""Risk Management"", ""QuickBooks"", ""Financial Modeling"", ""Excel"", ""SAP"", ""Financial Analysis"", ""Accounting""]","{""Budgeting"": ""exact"", ""Auditing"": ""exact"", ""Forecasting"": ""exact"", ""Risk Management"": ""contextual"", ""QuickBooks"": ""exact"", ""Financial Modeling"": ""contextual"", ""Excel"": ""exact"", ""SAP"": ""exact"", ""Financial Analysis"": ""exact"", ""Accounting"": ""exact""}","Sneha Das
Professional Summary: Finance professional with 2 years of experience at Verdant Analytics and similar organizations.

Skills: Budgeting, Auditing, Forecasting, identified and mitigated operational and financial exposure for the business, QuickBooks, built spreadsheet models to forecast company revenue and cash flow, Excel, SAP, Financial Analysis, Accounting

Experience:
Verdant Analytics — Finance Role (2 yrs)
Worked extensively with Budgeting on production systems. Worked extensively with Auditing on production systems. Worked extensively with Forecasting on production systems. Identified and mitigated operational and financial exposure for the business. Worked extensively with QuickBooks on production systems. Built spreadsheet models to forecast company revenue and cash flow. Worked extensively with Excel on production systems. Worked extensively with SAP on production systems. Worked extensively with Financial Analysis on production systems. Worked extensively with Accounting on production systems.

Education: MBA Finance"
R0265,Rahul Rao,DevOps,8,"[""Ansible"", ""Docker"", ""Jenkins"", ""Kubernetes"", ""Azure"", ""Terraform"", ""Linux"", ""AWS"", ""CI/CD""]","{""Ansible"": ""exact"", ""Docker"": ""fuzzy"", ""Jenkins"": ""exact"", ""Kubernetes"": ""exact"", ""Azure"": ""exact"", ""Terraform"": ""exact"", ""Linux"": ""exact"", ""AWS"": ""exact"", ""CI/CD"": ""exact""}","Rahul Rao
Professional Summary: DevOps professional with 8 years of experience at Harborline Financial and similar organizations.

Skills: Ansible, docker , Jenkins, Kubernetes, Azure, Terraform, Linux, AWS, CI/CD

Experience:
Harborline Financial — DevOps Role (8 yrs)
Worked extensively with Ansible on production systems. Worked extensively with docker  on production systems. Worked extensively with Jenkins on production systems. Worked extensively with Kubernetes on production systems. Worked extensively with Azure on production systems. Worked extensively with Terraform on production systems. Worked extensively with Linux on production systems. Worked extensively with AWS on production systems. Worked extensively with CI/CD on production systems.

Education: B.E. Electronics and Communication"
R0266,Sanjay Nair,Human Resources,8,"[""Employee Relations"", ""Talent Acquisition"", ""HRIS"", ""Labor Law"", ""Onboarding"", ""Recruitment"", ""Performance Management"", ""Python"", ""Scikit-learn""]","{""Employee Relations"": ""exact"", ""Talent Acquisition"": ""exact"", ""HRIS"": ""exact"", ""Labor Law"": ""exact"", ""Onboarding"": ""exact"", ""Recruitment"": ""exact"", ""Performance Management"": ""exact"", ""Python"": ""exact"", ""Scikit-learn"": ""exact""}","Sanjay Nair
Professional Summary: Human Resources professional with 8 years of experience at Corestack Labs and similar organizations.

Skills: Employee Relations, Talent Acquisition, HRIS, Labor Law, Onboarding, Recruitment, Performance Management, Python, Scikit-learn

Experience:
Corestack Labs — Human Resources Role (8 yrs)
Worked extensively with Employee Relations on production systems. Worked extensively with Talent Acquisition on production systems. Worked extensively with HRIS on production systems. Worked extensively with Labor Law on production systems. Worked extensively with Onboarding on production systems. Worked extensively with Recruitment on production systems. Worked extensively with Performance Management on production systems. Worked extensively with Python on production systems. Worked extensively with Scikit-learn on production systems.

Education: B.A. Psychology"
R0267,Divya Kapoor,Data Science,5,"[""PyTorch"", ""Deep Learning"", ""Natural Language Processing"", ""Scikit-learn"", ""Statistics"", ""Python"", ""SQL"", ""NumPy"", ""Data Visualization""]","{""PyTorch"": ""exact"", ""Deep Learning"": ""contextual"", ""Natural Language Processing"": ""exact"", ""Scikit-learn"": ""exact"", ""Statistics"": ""exact"", ""Python"": ""fuzzy"", ""SQL"": ""exact"", ""NumPy"": ""exact"", ""Data Visualization"": ""exact""}","Divya Kapoor
Professional Summary: Data Science professional with 5 years of experience at Harborline Financial and similar organizations.

Skills: PyTorch, trained multi-layer neural networks for pattern recognition tasks, Natural Language Processing, Scikit-learn, Statistics, Pyhton, SQL, NumPy, Data Visualization

Experience:
Harborline Financial — Data Science Role (5 yrs)
Worked extensively with PyTorch on production systems. Trained multi-layer neural networks for pattern recognition tasks. Worked extensively with Natural Language Processing on production systems. Worked extensively with Scikit-learn on production systems. Worked extensively with Statistics on production systems. Worked extensively with Pyhton on production systems. Worked extensively with SQL on production systems. Worked extensively with NumPy on production systems. Worked extensively with Data Visualization on production systems.

Education: B.Sc Statistics"
R0268,Nikhil Joshi,Human Resources,4,"[""Payroll"", ""Labor Law"", ""Employee Relations"", ""Recruitment"", ""Talent Acquisition"", ""HRIS"", ""Performance Management"", ""Onboarding""]","{""Payroll"": ""exact"", ""Labor Law"": ""exact"", ""Employee Relations"": ""exact"", ""Recruitment"": ""exact"", ""Talent Acquisition"": ""exact"", ""HRIS"": ""exact"", ""Performance Management"": ""exact"", ""Onboarding"": ""exact""}","Nikhil Joshi
Professional Summary: Human Resources professional with 4 years of experience at Nimbus Systems and similar organizations.

Skills: Payroll, Labor Law, Employee Relations, Recruitment, Talent Acquisition, HRIS, Performance Management, Onboarding

Experience:
Nimbus Systems — Human Resources Role (4 yrs)
Worked extensively with Payroll on production systems. Worked extensively with Labor Law on production systems. Worked extensively with Employee Relations on production systems. Worked extensively with Recruitment on production systems. Worked extensively with Talent Acquisition on production systems. Worked extensively with HRIS on production systems. Worked extensively with Performance Management on production systems. Worked extensively with Onboarding on production systems.

Education: MBA Human Resources"
R0269,Divya Menon,Data Science,9,"[""TensorFlow"", ""Deep Learning"", ""Natural Language Processing"", ""Scikit-learn"", ""Data Visualization"", ""Statistics"", ""Python"", ""PyTorch""]","{""TensorFlow"": ""fuzzy"", ""Deep Learning"": ""contextual"", ""Natural Language Processing"": ""exact"", ""Scikit-learn"": ""exact"", ""Data Visualization"": ""exact"", ""Statistics"": ""exact"", ""Python"": ""contextual"", ""PyTorch"": ""fuzzy""}","Divya Menon
Professional Summary: Data Science professional with 9 years of experience at Verdant Analytics and similar organizations.

Skills: TF, trained multi-layer neural networks for pattern recognition tasks, Natural Language Processing, Scikit-learn, Data Visualization, Statistics, wrote automation scripts and backend services in a high-level scripting language, Pytorch

Experience:
Verdant Analytics — Data Science Role (9 yrs)
Worked extensively with TF on production systems. Trained multi-layer neural networks for pattern recognition tasks. Worked extensively with Natural Language Processing on production systems. Worked extensively with Scikit-learn on production systems. Worked extensively with Data Visualization on production systems. Worked extensively with Statistics on production systems. Wrote automation scripts and backend services in a high-level scripting language. Worked extensively with Pytorch on production systems.

Education: B.Tech Computer Science"
R0270,Riya Menon,Web Development,12,"[""Next.js"", ""React"", ""Node.js"", ""Express.js"", ""MongoDB"", ""HTML"", ""TypeScript"", ""JavaScript"", ""REST API"", ""CSS"", ""Performance Management"", ""Onboarding""]","{""Next.js"": ""exact"", ""React"": ""contextual"", ""Node.js"": ""exact"", ""Express.js"": ""exact"", ""MongoDB"": ""exact"", ""HTML"": ""exact"", ""TypeScript"": ""fuzzy"", ""JavaScript"": ""fuzzy"", ""REST API"": ""exact"", ""CSS"": ""exact"", ""Performance Management"": ""exact"", ""Onboarding"": ""exact""}","Riya Menon
Professional Summary: Web Development professional with 12 years of experience at Harborline Financial and similar organizations.

Skills: Next.js, built dynamic, component-based user interfaces for single-page applications, Node.js, Express.js, MongoDB, HTML, TS, JS, REST API, CSS, Performance Management, Onboarding

Experience:
Harborline Financial — Web Development Role (12 yrs)
Worked extensively with Next.js on production systems. Built dynamic, component-based user interfaces for single-page applications. Worked extensively with Node.js on production systems. Worked extensively with Express.js on production systems. Worked extensively with MongoDB on production systems. Worked extensively with HTML on production systems. Worked extensively with TS on production systems. Worked extensively with JS on production systems. Worked extensively with REST API on production systems. Worked extensively with CSS on production systems. Worked extensively with Performance Management on production systems. Worked extensively with Onboarding on production systems.

Education: B.Tech Information Technology"
R0271,Meera Kumar,Human Resources,10,"[""HRIS"", ""Payroll"", ""Onboarding"", ""Performance Management"", ""Talent Acquisition"", ""Recruitment"", ""Ansible"", ""Kubernetes""]","{""HRIS"": ""exact"", ""Payroll"": ""exact"", ""Onboarding"": ""exact"", ""Performance Management"": ""exact"", ""Talent Acquisition"": ""exact"", ""Recruitment"": ""exact"", ""Ansible"": ""exact"", ""Kubernetes"": ""exact""}","Meera Kumar
Professional Summary: Human Resources professional with 10 years of experience at Falconbyte and similar organizations.

Skills: HRIS, Payroll, Onboarding, Performance Management, Talent Acquisition, Recruitment, Ansible, Kubernetes

Experience:
Falconbyte — Human Resources Role (10 yrs)
Worked extensively with HRIS on production systems. Worked extensively with Payroll on production systems. Worked extensively with Onboarding on production systems. Worked extensively with Performance Management on production systems. Worked extensively with Talent Acquisition on production systems. Worked extensively with Recruitment on production systems. Worked extensively with Ansible on production systems. Worked extensively with Kubernetes on production systems.

Education: PGDM HR"
R0272,Vivek Kumar,DevOps,1,"[""GCP"", ""Docker"", ""AWS"", ""Ansible"", ""CI/CD"", ""Kubernetes"", ""Linux"", ""Talent Acquisition"", ""Payroll""]","{""GCP"": ""exact"", ""Docker"": ""contextual"", ""AWS"": ""exact"", ""Ansible"": ""exact"", ""CI/CD"": ""exact"", ""Kubernetes"": ""exact"", ""Linux"": ""exact"", ""Talent Acquisition"": ""exact"", ""Payroll"": ""contextual""}","Vivek Kumar
Professional Summary: DevOps professional with 1 years of experience at Corestack Labs and similar organizations.

Skills: GCP, packaged applications into portable, isolated containers for deployment, AWS, Ansible, CI/CD, Kubernetes, Linux, Talent Acquisition, processed monthly employee compensation and statutory deductions

Experience:
Corestack Labs — DevOps Role (1 yrs)
Worked extensively with GCP on production systems. Packaged applications into portable, isolated containers for deployment. Worked extensively with AWS on production systems. Worked extensively with Ansible on production systems. Worked extensively with CI/CD on production systems. Worked extensively with Kubernetes on production systems. Worked extensively with Linux on production systems. Worked extensively with Talent Acquisition on production systems. Processed monthly employee compensation and statutory deductions.

Education: B.E. Electronics and Communication"
R0273,Swati Iyer,DevOps,2,"[""Terraform"", ""Kubernetes"", ""GCP"", ""Linux"", ""Azure"", ""Docker"", ""Ansible"", ""AWS"", ""Risk Management"", ""Forecasting""]","{""Terraform"": ""exact"", ""Kubernetes"": ""contextual"", ""GCP"": ""exact"", ""Linux"": ""exact"", ""Azure"": ""exact"", ""Docker"": ""contextual"", ""Ansible"": ""exact"", ""AWS"": ""fuzzy"", ""Risk Management"": ""exact"", ""Forecasting"": ""exact""}","Swati Iyer
Professional Summary: DevOps professional with 2 years of experience at BluePeak Solutions and similar organizations.

Skills: Terraform, orchestrated containerized workloads across a distributed cluster, GCP, Linux, Azure, packaged applications into portable, isolated containers for deployment, Ansible, Amazon Web Services, Risk Management, Forecasting

Experience:
BluePeak Solutions — DevOps Role (2 yrs)
Worked extensively with Terraform on production systems. Orchestrated containerized workloads across a distributed cluster. Worked extensively with GCP on production systems. Worked extensively with Linux on production systems. Worked extensively with Azure on production systems. Packaged applications into portable, isolated containers for deployment. Worked extensively with Ansible on production systems. Worked extensively with Amazon Web Services on production systems. Worked extensively with Risk Management on production systems. Worked extensively with Forecasting on production systems.

Education: B.Tech Computer Science"
R0274,Meera Bhat,Data Science,6,"[""Python"", ""PyTorch"", ""Scikit-learn"", ""NumPy"", ""Data Visualization"", ""Machine Learning"", ""Pandas""]","{""Python"": ""exact"", ""PyTorch"": ""fuzzy"", ""Scikit-learn"": ""exact"", ""NumPy"": ""exact"", ""Data Visualization"": ""exact"", ""Machine Learning"": ""exact"", ""Pandas"": ""exact""}","Meera Bhat
Professional Summary: Data Science professional with 6 years of experience at Orbitline Technologies and similar organizations.

Skills: Python, Py Torch, Scikit-learn, NumPy, Data Visualization, Machine Learning, Pandas

Experience:
Orbitline Technologies — Data Science Role (6 yrs)
Worked extensively with Python on production systems. Worked extensively with Py Torch on production systems. Worked extensively with Scikit-learn on production systems. Worked extensively with NumPy on production systems. Worked extensively with Data Visualization on production systems. Worked extensively with Machine Learning on production systems. Worked extensively with Pandas on production systems.

Education: B.Sc Statistics"
R0275,Manish Agarwal,Web Development,1,"[""REST API"", ""React"", ""Express.js"", ""JavaScript"", ""HTML"", ""TypeScript"", ""Python"", ""Statistics""]","{""REST API"": ""contextual"", ""React"": ""exact"", ""Express.js"": ""exact"", ""JavaScript"": ""exact"", ""HTML"": ""exact"", ""TypeScript"": ""exact"", ""Python"": ""fuzzy"", ""Statistics"": ""exact""}","Manish Agarwal
Professional Summary: Web Development professional with 1 years of experience at Falconbyte and similar organizations.

Skills: designed and exposed HTTP endpoints for internal service communication, React, Express.js, JavaScript, HTML, TypeScript, Python , Statistics

Experience:
Falconbyte — Web Development Role (1 yrs)
Designed and exposed http endpoints for internal service communication. Worked extensively with React on production systems. Worked extensively with Express.js on production systems. Worked extensively with JavaScript on production systems. Worked extensively with HTML on production systems. Worked extensively with TypeScript on production systems. Worked extensively with Python  on production systems. Worked extensively with Statistics on production systems.

Education: B.Tech Information Technology"
R0276,Ananya Agarwal,Web Development,1,"[""JavaScript"", ""React"", ""Node.js"", ""REST API"", ""TypeScript"", ""MongoDB"", ""CSS"", ""Express.js"", ""Azure"", ""Kubernetes""]","{""JavaScript"": ""fuzzy"", ""React"": ""exact"", ""Node.js"": ""fuzzy"", ""REST API"": ""contextual"", ""TypeScript"": ""exact"", ""MongoDB"": ""exact"", ""CSS"": ""exact"", ""Express.js"": ""exact"", ""Azure"": ""exact"", ""Kubernetes"": ""fuzzy""}","Ananya Agarwal
Professional Summary: Web Development professional with 1 years of experience at Novatrail Consulting and similar organizations.

Skills: JS, React, NodeJS, designed and exposed HTTP endpoints for internal service communication, TypeScript, MongoDB, CSS, Express.js, Azure, Kubernets

Experience:
Novatrail Consulting — Web Development Role (1 yrs)
Worked extensively with JS on production systems. Worked extensively with React on production systems. Worked extensively with NodeJS on production systems. Designed and exposed http endpoints for internal service communication. Worked extensively with TypeScript on production systems. Worked extensively with MongoDB on production systems. Worked extensively with CSS on production systems. Worked extensively with Express.js on production systems. Worked extensively with Azure on production systems. Worked extensively with Kubernets on production systems.

Education: B.Tech Information Technology"
R0277,Rahul Reddy,Data Science,8,"[""Scikit-learn"", ""TensorFlow"", ""Statistics"", ""Pandas"", ""SQL"", ""PyTorch"", ""Python""]","{""Scikit-learn"": ""exact"", ""TensorFlow"": ""fuzzy"", ""Statistics"": ""exact"", ""Pandas"": ""exact"", ""SQL"": ""exact"", ""PyTorch"": ""exact"", ""Python"": ""exact""}","Rahul Reddy
Professional Summary: Data Science professional with 8 years of experience at Verdant Analytics and similar organizations.

Skills: Scikit-learn, Tensorflow, Statistics, Pandas, SQL, PyTorch, Python

Experience:
Verdant Analytics — Data Science Role (8 yrs)
Worked extensively with Scikit-learn on production systems. Worked extensively with Tensorflow on production systems. Worked extensively with Statistics on production systems. Worked extensively with Pandas on production systems. Worked extensively with SQL on production systems. Worked extensively with PyTorch on production systems. Worked extensively with Python on production systems.

Education: B.Sc Statistics"
R0278,Rajesh Kapoor,Human Resources,11,"[""HRIS"", ""Talent Acquisition"", ""Payroll"", ""Onboarding"", ""Performance Management"", ""Labor Law"", ""Employee Relations"", ""Recruitment""]","{""HRIS"": ""exact"", ""Talent Acquisition"": ""exact"", ""Payroll"": ""contextual"", ""Onboarding"": ""exact"", ""Performance Management"": ""exact"", ""Labor Law"": ""exact"", ""Employee Relations"": ""exact"", ""Recruitment"": ""exact""}","Rajesh Kapoor
Professional Summary: Human Resources professional with 11 years of experience at Quantwave Inc and similar organizations.

Skills: HRIS, Talent Acquisition, processed monthly employee compensation and statutory deductions, Onboarding, Performance Management, Labor Law, Employee Relations, Recruitment

Experience:
Quantwave Inc — Human Resources Role (11 yrs)
Worked extensively with HRIS on production systems. Worked extensively with Talent Acquisition on production systems. Processed monthly employee compensation and statutory deductions. Worked extensively with Onboarding on production systems. Worked extensively with Performance Management on production systems. Worked extensively with Labor Law on production systems. Worked extensively with Employee Relations on production systems. Worked extensively with Recruitment on production systems.

Education: MBA Human Resources"
R0279,Aditya Reddy,Finance,4,"[""Accounting"", ""Excel"", ""Forecasting"", ""QuickBooks"", ""Financial Analysis"", ""Risk Management""]","{""Accounting"": ""exact"", ""Excel"": ""fuzzy"", ""Forecasting"": ""exact"", ""QuickBooks"": ""exact"", ""Financial Analysis"": ""exact"", ""Risk Management"": ""exact""}","Aditya Reddy
Professional Summary: Finance professional with 4 years of experience at Meridian Softworks and similar organizations.

Skills: Accounting, Micosoft Excel, Forecasting, QuickBooks, Financial Analysis, Risk Management

Experience:
Meridian Softworks — Finance Role (4 yrs)
Worked extensively with Accounting on production systems. Worked extensively with Micosoft Excel on production systems. Worked extensively with Forecasting on production systems. Worked extensively with QuickBooks on production systems. Worked extensively with Financial Analysis on production systems. Worked extensively with Risk Management on production systems.

Education: M.Com"
R0280,Vivek Nair,Finance,1,"[""Auditing"", ""QuickBooks"", ""Budgeting"", ""Excel"", ""SAP"", ""Financial Modeling"", ""Financial Analysis"", ""Risk Management"", ""Accounting""]","{""Auditing"": ""exact"", ""QuickBooks"": ""exact"", ""Budgeting"": ""exact"", ""Excel"": ""exact"", ""SAP"": ""exact"", ""Financial Modeling"": ""contextual"", ""Financial Analysis"": ""exact"", ""Risk Management"": ""contextual"", ""Accounting"": ""exact""}","Vivek Nair
Professional Summary: Finance professional with 1 years of experience at Verdant Analytics and similar organizations.

Skills: Auditing, QuickBooks, Budgeting, Excel, SAP, built spreadsheet models to forecast company revenue and cash flow, Financial Analysis, identified and mitigated operational and financial exposure for the business, Accounting

Experience:
Verdant Analytics — Finance Role (1 yrs)
Worked extensively with Auditing on production systems. Worked extensively with QuickBooks on production systems. Worked extensively with Budgeting on production systems. Worked extensively with Excel on production systems. Worked extensively with SAP on production systems. Built spreadsheet models to forecast company revenue and cash flow. Worked extensively with Financial Analysis on production systems. Identified and mitigated operational and financial exposure for the business. Worked extensively with Accounting on production systems.

Education: M.Com"
R0281,Nikhil Verma,Data Science,7,"[""PyTorch"", ""Natural Language Processing"", ""Pandas"", ""NumPy"", ""Statistics"", ""Data Visualization"", ""SQL"", ""Deep Learning"", ""Scikit-learn"", ""TensorFlow""]","{""PyTorch"": ""exact"", ""Natural Language Processing"": ""exact"", ""Pandas"": ""exact"", ""NumPy"": ""exact"", ""Statistics"": ""exact"", ""Data Visualization"": ""contextual"", ""SQL"": ""fuzzy"", ""Deep Learning"": ""exact"", ""Scikit-learn"": ""exact"", ""TensorFlow"": ""exact""}","Nikhil Verma
Professional Summary: Data Science professional with 7 years of experience at Verdant Analytics and similar organizations.

Skills: PyTorch, Natural Language Processing, Pandas, NumPy, Statistics, created dashboards and charts to communicate insights to stakeholders, Sql, Deep Learning, Scikit-learn, TensorFlow

Experience:
Verdant Analytics — Data Science Role (7 yrs)
Worked extensively with PyTorch on production systems. Worked extensively with Natural Language Processing on production systems. Worked extensively with Pandas on production systems. Worked extensively with NumPy on production systems. Worked extensively with Statistics on production systems. Created dashboards and charts to communicate insights to stakeholders. Worked extensively with Sql on production systems. Worked extensively with Deep Learning on production systems. Worked extensively with Scikit-learn on production systems. Worked extensively with TensorFlow on production systems.

Education: M.Tech Data Science"
R0282,Kavya Agarwal,Human Resources,7,"[""Onboarding"", ""HRIS"", ""Talent Acquisition"", ""Payroll"", ""Performance Management"", ""Labor Law"", ""Recruitment"", ""Employee Relations""]","{""Onboarding"": ""exact"", ""HRIS"": ""exact"", ""Talent Acquisition"": ""exact"", ""Payroll"": ""exact"", ""Performance Management"": ""exact"", ""Labor Law"": ""exact"", ""Recruitment"": ""exact"", ""Employee Relations"": ""exact""}","Kavya Agarwal
Professional Summary: Human Resources professional with 7 years of experience at Harborline Financial and similar organizations.

Skills: Onboarding, HRIS, Talent Acquisition, Payroll, Performance Management, Labor Law, Recruitment, Employee Relations

Experience:
Harborline Financial — Human Resources Role (7 yrs)
Worked extensively with Onboarding on production systems. Worked extensively with HRIS on production systems. Worked extensively with Talent Acquisition on production systems. Worked extensively with Payroll on production systems. Worked extensively with Performance Management on production systems. Worked extensively with Labor Law on production systems. Worked extensively with Recruitment on production systems. Worked extensively with Employee Relations on production systems.

Education: PGDM HR"
R0283,Isha Mehta,Data Science,11,"[""TensorFlow"", ""Machine Learning"", ""Natural Language Processing"", ""Scikit-learn"", ""SQL"", ""Pandas"", ""Deep Learning"", ""Python""]","{""TensorFlow"": ""exact"", ""Machine Learning"": ""fuzzy"", ""Natural Language Processing"": ""exact"", ""Scikit-learn"": ""exact"", ""SQL"": ""exact"", ""Pandas"": ""exact"", ""Deep Learning"": ""contextual"", ""Python"": ""exact""}","Isha Mehta
Professional Summary: Data Science professional with 11 years of experience at Corestack Labs and similar organizations.

Skills: TensorFlow, Machine-Learning, Natural Language Processing, Scikit-learn, SQL, Pandas, trained multi-layer neural networks for pattern recognition tasks, Python

Experience:
Corestack Labs — Data Science Role (11 yrs)
Worked extensively with TensorFlow on production systems. Worked extensively with Machine-Learning on production systems. Worked extensively with Natural Language Processing on production systems. Worked extensively with Scikit-learn on production systems. Worked extensively with SQL on production systems. Worked extensively with Pandas on production systems. Trained multi-layer neural networks for pattern recognition tasks. Worked extensively with Python on production systems.

Education: B.Sc Statistics"
R0284,Ananya Kapoor,Finance,2,"[""Budgeting"", ""Financial Modeling"", ""Auditing"", ""Financial Analysis"", ""QuickBooks"", ""Accounting"", ""SAP"", ""Risk Management"", ""Excel""]","{""Budgeting"": ""exact"", ""Financial Modeling"": ""exact"", ""Auditing"": ""exact"", ""Financial Analysis"": ""exact"", ""QuickBooks"": ""exact"", ""Accounting"": ""exact"", ""SAP"": ""exact"", ""Risk Management"": ""exact"", ""Excel"": ""fuzzy""}","Ananya Kapoor
Professional Summary: Finance professional with 2 years of experience at Sundial HR Group and similar organizations.

Skills: Budgeting, Financial Modeling, Auditing, Financial Analysis, QuickBooks, Accounting, SAP, Risk Management, MS Excel

Experience:
Sundial HR Group — Finance Role (2 yrs)
Worked extensively with Budgeting on production systems. Worked extensively with Financial Modeling on production systems. Worked extensively with Auditing on production systems. Worked extensively with Financial Analysis on production systems. Worked extensively with QuickBooks on production systems. Worked extensively with Accounting on production systems. Worked extensively with SAP on production systems. Worked extensively with Risk Management on production systems. Worked extensively with MS Excel on production systems.

Education: M.Com"
R0285,Rohan Agarwal,Finance,2,"[""Budgeting"", ""Financial Analysis"", ""Financial Modeling"", ""Accounting"", ""QuickBooks"", ""SAP"", ""Excel""]","{""Budgeting"": ""exact"", ""Financial Analysis"": ""exact"", ""Financial Modeling"": ""exact"", ""Accounting"": ""exact"", ""QuickBooks"": ""exact"", ""SAP"": ""exact"", ""Excel"": ""exact""}","Rohan Agarwal
Professional Summary: Finance professional with 2 years of experience at Harborline Financial and similar organizations.

Skills: Budgeting, Financial Analysis, Financial Modeling, Accounting, QuickBooks, SAP, Excel

Experience:
Harborline Financial — Finance Role (2 yrs)
Worked extensively with Budgeting on production systems. Worked extensively with Financial Analysis on production systems. Worked extensively with Financial Modeling on production systems. Worked extensively with Accounting on production systems. Worked extensively with QuickBooks on production systems. Worked extensively with SAP on production systems. Worked extensively with Excel on production systems.

Education: B.Com"
R0286,Tanvi Pillai,Finance,3,"[""Risk Management"", ""QuickBooks"", ""Forecasting"", ""Excel"", ""SAP"", ""Auditing"", ""Accounting"", ""Budgeting""]","{""Risk Management"": ""contextual"", ""QuickBooks"": ""exact"", ""Forecasting"": ""exact"", ""Excel"": ""exact"", ""SAP"": ""exact"", ""Auditing"": ""exact"", ""Accounting"": ""exact"", ""Budgeting"": ""exact""}","Tanvi Pillai
Professional Summary: Finance professional with 3 years of experience at Nimbus Systems and similar organizations.

Skills: identified and mitigated operational and financial exposure for the business, QuickBooks, Forecasting, Excel, SAP, Auditing, Accounting, Budgeting

Experience:
Nimbus Systems — Finance Role (3 yrs)
Identified and mitigated operational and financial exposure for the business. Worked extensively with QuickBooks on production systems. Worked extensively with Forecasting on production systems. Worked extensively with Excel on production systems. Worked extensively with SAP on production systems. Worked extensively with Auditing on production systems. Worked extensively with Accounting on production systems. Worked extensively with Budgeting on production systems.

Education: M.Com"
R0287,Deepa Patel,Finance,11,"[""Risk Management"", ""Financial Modeling"", ""SAP"", ""Accounting"", ""Auditing"", ""Excel"", ""Budgeting"", ""QuickBooks"", ""Forecasting"", ""Financial Analysis""]","{""Risk Management"": ""exact"", ""Financial Modeling"": ""exact"", ""SAP"": ""exact"", ""Accounting"": ""exact"", ""Auditing"": ""exact"", ""Excel"": ""exact"", ""Budgeting"": ""exact"", ""QuickBooks"": ""exact"", ""Forecasting"": ""exact"", ""Financial Analysis"": ""exact""}","Deepa Patel
Professional Summary: Finance professional with 11 years of experience at BluePeak Solutions and similar organizations.

Skills: Risk Management, Financial Modeling, SAP, Accounting, Auditing, Excel, Budgeting, QuickBooks, Forecasting, Financial Analysis

Experience:
BluePeak Solutions — Finance Role (11 yrs)
Worked extensively with Risk Management on production systems. Worked extensively with Financial Modeling on production systems. Worked extensively with SAP on production systems. Worked extensively with Accounting on production systems. Worked extensively with Auditing on production systems. Worked extensively with Excel on production systems. Worked extensively with Budgeting on production systems. Worked extensively with QuickBooks on production systems. Worked extensively with Forecasting on production systems. Worked extensively with Financial Analysis on production systems.

Education: B.Com"
R0288,Vivek Verma,Human Resources,12,"[""Performance Management"", ""Payroll"", ""Talent Acquisition"", ""Recruitment"", ""Onboarding"", ""HRIS"", ""Labor Law"", ""Employee Relations"", ""Azure"", ""AWS""]","{""Performance Management"": ""exact"", ""Payroll"": ""contextual"", ""Talent Acquisition"": ""exact"", ""Recruitment"": ""exact"", ""Onboarding"": ""exact"", ""HRIS"": ""exact"", ""Labor Law"": ""exact"", ""Employee Relations"": ""exact"", ""Azure"": ""exact"", ""AWS"": ""exact""}","Vivek Verma
Professional Summary: Human Resources professional with 12 years of experience at Falconbyte and similar organizations.

Skills: Performance Management, processed monthly employee compensation and statutory deductions, Talent Acquisition, Recruitment, Onboarding, HRIS, Labor Law, Employee Relations, Azure, AWS

Experience:
Falconbyte — Human Resources Role (12 yrs)
Worked extensively with Performance Management on production systems. Processed monthly employee compensation and statutory deductions. Worked extensively with Talent Acquisition on production systems. Worked extensively with Recruitment on production systems. Worked extensively with Onboarding on production systems. Worked extensively with HRIS on production systems. Worked extensively with Labor Law on production systems. Worked extensively with Employee Relations on production systems. Worked extensively with Azure on production systems. Worked extensively with AWS on production systems.

Education: MBA Human Resources"
R0289,Rohan Mehta,Web Development,10,"[""React"", ""Express.js"", ""Next.js"", ""CSS"", ""TypeScript"", ""REST API"", ""Node.js""]","{""React"": ""exact"", ""Express.js"": ""exact"", ""Next.js"": ""exact"", ""CSS"": ""exact"", ""TypeScript"": ""exact"", ""REST API"": ""exact"", ""Node.js"": ""exact""}","Rohan Mehta
Professional Summary: Web Development professional with 10 years of experience at Verdant Analytics and similar organizations.

Skills: React, Express.js, Next.js, CSS, TypeScript, REST API, Node.js

Experience:
Verdant Analytics — Web Development Role (10 yrs)
Worked extensively with React on production systems. Worked extensively with Express.js on production systems. Worked extensively with Next.js on production systems. Worked extensively with CSS on production systems. Worked extensively with TypeScript on production systems. Worked extensively with REST API on production systems. Worked extensively with Node.js on production systems.

Education: B.Sc Computer Science"
R0290,Amit Reddy,Web Development,6,"[""CSS"", ""MongoDB"", ""REST API"", ""Node.js"", ""Next.js"", ""JavaScript"", ""HTML""]","{""CSS"": ""exact"", ""MongoDB"": ""exact"", ""REST API"": ""exact"", ""Node.js"": ""fuzzy"", ""Next.js"": ""exact"", ""JavaScript"": ""fuzzy"", ""HTML"": ""exact""}","Amit Reddy
Professional Summary: Web Development professional with 6 years of experience at Novatrail Consulting and similar organizations.

Skills: CSS, MongoDB, REST API, NodeJS, Next.js, JS, HTML

Experience:
Novatrail Consulting — Web Development Role (6 yrs)
Worked extensively with CSS on production systems. Worked extensively with MongoDB on production systems. Worked extensively with REST API on production systems. Worked extensively with NodeJS on production systems. Worked extensively with Next.js on production systems. Worked extensively with JS on production systems. Worked extensively with HTML on production systems.

Education: B.Sc Computer Science"
R0291,Amit Kumar,Finance,11,"[""Financial Modeling"", ""SAP"", ""Budgeting"", ""Auditing"", ""QuickBooks"", ""Accounting""]","{""Financial Modeling"": ""contextual"", ""SAP"": ""exact"", ""Budgeting"": ""exact"", ""Auditing"": ""exact"", ""QuickBooks"": ""exact"", ""Accounting"": ""exact""}","Amit Kumar
Professional Summary: Finance professional with 11 years of experience at Verdant Analytics and similar organizations.

Skills: built spreadsheet models to forecast company revenue and cash flow, SAP, Budgeting, Auditing, QuickBooks, Accounting

Experience:
Verdant Analytics — Finance Role (11 yrs)
Built spreadsheet models to forecast company revenue and cash flow. Worked extensively with SAP on production systems. Worked extensively with Budgeting on production systems. Worked extensively with Auditing on production systems. Worked extensively with QuickBooks on production systems. Worked extensively with Accounting on production systems.

Education: M.Com"
R0292,Priya Joshi,DevOps,2,"[""Kubernetes"", ""CI/CD"", ""Jenkins"", ""GCP"", ""Linux"", ""Azure"", ""AWS"", ""Ansible""]","{""Kubernetes"": ""fuzzy"", ""CI/CD"": ""fuzzy"", ""Jenkins"": ""exact"", ""GCP"": ""exact"", ""Linux"": ""exact"", ""Azure"": ""exact"", ""AWS"": ""fuzzy"", ""Ansible"": ""exact""}","Priya Joshi
Professional Summary: DevOps professional with 2 years of experience at Falconbyte and similar organizations.

Skills: Kubernets, CICD, Jenkins, GCP, Linux, Azure, A.W.S., Ansible

Experience:
Falconbyte — DevOps Role (2 yrs)
Worked extensively with Kubernets on production systems. Worked extensively with CICD on production systems. Worked extensively with Jenkins on production systems. Worked extensively with GCP on production systems. Worked extensively with Linux on production systems. Worked extensively with Azure on production systems. Worked extensively with A.W.S. on production systems. Worked extensively with Ansible on production systems.

Education: B.E. Electronics and Communication"
R0293,Vivek Das,Data Science,6,"[""Statistics"", ""Natural Language Processing"", ""Deep Learning"", ""PyTorch"", ""Data Visualization"", ""Python""]","{""Statistics"": ""exact"", ""Natural Language Processing"": ""exact"", ""Deep Learning"": ""contextual"", ""PyTorch"": ""fuzzy"", ""Data Visualization"": ""contextual"", ""Python"": ""fuzzy""}","Vivek Das
Professional Summary: Data Science professional with 6 years of experience at Harborline Financial and similar organizations.

Skills: Statistics, Natural Language Processing, trained multi-layer neural networks for pattern recognition tasks, Py Torch, created dashboards and charts to communicate insights to stakeholders, python3

Experience:
Harborline Financial — Data Science Role (6 yrs)
Worked extensively with Statistics on production systems. Worked extensively with Natural Language Processing on production systems. Trained multi-layer neural networks for pattern recognition tasks. Worked extensively with Py Torch on production systems. Created dashboards and charts to communicate insights to stakeholders. Worked extensively with python3 on production systems.

Education: B.Tech Computer Science"
R0294,Sneha Singh,Human Resources,7,"[""Employee Relations"", ""Labor Law"", ""Onboarding"", ""HRIS"", ""Performance Management"", ""Talent Acquisition"", ""Recruitment"", ""Payroll""]","{""Employee Relations"": ""exact"", ""Labor Law"": ""exact"", ""Onboarding"": ""exact"", ""HRIS"": ""fuzzy"", ""Performance Management"": ""exact"", ""Talent Acquisition"": ""exact"", ""Recruitment"": ""exact"", ""Payroll"": ""contextual""}","Sneha Singh
Professional Summary: Human Resources professional with 7 years of experience at Harborline Financial and similar organizations.

Skills: Employee Relations, Labor Law, Onboarding, HR IS, Performance Management, Talent Acquisition, Recruitment, processed monthly employee compensation and statutory deductions

Experience:
Harborline Financial — Human Resources Role (7 yrs)
Worked extensively with Employee Relations on production systems. Worked extensively with Labor Law on production systems. Worked extensively with Onboarding on production systems. Worked extensively with HR IS on production systems. Worked extensively with Performance Management on production systems. Worked extensively with Talent Acquisition on production systems. Worked extensively with Recruitment on production systems. Processed monthly employee compensation and statutory deductions.

Education: MBA Human Resources"
R0295,Pooja Menon,Web Development,11,"[""REST API"", ""Next.js"", ""CSS"", ""React"", ""JavaScript"", ""Node.js"", ""Python"", ""SQL""]","{""REST API"": ""exact"", ""Next.js"": ""exact"", ""CSS"": ""exact"", ""React"": ""contextual"", ""JavaScript"": ""exact"", ""Node.js"": ""fuzzy"", ""Python"": ""exact"", ""SQL"": ""contextual""}","Pooja Menon
Professional Summary: Web Development professional with 11 years of experience at Falconbyte and similar organizations.

Skills: REST API, Next.js, CSS, built dynamic, component-based user interfaces for single-page applications, JavaScript, Node JS, Python, wrote complex queries to extract and join data from relational databases

Experience:
Falconbyte — Web Development Role (11 yrs)
Worked extensively with REST API on production systems. Worked extensively with Next.js on production systems. Worked extensively with CSS on production systems. Built dynamic, component-based user interfaces for single-page applications. Worked extensively with JavaScript on production systems. Worked extensively with Node JS on production systems. Worked extensively with Python on production systems. Wrote complex queries to extract and join data from relational databases.

Education: B.Tech Information Technology"
R0296,Swati Mehta,Finance,6,"[""Budgeting"", ""SAP"", ""Risk Management"", ""Excel"", ""QuickBooks"", ""Auditing"", ""Financial Modeling"", ""CI/CD"", ""Ansible""]","{""Budgeting"": ""exact"", ""SAP"": ""exact"", ""Risk Management"": ""exact"", ""Excel"": ""exact"", ""QuickBooks"": ""exact"", ""Auditing"": ""exact"", ""Financial Modeling"": ""exact"", ""CI/CD"": ""exact"", ""Ansible"": ""exact""}","Swati Mehta
Professional Summary: Finance professional with 6 years of experience at Harborline Financial and similar organizations.

Skills: Budgeting, SAP, Risk Management, Excel, QuickBooks, Auditing, Financial Modeling, CI/CD, Ansible

Experience:
Harborline Financial — Finance Role (6 yrs)
Worked extensively with Budgeting on production systems. Worked extensively with SAP on production systems. Worked extensively with Risk Management on production systems. Worked extensively with Excel on production systems. Worked extensively with QuickBooks on production systems. Worked extensively with Auditing on production systems. Worked extensively with Financial Modeling on production systems. Worked extensively with CI/CD on production systems. Worked extensively with Ansible on production systems.

Education: M.Com"
R0297,Tanvi Chauhan,Finance,12,"[""Excel"", ""Financial Analysis"", ""Financial Modeling"", ""Auditing"", ""Accounting"", ""QuickBooks"", ""SAP"", ""Budgeting""]","{""Excel"": ""exact"", ""Financial Analysis"": ""exact"", ""Financial Modeling"": ""exact"", ""Auditing"": ""exact"", ""Accounting"": ""exact"", ""QuickBooks"": ""exact"", ""SAP"": ""exact"", ""Budgeting"": ""exact""}","Tanvi Chauhan
Professional Summary: Finance professional with 12 years of experience at Sundial HR Group and similar organizations.

Skills: Excel, Financial Analysis, Financial Modeling, Auditing, Accounting, QuickBooks, SAP, Budgeting

Experience:
Sundial HR Group — Finance Role (12 yrs)
Worked extensively with Excel on production systems. Worked extensively with Financial Analysis on production systems. Worked extensively with Financial Modeling on production systems. Worked extensively with Auditing on production systems. Worked extensively with Accounting on production systems. Worked extensively with QuickBooks on production systems. Worked extensively with SAP on production systems. Worked extensively with Budgeting on production systems.

Education: MBA Finance"
R0298,Pooja Nair,Web Development,5,"[""Node.js"", ""Express.js"", ""MongoDB"", ""Next.js"", ""HTML"", ""React"", ""JavaScript"", ""CSS""]","{""Node.js"": ""exact"", ""Express.js"": ""exact"", ""MongoDB"": ""exact"", ""Next.js"": ""exact"", ""HTML"": ""exact"", ""React"": ""contextual"", ""JavaScript"": ""exact"", ""CSS"": ""exact""}","Pooja Nair
Professional Summary: Web Development professional with 5 years of experience at Verdant Analytics and similar organizations.

Skills: Node.js, Express.js, MongoDB, Next.js, HTML, built dynamic, component-based user interfaces for single-page applications, JavaScript, CSS

Experience:
Verdant Analytics — Web Development Role (5 yrs)
Worked extensively with Node.js on production systems. Worked extensively with Express.js on production systems. Worked extensively with MongoDB on production systems. Worked extensively with Next.js on production systems. Worked extensively with HTML on production systems. Built dynamic, component-based user interfaces for single-page applications. Worked extensively with JavaScript on production systems. Worked extensively with CSS on production systems.

Education: B.Sc Computer Science"
R0299,Tanvi Menon,Finance,1,"[""QuickBooks"", ""Forecasting"", ""Risk Management"", ""Excel"", ""Accounting"", ""SAP"", ""Auditing"", ""Financial Analysis""]","{""QuickBooks"": ""exact"", ""Forecasting"": ""exact"", ""Risk Management"": ""exact"", ""Excel"": ""exact"", ""Accounting"": ""exact"", ""SAP"": ""exact"", ""Auditing"": ""exact"", ""Financial Analysis"": ""exact""}","Tanvi Menon
Professional Summary: Finance professional with 1 years of experience at BluePeak Solutions and similar organizations.

Skills: QuickBooks, Forecasting, Risk Management, Excel, Accounting, SAP, Auditing, Financial Analysis

Experience:
BluePeak Solutions — Finance Role (1 yrs)
Worked extensively with QuickBooks on production systems. Worked extensively with Forecasting on production systems. Worked extensively with Risk Management on production systems. Worked extensively with Excel on production systems. Worked extensively with Accounting on production systems. Worked extensively with SAP on production systems. Worked extensively with Auditing on production systems. Worked extensively with Financial Analysis on production systems.

Education: MBA Finance"
R0300,Shreya Bhat,Human Resources,5,"[""Labor Law"", ""Payroll"", ""Performance Management"", ""Recruitment"", ""Onboarding"", ""HRIS"", ""Talent Acquisition"", ""Employee Relations"", ""AWS"", ""GCP""]","{""Labor Law"": ""exact"", ""Payroll"": ""contextual"", ""Performance Management"": ""exact"", ""Recruitment"": ""exact"", ""Onboarding"": ""exact"", ""HRIS"": ""exact"", ""Talent Acquisition"": ""exact"", ""Employee Relations"": ""exact"", ""AWS"": ""fuzzy"", ""GCP"": ""exact""}","Shreya Bhat
Professional Summary: Human Resources professional with 5 years of experience at Harborline Financial and similar organizations.

Skills: Labor Law, processed monthly employee compensation and statutory deductions, Performance Management, Recruitment, Onboarding, HRIS, Talent Acquisition, Employee Relations, A.W.S., GCP

Experience:
Harborline Financial — Human Resources Role (5 yrs)
Worked extensively with Labor Law on production systems. Processed monthly employee compensation and statutory deductions. Worked extensively with Performance Management on production systems. Worked extensively with Recruitment on production systems. Worked extensively with Onboarding on production systems. Worked extensively with HRIS on production systems. Worked extensively with Talent Acquisition on production systems. Worked extensively with Employee Relations on production systems. Worked extensively with A.W.S. on production systems. Worked extensively with GCP on production systems.

Education: PGDM HR"
R0301,Arjun Chauhan,Data Science,11,"[""Scikit-learn"", ""Data Visualization"", ""Machine Learning"", ""Natural Language Processing"", ""Deep Learning"", ""Python"", ""TensorFlow"", ""Pandas"", ""NumPy""]","{""Scikit-learn"": ""exact"", ""Data Visualization"": ""contextual"", ""Machine Learning"": ""contextual"", ""Natural Language Processing"": ""exact"", ""Deep Learning"": ""contextual"", ""Python"": ""fuzzy"", ""TensorFlow"": ""exact"", ""Pandas"": ""exact"", ""NumPy"": ""exact""}","Arjun Chauhan
Professional Summary: Data Science professional with 11 years of experience at Nimbus Systems and similar organizations.

Skills: Scikit-learn, created dashboards and charts to communicate insights to stakeholders, built predictive models that learn patterns from historical data, Natural Language Processing, trained multi-layer neural networks for pattern recognition tasks, Python , TensorFlow, Pandas, NumPy

Experience:
Nimbus Systems — Data Science Role (11 yrs)
Worked extensively with Scikit-learn on production systems. Created dashboards and charts to communicate insights to stakeholders. Built predictive models that learn patterns from historical data. Worked extensively with Natural Language Processing on production systems. Trained multi-layer neural networks for pattern recognition tasks. Worked extensively with Python  on production systems. Worked extensively with TensorFlow on production systems. Worked extensively with Pandas on production systems. Worked extensively with NumPy on production systems.

Education: M.Tech Data Science"
R0302,Deepa Singh,DevOps,2,"[""Docker"", ""Kubernetes"", ""Linux"", ""GCP"", ""CI/CD"", ""AWS"", ""Azure"", ""Ansible""]","{""Docker"": ""exact"", ""Kubernetes"": ""fuzzy"", ""Linux"": ""exact"", ""GCP"": ""exact"", ""CI/CD"": ""exact"", ""AWS"": ""exact"", ""Azure"": ""exact"", ""Ansible"": ""exact""}","Deepa Singh
Professional Summary: DevOps professional with 2 years of experience at Nimbus Systems and similar organizations.

Skills: Docker, Kubernets, Linux, GCP, CI/CD, AWS, Azure, Ansible

Experience:
Nimbus Systems — DevOps Role (2 yrs)
Worked extensively with Docker on production systems. Worked extensively with Kubernets on production systems. Worked extensively with Linux on production systems. Worked extensively with GCP on production systems. Worked extensively with CI/CD on production systems. Worked extensively with AWS on production systems. Worked extensively with Azure on production systems. Worked extensively with Ansible on production systems.

Education: B.Tech Computer Science"
R0303,Sanjay Chauhan,DevOps,7,"[""AWS"", ""Terraform"", ""Kubernetes"", ""Linux"", ""GCP"", ""Jenkins"", ""Ansible"", ""CI/CD"", ""Azure"", ""Docker""]","{""AWS"": ""contextual"", ""Terraform"": ""exact"", ""Kubernetes"": ""exact"", ""Linux"": ""exact"", ""GCP"": ""exact"", ""Jenkins"": ""exact"", ""Ansible"": ""exact"", ""CI/CD"": ""exact"", ""Azure"": ""exact"", ""Docker"": ""exact""}","Sanjay Chauhan
Professional Summary: DevOps professional with 7 years of experience at Verdant Analytics and similar organizations.

Skills: provisioned and managed cloud infrastructure on a major public cloud platform, Terraform, Kubernetes, Linux, GCP, Jenkins, Ansible, CI/CD, Azure, Docker

Experience:
Verdant Analytics — DevOps Role (7 yrs)
Provisioned and managed cloud infrastructure on a major public cloud platform. Worked extensively with Terraform on production systems. Worked extensively with Kubernetes on production systems. Worked extensively with Linux on production systems. Worked extensively with GCP on production systems. Worked extensively with Jenkins on production systems. Worked extensively with Ansible on production systems. Worked extensively with CI/CD on production systems. Worked extensively with Azure on production systems. Worked extensively with Docker on production systems.

Education: B.E. Electronics and Communication"
R0304,Tanvi Das,Human Resources,4,"[""Onboarding"", ""Employee Relations"", ""Payroll"", ""Talent Acquisition"", ""Recruitment"", ""Labor Law"", ""Performance Management"", ""HRIS""]","{""Onboarding"": ""exact"", ""Employee Relations"": ""exact"", ""Payroll"": ""exact"", ""Talent Acquisition"": ""exact"", ""Recruitment"": ""exact"", ""Labor Law"": ""exact"", ""Performance Management"": ""exact"", ""HRIS"": ""fuzzy""}","Tanvi Das
Professional Summary: Human Resources professional with 4 years of experience at Novatrail Consulting and similar organizations.

Skills: Onboarding, Employee Relations, Payroll, Talent Acquisition, Recruitment, Labor Law, Performance Management, H.R.I.S.

Experience:
Novatrail Consulting — Human Resources Role (4 yrs)
Worked extensively with Onboarding on production systems. Worked extensively with Employee Relations on production systems. Worked extensively with Payroll on production systems. Worked extensively with Talent Acquisition on production systems. Worked extensively with Recruitment on production systems. Worked extensively with Labor Law on production systems. Worked extensively with Performance Management on production systems. Worked extensively with H.R.I.S. on production systems.

Education: B.A. Psychology"
R0305,Priya Patel,DevOps,7,"[""GCP"", ""Kubernetes"", ""Docker"", ""Ansible"", ""Terraform"", ""CI/CD"", ""Azure"", ""Linux""]","{""GCP"": ""exact"", ""Kubernetes"": ""fuzzy"", ""Docker"": ""exact"", ""Ansible"": ""exact"", ""Terraform"": ""exact"", ""CI/CD"": ""contextual"", ""Azure"": ""exact"", ""Linux"": ""exact""}","Priya Patel
Professional Summary: DevOps professional with 7 years of experience at Sundial HR Group and similar organizations.

Skills: GCP, Kubernetes , Docker, Ansible, Terraform, set up automated build and deployment pipelines triggered on every commit, Azure, Linux

Experience:
Sundial HR Group — DevOps Role (7 yrs)
Worked extensively with GCP on production systems. Worked extensively with Kubernetes  on production systems. Worked extensively with Docker on production systems. Worked extensively with Ansible on production systems. Worked extensively with Terraform on production systems. Set up automated build and deployment pipelines triggered on every commit. Worked extensively with Azure on production systems. Worked extensively with Linux on production systems.

Education: B.E. Electronics and Communication"
R0306,Siddharth Singh,Data Science,11,"[""NumPy"", ""Statistics"", ""Machine Learning"", ""TensorFlow"", ""Python"", ""PyTorch"", ""Pandas"", ""SQL"", ""Natural Language Processing"", ""Scikit-learn""]","{""NumPy"": ""exact"", ""Statistics"": ""exact"", ""Machine Learning"": ""contextual"", ""TensorFlow"": ""fuzzy"", ""Python"": ""fuzzy"", ""PyTorch"": ""fuzzy"", ""Pandas"": ""exact"", ""SQL"": ""exact"", ""Natural Language Processing"": ""exact"", ""Scikit-learn"": ""exact""}","Siddharth Singh
Professional Summary: Data Science professional with 11 years of experience at Sundial HR Group and similar organizations.

Skills: NumPy, Statistics, built predictive models that learn patterns from historical data, Tensorflow, Python , Pytorch, Pandas, SQL, Natural Language Processing, Scikit-learn

Experience:
Sundial HR Group — Data Science Role (11 yrs)
Worked extensively with NumPy on production systems. Worked extensively with Statistics on production systems. Built predictive models that learn patterns from historical data. Worked extensively with Tensorflow on production systems. Worked extensively with Python  on production systems. Worked extensively with Pytorch on production systems. Worked extensively with Pandas on production systems. Worked extensively with SQL on production systems. Worked extensively with Natural Language Processing on production systems. Worked extensively with Scikit-learn on production systems.

Education: B.Sc Statistics"
R0307,Deepa Pillai,Web Development,4,"[""HTML"", ""MongoDB"", ""Node.js"", ""TypeScript"", ""React"", ""Next.js""]","{""HTML"": ""exact"", ""MongoDB"": ""exact"", ""Node.js"": ""exact"", ""TypeScript"": ""exact"", ""React"": ""contextual"", ""Next.js"": ""exact""}","Deepa Pillai
Professional Summary: Web Development professional with 4 years of experience at Verdant Analytics and similar organizations.

Skills: HTML, MongoDB, Node.js, TypeScript, built dynamic, component-based user interfaces for single-page applications, Next.js

Experience:
Verdant Analytics — Web Development Role (4 yrs)
Worked extensively with HTML on production systems. Worked extensively with MongoDB on production systems. Worked extensively with Node.js on production systems. Worked extensively with TypeScript on production systems. Built dynamic, component-based user interfaces for single-page applications. Worked extensively with Next.js on production systems.

Education: B.Sc Computer Science"
R0308,Deepa Chatterjee,Human Resources,7,"[""Labor Law"", ""Recruitment"", ""Payroll"", ""HRIS"", ""Onboarding"", ""Performance Management"", ""Talent Acquisition"", ""Employee Relations"", ""Machine Learning"", ""Statistics""]","{""Labor Law"": ""exact"", ""Recruitment"": ""contextual"", ""Payroll"": ""contextual"", ""HRIS"": ""exact"", ""Onboarding"": ""exact"", ""Performance Management"": ""exact"", ""Talent Acquisition"": ""exact"", ""Employee Relations"": ""exact"", ""Machine Learning"": ""contextual"", ""Statistics"": ""exact""}","Deepa Chatterjee
Professional Summary: Human Resources professional with 7 years of experience at Falconbyte and similar organizations.

Skills: Labor Law, managed the full candidate sourcing and hiring lifecycle, processed monthly employee compensation and statutory deductions, HRIS, Onboarding, Performance Management, Talent Acquisition, Employee Relations, built predictive models that learn patterns from historical data, Statistics

Experience:
Falconbyte — Human Resources Role (7 yrs)
Worked extensively with Labor Law on production systems. Managed the full candidate sourcing and hiring lifecycle. Processed monthly employee compensation and statutory deductions. Worked extensively with HRIS on production systems. Worked extensively with Onboarding on production systems. Worked extensively with Performance Management on production systems. Worked extensively with Talent Acquisition on production systems. Worked extensively with Employee Relations on production systems. Built predictive models that learn patterns from historical data. Worked extensively with Statistics on production systems.

Education: PGDM HR"
R0309,Kavya Chauhan,Web Development,11,"[""Express.js"", ""JavaScript"", ""REST API"", ""CSS"", ""Node.js"", ""MongoDB"", ""Auditing"", ""Excel""]","{""Express.js"": ""exact"", ""JavaScript"": ""exact"", ""REST API"": ""exact"", ""CSS"": ""exact"", ""Node.js"": ""exact"", ""MongoDB"": ""exact"", ""Auditing"": ""exact"", ""Excel"": ""exact""}","Kavya Chauhan
Professional Summary: Web Development professional with 11 years of experience at Quantwave Inc and similar organizations.

Skills: Express.js, JavaScript, REST API, CSS, Node.js, MongoDB, Auditing, Excel

Experience:
Quantwave Inc — Web Development Role (11 yrs)
Worked extensively with Express.js on production systems. Worked extensively with JavaScript on production systems. Worked extensively with REST API on production systems. Worked extensively with CSS on production systems. Worked extensively with Node.js on production systems. Worked extensively with MongoDB on production systems. Worked extensively with Auditing on production systems. Worked extensively with Excel on production systems.

Education: B.Sc Computer Science"
R0310,Deepa Iyer,DevOps,10,"[""Ansible"", ""AWS"", ""Jenkins"", ""Terraform"", ""Linux"", ""CI/CD"", ""GCP"", ""Azure"", ""Kubernetes"", ""Docker""]","{""Ansible"": ""exact"", ""AWS"": ""exact"", ""Jenkins"": ""exact"", ""Terraform"": ""exact"", ""Linux"": ""exact"", ""CI/CD"": ""exact"", ""GCP"": ""exact"", ""Azure"": ""exact"", ""Kubernetes"": ""exact"", ""Docker"": ""exact""}","Deepa Iyer
Professional Summary: DevOps professional with 10 years of experience at BluePeak Solutions and similar organizations.

Skills: Ansible, AWS, Jenkins, Terraform, Linux, CI/CD, GCP, Azure, Kubernetes, Docker

Experience:
BluePeak Solutions — DevOps Role (10 yrs)
Worked extensively with Ansible on production systems. Worked extensively with AWS on production systems. Worked extensively with Jenkins on production systems. Worked extensively with Terraform on production systems. Worked extensively with Linux on production systems. Worked extensively with CI/CD on production systems. Worked extensively with GCP on production systems. Worked extensively with Azure on production systems. Worked extensively with Kubernetes on production systems. Worked extensively with Docker on production systems.

Education: B.E. Electronics and Communication"
R0311,Pooja Reddy,Finance,10,"[""Financial Modeling"", ""Forecasting"", ""Budgeting"", ""Accounting"", ""QuickBooks"", ""Excel"", ""Machine Learning"", ""Scikit-learn""]","{""Financial Modeling"": ""contextual"", ""Forecasting"": ""exact"", ""Budgeting"": ""exact"", ""Accounting"": ""exact"", ""QuickBooks"": ""exact"", ""Excel"": ""fuzzy"", ""Machine Learning"": ""contextual"", ""Scikit-learn"": ""exact""}","Pooja Reddy
Professional Summary: Finance professional with 10 years of experience at BluePeak Solutions and similar organizations.

Skills: built spreadsheet models to forecast company revenue and cash flow, Forecasting, Budgeting, Accounting, QuickBooks, Micosoft Excel, built predictive models that learn patterns from historical data, Scikit-learn

Experience:
BluePeak Solutions — Finance Role (10 yrs)
Built spreadsheet models to forecast company revenue and cash flow. Worked extensively with Forecasting on production systems. Worked extensively with Budgeting on production systems. Worked extensively with Accounting on production systems. Worked extensively with QuickBooks on production systems. Worked extensively with Micosoft Excel on production systems. Built predictive models that learn patterns from historical data. Worked extensively with Scikit-learn on production systems.

Education: MBA Finance"
R0312,Sneha Reddy,Finance,4,"[""Excel"", ""Financial Modeling"", ""Auditing"", ""Risk Management"", ""SAP"", ""QuickBooks"", ""Budgeting"", ""Accounting"", ""Forecasting"", ""Financial Analysis""]","{""Excel"": ""fuzzy"", ""Financial Modeling"": ""contextual"", ""Auditing"": ""exact"", ""Risk Management"": ""contextual"", ""SAP"": ""exact"", ""QuickBooks"": ""exact"", ""Budgeting"": ""exact"", ""Accounting"": ""exact"", ""Forecasting"": ""exact"", ""Financial Analysis"": ""exact""}","Sneha Reddy
Professional Summary: Finance professional with 4 years of experience at Quantwave Inc and similar organizations.

Skills: Micosoft Excel, built spreadsheet models to forecast company revenue and cash flow, Auditing, identified and mitigated operational and financial exposure for the business, SAP, QuickBooks, Budgeting, Accounting, Forecasting, Financial Analysis

Experience:
Quantwave Inc — Finance Role (4 yrs)
Worked extensively with Micosoft Excel on production systems. Built spreadsheet models to forecast company revenue and cash flow. Worked extensively with Auditing on production systems. Identified and mitigated operational and financial exposure for the business. Worked extensively with SAP on production systems. Worked extensively with QuickBooks on production systems. Worked extensively with Budgeting on production systems. Worked extensively with Accounting on production systems. Worked extensively with Forecasting on production systems. Worked extensively with Financial Analysis on production systems.

Education: MBA Finance"
R0313,Nikhil Chatterjee,Data Science,6,"[""PyTorch"", ""Scikit-learn"", ""NumPy"", ""SQL"", ""Deep Learning"", ""Python"", ""Natural Language Processing""]","{""PyTorch"": ""exact"", ""Scikit-learn"": ""fuzzy"", ""NumPy"": ""exact"", ""SQL"": ""exact"", ""Deep Learning"": ""contextual"", ""Python"": ""exact"", ""Natural Language Processing"": ""exact""}","Nikhil Chatterjee
Professional Summary: Data Science professional with 6 years of experience at Trailhead Digital and similar organizations.

Skills: PyTorch, Scikitlearn, NumPy, SQL, trained multi-layer neural networks for pattern recognition tasks, Python, Natural Language Processing

Experience:
Trailhead Digital — Data Science Role (6 yrs)
Worked extensively with PyTorch on production systems. Worked extensively with Scikitlearn on production systems. Worked extensively with NumPy on production systems. Worked extensively with SQL on production systems. Trained multi-layer neural networks for pattern recognition tasks. Worked extensively with Python on production systems. Worked extensively with Natural Language Processing on production systems.

Education: B.Sc Statistics"
R0314,Aditya Iyer,Human Resources,7,"[""Talent Acquisition"", ""Recruitment"", ""Payroll"", ""Onboarding"", ""Performance Management"", ""Employee Relations"", ""Labor Law"", ""HRIS""]","{""Talent Acquisition"": ""exact"", ""Recruitment"": ""contextual"", ""Payroll"": ""contextual"", ""Onboarding"": ""exact"", ""Performance Management"": ""exact"", ""Employee Relations"": ""exact"", ""Labor Law"": ""exact"", ""HRIS"": ""fuzzy""}","Aditya Iyer
Professional Summary: Human Resources professional with 7 years of experience at Nimbus Systems and similar organizations.

Skills: Talent Acquisition, managed the full candidate sourcing and hiring lifecycle, processed monthly employee compensation and statutory deductions, Onboarding, Performance Management, Employee Relations, Labor Law, H.R.I.S.

Experience:
Nimbus Systems — Human Resources Role (7 yrs)
Worked extensively with Talent Acquisition on production systems. Managed the full candidate sourcing and hiring lifecycle. Processed monthly employee compensation and statutory deductions. Worked extensively with Onboarding on production systems. Worked extensively with Performance Management on production systems. Worked extensively with Employee Relations on production systems. Worked extensively with Labor Law on production systems. Worked extensively with H.R.I.S. on production systems.

Education: B.A. Psychology"
R0315,Siddharth Gupta,Human Resources,9,"[""HRIS"", ""Talent Acquisition"", ""Performance Management"", ""Employee Relations"", ""Labor Law"", ""Recruitment"", ""Onboarding"", ""Payroll""]","{""HRIS"": ""fuzzy"", ""Talent Acquisition"": ""exact"", ""Performance Management"": ""exact"", ""Employee Relations"": ""exact"", ""Labor Law"": ""exact"", ""Recruitment"": ""exact"", ""Onboarding"": ""exact"", ""Payroll"": ""exact""}","Siddharth Gupta
Professional Summary: Human Resources professional with 9 years of experience at Harborline Financial and similar organizations.

Skills: H.R.I.S., Talent Acquisition, Performance Management, Employee Relations, Labor Law, Recruitment, Onboarding, Payroll

Experience:
Harborline Financial — Human Resources Role (9 yrs)
Worked extensively with H.R.I.S. on production systems. Worked extensively with Talent Acquisition on production systems. Worked extensively with Performance Management on production systems. Worked extensively with Employee Relations on production systems. Worked extensively with Labor Law on production systems. Worked extensively with Recruitment on production systems. Worked extensively with Onboarding on production systems. Worked extensively with Payroll on production systems.

Education: PGDM HR"
R0316,Nikhil Das,Web Development,12,"[""Express.js"", ""CSS"", ""HTML"", ""JavaScript"", ""Next.js"", ""TypeScript"", ""Node.js"", ""MongoDB"", ""React"", ""REST API"", ""Payroll"", ""Performance Management""]","{""Express.js"": ""exact"", ""CSS"": ""exact"", ""HTML"": ""exact"", ""JavaScript"": ""fuzzy"", ""Next.js"": ""exact"", ""TypeScript"": ""fuzzy"", ""Node.js"": ""exact"", ""MongoDB"": ""fuzzy"", ""React"": ""exact"", ""REST API"": ""contextual"", ""Payroll"": ""contextual"", ""Performance Management"": ""exact""}","Nikhil Das
Professional Summary: Web Development professional with 12 years of experience at Meridian Softworks and similar organizations.

Skills: Express.js, CSS, HTML, JS, Next.js, Typescript, Node.js, Mongo DB, React, designed and exposed HTTP endpoints for internal service communication, processed monthly employee compensation and statutory deductions, Performance Management

Experience:
Meridian Softworks — Web Development Role (12 yrs)
Worked extensively with Express.js on production systems. Worked extensively with CSS on production systems. Worked extensively with HTML on production systems. Worked extensively with JS on production systems. Worked extensively with Next.js on production systems. Worked extensively with Typescript on production systems. Worked extensively with Node.js on production systems. Worked extensively with Mongo DB on production systems. Worked extensively with React on production systems. Designed and exposed http endpoints for internal service communication. Processed monthly employee compensation and statutory deductions. Worked extensively with Performance Management on production systems.

Education: BCA"
R0317,Ananya Nair,Finance,12,"[""Financial Analysis"", ""SAP"", ""Forecasting"", ""Accounting"", ""Risk Management"", ""Budgeting"", ""Excel"", ""Auditing"", ""QuickBooks"", ""Financial Modeling"", ""TypeScript"", ""MongoDB""]","{""Financial Analysis"": ""exact"", ""SAP"": ""exact"", ""Forecasting"": ""exact"", ""Accounting"": ""exact"", ""Risk Management"": ""exact"", ""Budgeting"": ""exact"", ""Excel"": ""exact"", ""Auditing"": ""exact"", ""QuickBooks"": ""exact"", ""Financial Modeling"": ""exact"", ""TypeScript"": ""exact"", ""MongoDB"": ""exact""}","Ananya Nair
Professional Summary: Finance professional with 12 years of experience at Meridian Softworks and similar organizations.

Skills: Financial Analysis, SAP, Forecasting, Accounting, Risk Management, Budgeting, Excel, Auditing, QuickBooks, Financial Modeling, TypeScript, MongoDB

Experience:
Meridian Softworks — Finance Role (12 yrs)
Worked extensively with Financial Analysis on production systems. Worked extensively with SAP on production systems. Worked extensively with Forecasting on production systems. Worked extensively with Accounting on production systems. Worked extensively with Risk Management on production systems. Worked extensively with Budgeting on production systems. Worked extensively with Excel on production systems. Worked extensively with Auditing on production systems. Worked extensively with QuickBooks on production systems. Worked extensively with Financial Modeling on production systems. Worked extensively with TypeScript on production systems. Worked extensively with MongoDB on production systems.

Education: B.Com"
R0318,Vikram Bhat,Human Resources,9,"[""Labor Law"", ""Talent Acquisition"", ""Payroll"", ""Onboarding"", ""HRIS"", ""Employee Relations"", ""Recruitment"", ""Performance Management""]","{""Labor Law"": ""exact"", ""Talent Acquisition"": ""exact"", ""Payroll"": ""contextual"", ""Onboarding"": ""exact"", ""HRIS"": ""exact"", ""Employee Relations"": ""exact"", ""Recruitment"": ""contextual"", ""Performance Management"": ""exact""}","Vikram Bhat
Professional Summary: Human Resources professional with 9 years of experience at Verdant Analytics and similar organizations.

Skills: Labor Law, Talent Acquisition, processed monthly employee compensation and statutory deductions, Onboarding, HRIS, Employee Relations, managed the full candidate sourcing and hiring lifecycle, Performance Management

Experience:
Verdant Analytics — Human Resources Role (9 yrs)
Worked extensively with Labor Law on production systems. Worked extensively with Talent Acquisition on production systems. Processed monthly employee compensation and statutory deductions. Worked extensively with Onboarding on production systems. Worked extensively with HRIS on production systems. Worked extensively with Employee Relations on production systems. Managed the full candidate sourcing and hiring lifecycle. Worked extensively with Performance Management on production systems.

Education: PGDM HR"
R0319,Divya Das,Data Science,8,"[""Data Visualization"", ""NumPy"", ""Python"", ""SQL"", ""Deep Learning"", ""Natural Language Processing"", ""PyTorch"", ""Scikit-learn""]","{""Data Visualization"": ""exact"", ""NumPy"": ""exact"", ""Python"": ""exact"", ""SQL"": ""contextual"", ""Deep Learning"": ""contextual"", ""Natural Language Processing"": ""exact"", ""PyTorch"": ""exact"", ""Scikit-learn"": ""exact""}","Divya Das
Professional Summary: Data Science professional with 8 years of experience at Nimbus Systems and similar organizations.

Skills: Data Visualization, NumPy, Python, wrote complex queries to extract and join data from relational databases, trained multi-layer neural networks for pattern recognition tasks, Natural Language Processing, PyTorch, Scikit-learn

Experience:
Nimbus Systems — Data Science Role (8 yrs)
Worked extensively with Data Visualization on production systems. Worked extensively with NumPy on production systems. Worked extensively with Python on production systems. Wrote complex queries to extract and join data from relational databases. Trained multi-layer neural networks for pattern recognition tasks. Worked extensively with Natural Language Processing on production systems. Worked extensively with PyTorch on production systems. Worked extensively with Scikit-learn on production systems.

Education: B.Tech Computer Science"
R0320,Kavya Chauhan,Data Science,3,"[""Scikit-learn"", ""Machine Learning"", ""Python"", ""TensorFlow"", ""PyTorch"", ""NumPy"", ""Deep Learning"", ""SQL"", ""Pandas"", ""Statistics""]","{""Scikit-learn"": ""fuzzy"", ""Machine Learning"": ""fuzzy"", ""Python"": ""contextual"", ""TensorFlow"": ""exact"", ""PyTorch"": ""fuzzy"", ""NumPy"": ""exact"", ""Deep Learning"": ""contextual"", ""SQL"": ""exact"", ""Pandas"": ""exact"", ""Statistics"": ""exact""}","Kavya Chauhan
Professional Summary: Data Science professional with 3 years of experience at Orbitline Technologies and similar organizations.

Skills: Scikit Learn, ML, wrote automation scripts and backend services in a high-level scripting language, TensorFlow, Pytorch, NumPy, trained multi-layer neural networks for pattern recognition tasks, SQL, Pandas, Statistics

Experience:
Orbitline Technologies — Data Science Role (3 yrs)
Worked extensively with Scikit Learn on production systems. Worked extensively with ML on production systems. Wrote automation scripts and backend services in a high-level scripting language. Worked extensively with TensorFlow on production systems. Worked extensively with Pytorch on production systems. Worked extensively with NumPy on production systems. Trained multi-layer neural networks for pattern recognition tasks. Worked extensively with SQL on production systems. Worked extensively with Pandas on production systems. Worked extensively with Statistics on production systems.

Education: B.Sc Statistics"
R0321,Karan Kapoor,Human Resources,9,"[""Onboarding"", ""Performance Management"", ""Labor Law"", ""Recruitment"", ""Employee Relations"", ""Payroll"", ""HRIS"", ""Talent Acquisition"", ""Data Visualization"", ""SQL""]","{""Onboarding"": ""exact"", ""Performance Management"": ""exact"", ""Labor Law"": ""exact"", ""Recruitment"": ""exact"", ""Employee Relations"": ""exact"", ""Payroll"": ""contextual"", ""HRIS"": ""exact"", ""Talent Acquisition"": ""exact"", ""Data Visualization"": ""exact"", ""SQL"": ""exact""}","Karan Kapoor
Professional Summary: Human Resources professional with 9 years of experience at Nimbus Systems and similar organizations.

Skills: Onboarding, Performance Management, Labor Law, Recruitment, Employee Relations, processed monthly employee compensation and statutory deductions, HRIS, Talent Acquisition, Data Visualization, SQL

Experience:
Nimbus Systems — Human Resources Role (9 yrs)
Worked extensively with Onboarding on production systems. Worked extensively with Performance Management on production systems. Worked extensively with Labor Law on production systems. Worked extensively with Recruitment on production systems. Worked extensively with Employee Relations on production systems. Processed monthly employee compensation and statutory deductions. Worked extensively with HRIS on production systems. Worked extensively with Talent Acquisition on production systems. Worked extensively with Data Visualization on production systems. Worked extensively with SQL on production systems.

Education: MBA Human Resources"
R0322,Rohan Reddy,DevOps,2,"[""GCP"", ""Docker"", ""Ansible"", ""Linux"", ""Azure"", ""AWS"", ""CI/CD"", ""Terraform"", ""Kubernetes"", ""Performance Management"", ""Employee Relations""]","{""GCP"": ""exact"", ""Docker"": ""exact"", ""Ansible"": ""exact"", ""Linux"": ""exact"", ""Azure"": ""exact"", ""AWS"": ""fuzzy"", ""CI/CD"": ""fuzzy"", ""Terraform"": ""exact"", ""Kubernetes"": ""fuzzy"", ""Performance Management"": ""exact"", ""Employee Relations"": ""exact""}","Rohan Reddy
Professional Summary: DevOps professional with 2 years of experience at Novatrail Consulting and similar organizations.

Skills: GCP, Docker, Ansible, Linux, Azure, Amazon Web Services, CI-CD, Terraform, Kubernets, Performance Management, Employee Relations

Experience:
Novatrail Consulting — DevOps Role (2 yrs)
Worked extensively with GCP on production systems. Worked extensively with Docker on production systems. Worked extensively with Ansible on production systems. Worked extensively with Linux on production systems. Worked extensively with Azure on production systems. Worked extensively with Amazon Web Services on production systems. Worked extensively with CI-CD on production systems. Worked extensively with Terraform on production systems. Worked extensively with Kubernets on production systems. Worked extensively with Performance Management on production systems. Worked extensively with Employee Relations on production systems.

Education: B.Tech Computer Science"
R0323,Manish Singh,Human Resources,2,"[""HRIS"", ""Payroll"", ""Recruitment"", ""Talent Acquisition"", ""Onboarding"", ""Labor Law"", ""Employee Relations"", ""Performance Management""]","{""HRIS"": ""exact"", ""Payroll"": ""contextual"", ""Recruitment"": ""exact"", ""Talent Acquisition"": ""exact"", ""Onboarding"": ""exact"", ""Labor Law"": ""exact"", ""Employee Relations"": ""exact"", ""Performance Management"": ""exact""}","Manish Singh
Professional Summary: Human Resources professional with 2 years of experience at Corestack Labs and similar organizations.

Skills: HRIS, processed monthly employee compensation and statutory deductions, Recruitment, Talent Acquisition, Onboarding, Labor Law, Employee Relations, Performance Management

Experience:
Corestack Labs — Human Resources Role (2 yrs)
Worked extensively with HRIS on production systems. Processed monthly employee compensation and statutory deductions. Worked extensively with Recruitment on production systems. Worked extensively with Talent Acquisition on production systems. Worked extensively with Onboarding on production systems. Worked extensively with Labor Law on production systems. Worked extensively with Employee Relations on production systems. Worked extensively with Performance Management on production systems.

Education: MBA Human Resources"
R0324,Deepa Bhat,Finance,4,"[""SAP"", ""QuickBooks"", ""Accounting"", ""Auditing"", ""Budgeting"", ""Financial Analysis""]","{""SAP"": ""exact"", ""QuickBooks"": ""exact"", ""Accounting"": ""exact"", ""Auditing"": ""exact"", ""Budgeting"": ""exact"", ""Financial Analysis"": ""exact""}","Deepa Bhat
Professional Summary: Finance professional with 4 years of experience at Orbitline Technologies and similar organizations.

Skills: SAP, QuickBooks, Accounting, Auditing, Budgeting, Financial Analysis

Experience:
Orbitline Technologies — Finance Role (4 yrs)
Worked extensively with SAP on production systems. Worked extensively with QuickBooks on production systems. Worked extensively with Accounting on production systems. Worked extensively with Auditing on production systems. Worked extensively with Budgeting on production systems. Worked extensively with Financial Analysis on production systems.

Education: B.Com"
R0325,Kavya Joshi,Data Science,10,"[""PyTorch"", ""Data Visualization"", ""NumPy"", ""Deep Learning"", ""Python"", ""Natural Language Processing""]","{""PyTorch"": ""exact"", ""Data Visualization"": ""exact"", ""NumPy"": ""exact"", ""Deep Learning"": ""contextual"", ""Python"": ""exact"", ""Natural Language Processing"": ""exact""}","Kavya Joshi
Professional Summary: Data Science professional with 10 years of experience at Corestack Labs and similar organizations.

Skills: PyTorch, Data Visualization, NumPy, trained multi-layer neural networks for pattern recognition tasks, Python, Natural Language Processing

Experience:
Corestack Labs — Data Science Role (10 yrs)
Worked extensively with PyTorch on production systems. Worked extensively with Data Visualization on production systems. Worked extensively with NumPy on production systems. Trained multi-layer neural networks for pattern recognition tasks. Worked extensively with Python on production systems. Worked extensively with Natural Language Processing on production systems.

Education: B.Sc Statistics"
R0326,Nikhil Menon,Finance,5,"[""Excel"", ""Budgeting"", ""Financial Analysis"", ""SAP"", ""Forecasting"", ""Financial Modeling"", ""Auditing"", ""Accounting"", ""Risk Management"", ""QuickBooks"", ""Terraform"", ""Jenkins""]","{""Excel"": ""exact"", ""Budgeting"": ""exact"", ""Financial Analysis"": ""exact"", ""SAP"": ""fuzzy"", ""Forecasting"": ""exact"", ""Financial Modeling"": ""exact"", ""Auditing"": ""exact"", ""Accounting"": ""exact"", ""Risk Management"": ""exact"", ""QuickBooks"": ""exact"", ""Terraform"": ""exact"", ""Jenkins"": ""exact""}","Nikhil Menon
Professional Summary: Finance professional with 5 years of experience at BluePeak Solutions and similar organizations.

Skills: Excel, Budgeting, Financial Analysis, S.A.P., Forecasting, Financial Modeling, Auditing, Accounting, Risk Management, QuickBooks, Terraform, Jenkins

Experience:
BluePeak Solutions — Finance Role (5 yrs)
Worked extensively with Excel on production systems. Worked extensively with Budgeting on production systems. Worked extensively with Financial Analysis on production systems. Worked extensively with S.A.P. on production systems. Worked extensively with Forecasting on production systems. Worked extensively with Financial Modeling on production systems. Worked extensively with Auditing on production systems. Worked extensively with Accounting on production systems. Worked extensively with Risk Management on production systems. Worked extensively with QuickBooks on production systems. Worked extensively with Terraform on production systems. Worked extensively with Jenkins on production systems.

Education: M.Com"
R0327,Suresh Singh,Human Resources,10,"[""Onboarding"", ""Performance Management"", ""Talent Acquisition"", ""Recruitment"", ""HRIS"", ""Employee Relations"", ""Labor Law"", ""Payroll""]","{""Onboarding"": ""exact"", ""Performance Management"": ""exact"", ""Talent Acquisition"": ""exact"", ""Recruitment"": ""exact"", ""HRIS"": ""exact"", ""Employee Relations"": ""exact"", ""Labor Law"": ""exact"", ""Payroll"": ""exact""}","Suresh Singh
Professional Summary: Human Resources professional with 10 years of experience at Quantwave Inc and similar organizations.

Skills: Onboarding, Performance Management, Talent Acquisition, Recruitment, HRIS, Employee Relations, Labor Law, Payroll

Experience:
Quantwave Inc — Human Resources Role (10 yrs)
Worked extensively with Onboarding on production systems. Worked extensively with Performance Management on production systems. Worked extensively with Talent Acquisition on production systems. Worked extensively with Recruitment on production systems. Worked extensively with HRIS on production systems. Worked extensively with Employee Relations on production systems. Worked extensively with Labor Law on production systems. Worked extensively with Payroll on production systems.

Education: B.A. Psychology"
R0328,Arjun Kapoor,Data Science,12,"[""Statistics"", ""Scikit-learn"", ""Pandas"", ""Machine Learning"", ""NumPy"", ""TensorFlow"", ""Natural Language Processing"", ""SQL"", ""Forecasting"", ""Financial Modeling""]","{""Statistics"": ""exact"", ""Scikit-learn"": ""exact"", ""Pandas"": ""exact"", ""Machine Learning"": ""exact"", ""NumPy"": ""exact"", ""TensorFlow"": ""fuzzy"", ""Natural Language Processing"": ""exact"", ""SQL"": ""exact"", ""Forecasting"": ""exact"", ""Financial Modeling"": ""contextual""}","Arjun Kapoor
Professional Summary: Data Science professional with 12 years of experience at Sundial HR Group and similar organizations.

Skills: Statistics, Scikit-learn, Pandas, Machine Learning, NumPy, TF, Natural Language Processing, SQL, Forecasting, built spreadsheet models to forecast company revenue and cash flow

Experience:
Sundial HR Group — Data Science Role (12 yrs)
Worked extensively with Statistics on production systems. Worked extensively with Scikit-learn on production systems. Worked extensively with Pandas on production systems. Worked extensively with Machine Learning on production systems. Worked extensively with NumPy on production systems. Worked extensively with TF on production systems. Worked extensively with Natural Language Processing on production systems. Worked extensively with SQL on production systems. Worked extensively with Forecasting on production systems. Built spreadsheet models to forecast company revenue and cash flow.

Education: B.Sc Statistics"
R0329,Riya Chauhan,Finance,5,"[""Accounting"", ""Excel"", ""Financial Analysis"", ""Forecasting"", ""Financial Modeling"", ""QuickBooks"", ""Auditing"", ""SAP"", ""Risk Management"", ""Budgeting"", ""Natural Language Processing"", ""Statistics""]","{""Accounting"": ""exact"", ""Excel"": ""exact"", ""Financial Analysis"": ""exact"", ""Forecasting"": ""exact"", ""Financial Modeling"": ""contextual"", ""QuickBooks"": ""exact"", ""Auditing"": ""exact"", ""SAP"": ""exact"", ""Risk Management"": ""exact"", ""Budgeting"": ""exact"", ""Natural Language Processing"": ""exact"", ""Statistics"": ""exact""}","Riya Chauhan
Professional Summary: Finance professional with 5 years of experience at Trailhead Digital and similar organizations.

Skills: Accounting, Excel, Financial Analysis, Forecasting, built spreadsheet models to forecast company revenue and cash flow, QuickBooks, Auditing, SAP, Risk Management, Budgeting, Natural Language Processing, Statistics

Experience:
Trailhead Digital — Finance Role (5 yrs)
Worked extensively with Accounting on production systems. Worked extensively with Excel on production systems. Worked extensively with Financial Analysis on production systems. Worked extensively with Forecasting on production systems. Built spreadsheet models to forecast company revenue and cash flow. Worked extensively with QuickBooks on production systems. Worked extensively with Auditing on production systems. Worked extensively with SAP on production systems. Worked extensively with Risk Management on production systems. Worked extensively with Budgeting on production systems. Worked extensively with Natural Language Processing on production systems. Worked extensively with Statistics on production systems.

Education: M.Com"
R0330,Aditya Gupta,Finance,6,"[""SAP"", ""Financial Modeling"", ""Budgeting"", ""Financial Analysis"", ""Auditing"", ""Risk Management""]","{""SAP"": ""exact"", ""Financial Modeling"": ""contextual"", ""Budgeting"": ""exact"", ""Financial Analysis"": ""exact"", ""Auditing"": ""exact"", ""Risk Management"": ""contextual""}","Aditya Gupta
Professional Summary: Finance professional with 6 years of experience at Verdant Analytics and similar organizations.

Skills: SAP, built spreadsheet models to forecast company revenue and cash flow, Budgeting, Financial Analysis, Auditing, identified and mitigated operational and financial exposure for the business

Experience:
Verdant Analytics — Finance Role (6 yrs)
Worked extensively with SAP on production systems. Built spreadsheet models to forecast company revenue and cash flow. Worked extensively with Budgeting on production systems. Worked extensively with Financial Analysis on production systems. Worked extensively with Auditing on production systems. Identified and mitigated operational and financial exposure for the business.

Education: M.Com"
R0331,Anjali Sharma,Web Development,10,"[""TypeScript"", ""CSS"", ""React"", ""Next.js"", ""REST API"", ""JavaScript"", ""Express.js""]","{""TypeScript"": ""exact"", ""CSS"": ""exact"", ""React"": ""exact"", ""Next.js"": ""exact"", ""REST API"": ""contextual"", ""JavaScript"": ""exact"", ""Express.js"": ""exact""}","Anjali Sharma
Professional Summary: Web Development professional with 10 years of experience at Trailhead Digital and similar organizations.

Skills: TypeScript, CSS, React, Next.js, designed and exposed HTTP endpoints for internal service communication, JavaScript, Express.js

Experience:
Trailhead Digital — Web Development Role (10 yrs)
Worked extensively with TypeScript on production systems. Worked extensively with CSS on production systems. Worked extensively with React on production systems. Worked extensively with Next.js on production systems. Designed and exposed http endpoints for internal service communication. Worked extensively with JavaScript on production systems. Worked extensively with Express.js on production systems.

Education: B.Sc Computer Science"
R0332,Rahul Patel,Web Development,3,"[""Next.js"", ""MongoDB"", ""React"", ""TypeScript"", ""HTML"", ""CSS"", ""Python"", ""TensorFlow""]","{""Next.js"": ""exact"", ""MongoDB"": ""fuzzy"", ""React"": ""exact"", ""TypeScript"": ""fuzzy"", ""HTML"": ""exact"", ""CSS"": ""exact"", ""Python"": ""exact"", ""TensorFlow"": ""fuzzy""}","Rahul Patel
Professional Summary: Web Development professional with 3 years of experience at Nimbus Systems and similar organizations.

Skills: Next.js, Mongodb, React, Typescript, HTML, CSS, Python, Tensor Flow

Experience:
Nimbus Systems — Web Development Role (3 yrs)
Worked extensively with Next.js on production systems. Worked extensively with Mongodb on production systems. Worked extensively with React on production systems. Worked extensively with Typescript on production systems. Worked extensively with HTML on production systems. Worked extensively with CSS on production systems. Worked extensively with Python on production systems. Worked extensively with Tensor Flow on production systems.

Education: B.Sc Computer Science"
R0333,Sanjay Gupta,Finance,2,"[""Financial Modeling"", ""Auditing"", ""Risk Management"", ""SAP"", ""QuickBooks"", ""Budgeting"", ""Financial Analysis"", ""Excel"", ""Forecasting"", ""Accounting""]","{""Financial Modeling"": ""contextual"", ""Auditing"": ""exact"", ""Risk Management"": ""contextual"", ""SAP"": ""exact"", ""QuickBooks"": ""exact"", ""Budgeting"": ""exact"", ""Financial Analysis"": ""exact"", ""Excel"": ""exact"", ""Forecasting"": ""exact"", ""Accounting"": ""exact""}","Sanjay Gupta
Professional Summary: Finance professional with 2 years of experience at Verdant Analytics and similar organizations.

Skills: built spreadsheet models to forecast company revenue and cash flow, Auditing, identified and mitigated operational and financial exposure for the business, SAP, QuickBooks, Budgeting, Financial Analysis, Excel, Forecasting, Accounting

Experience:
Verdant Analytics — Finance Role (2 yrs)
Built spreadsheet models to forecast company revenue and cash flow. Worked extensively with Auditing on production systems. Identified and mitigated operational and financial exposure for the business. Worked extensively with SAP on production systems. Worked extensively with QuickBooks on production systems. Worked extensively with Budgeting on production systems. Worked extensively with Financial Analysis on production systems. Worked extensively with Excel on production systems. Worked extensively with Forecasting on production systems. Worked extensively with Accounting on production systems.

Education: MBA Finance"
R0334,Rajesh Pillai,Web Development,3,"[""JavaScript"", ""Next.js"", ""Node.js"", ""MongoDB"", ""CSS"", ""HTML"", ""REST API""]","{""JavaScript"": ""exact"", ""Next.js"": ""exact"", ""Node.js"": ""exact"", ""MongoDB"": ""exact"", ""CSS"": ""exact"", ""HTML"": ""exact"", ""REST API"": ""exact""}","Rajesh Pillai
Professional Summary: Web Development professional with 3 years of experience at Orbitline Technologies and similar organizations.

Skills: JavaScript, Next.js, Node.js, MongoDB, CSS, HTML, REST API

Experience:
Orbitline Technologies — Web Development Role (3 yrs)
Worked extensively with JavaScript on production systems. Worked extensively with Next.js on production systems. Worked extensively with Node.js on production systems. Worked extensively with MongoDB on production systems. Worked extensively with CSS on production systems. Worked extensively with HTML on production systems. Worked extensively with REST API on production systems.

Education: B.Sc Computer Science"
R0335,Siddharth Chauhan,Finance,12,"[""Financial Modeling"", ""Risk Management"", ""Forecasting"", ""Excel"", ""QuickBooks"", ""Auditing"", ""Financial Analysis"", ""Budgeting"", ""SAP"", ""Accounting""]","{""Financial Modeling"": ""contextual"", ""Risk Management"": ""exact"", ""Forecasting"": ""exact"", ""Excel"": ""exact"", ""QuickBooks"": ""exact"", ""Auditing"": ""exact"", ""Financial Analysis"": ""exact"", ""Budgeting"": ""exact"", ""SAP"": ""exact"", ""Accounting"": ""exact""}","Siddharth Chauhan
Professional Summary: Finance professional with 12 years of experience at Quantwave Inc and similar organizations.

Skills: built spreadsheet models to forecast company revenue and cash flow, Risk Management, Forecasting, Excel, QuickBooks, Auditing, Financial Analysis, Budgeting, SAP, Accounting

Experience:
Quantwave Inc — Finance Role (12 yrs)
Built spreadsheet models to forecast company revenue and cash flow. Worked extensively with Risk Management on production systems. Worked extensively with Forecasting on production systems. Worked extensively with Excel on production systems. Worked extensively with QuickBooks on production systems. Worked extensively with Auditing on production systems. Worked extensively with Financial Analysis on production systems. Worked extensively with Budgeting on production systems. Worked extensively with SAP on production systems. Worked extensively with Accounting on production systems.

Education: M.Com"
R0336,Rohan Kumar,Web Development,1,"[""Next.js"", ""HTML"", ""Express.js"", ""MongoDB"", ""TypeScript"", ""Node.js"", ""REST API"", ""JavaScript"", ""React"", ""Scikit-learn"", ""Python""]","{""Next.js"": ""exact"", ""HTML"": ""exact"", ""Express.js"": ""exact"", ""MongoDB"": ""exact"", ""TypeScript"": ""exact"", ""Node.js"": ""contextual"", ""REST API"": ""exact"", ""JavaScript"": ""exact"", ""React"": ""exact"", ""Scikit-learn"": ""exact"", ""Python"": ""exact""}","Rohan Kumar
Professional Summary: Web Development professional with 1 years of experience at Novatrail Consulting and similar organizations.

Skills: Next.js, HTML, Express.js, MongoDB, TypeScript, developed server-side applications using an event-driven JavaScript runtime, REST API, JavaScript, React, Scikit-learn, Python

Experience:
Novatrail Consulting — Web Development Role (1 yrs)
Worked extensively with Next.js on production systems. Worked extensively with HTML on production systems. Worked extensively with Express.js on production systems. Worked extensively with MongoDB on production systems. Worked extensively with TypeScript on production systems. Developed server-side applications using an event-driven javascript runtime. Worked extensively with REST API on production systems. Worked extensively with JavaScript on production systems. Worked extensively with React on production systems. Worked extensively with Scikit-learn on production systems. Worked extensively with Python on production systems.

Education: B.Tech Information Technology"
R0337,Vikram Singh,Finance,11,"[""Accounting"", ""SAP"", ""Financial Modeling"", ""Excel"", ""Financial Analysis"", ""Auditing"", ""Budgeting""]","{""Accounting"": ""exact"", ""SAP"": ""exact"", ""Financial Modeling"": ""exact"", ""Excel"": ""exact"", ""Financial Analysis"": ""exact"", ""Auditing"": ""exact"", ""Budgeting"": ""exact""}","Vikram Singh
Professional Summary: Finance professional with 11 years of experience at Verdant Analytics and similar organizations.

Skills: Accounting, SAP, Financial Modeling, Excel, Financial Analysis, Auditing, Budgeting

Experience:
Verdant Analytics — Finance Role (11 yrs)
Worked extensively with Accounting on production systems. Worked extensively with SAP on production systems. Worked extensively with Financial Modeling on production systems. Worked extensively with Excel on production systems. Worked extensively with Financial Analysis on production systems. Worked extensively with Auditing on production systems. Worked extensively with Budgeting on production systems.

Education: B.Com"
R0338,Pooja Mehta,Finance,1,"[""Excel"", ""Financial Analysis"", ""Accounting"", ""QuickBooks"", ""Risk Management"", ""Forecasting"", ""SAP"", ""Auditing"", ""Budgeting""]","{""Excel"": ""exact"", ""Financial Analysis"": ""exact"", ""Accounting"": ""exact"", ""QuickBooks"": ""exact"", ""Risk Management"": ""exact"", ""Forecasting"": ""exact"", ""SAP"": ""exact"", ""Auditing"": ""exact"", ""Budgeting"": ""exact""}","Pooja Mehta
Professional Summary: Finance professional with 1 years of experience at Harborline Financial and similar organizations.

Skills: Excel, Financial Analysis, Accounting, QuickBooks, Risk Management, Forecasting, SAP, Auditing, Budgeting

Experience:
Harborline Financial — Finance Role (1 yrs)
Worked extensively with Excel on production systems. Worked extensively with Financial Analysis on production systems. Worked extensively with Accounting on production systems. Worked extensively with QuickBooks on production systems. Worked extensively with Risk Management on production systems. Worked extensively with Forecasting on production systems. Worked extensively with SAP on production systems. Worked extensively with Auditing on production systems. Worked extensively with Budgeting on production systems.

Education: M.Com"
R0339,Vivek Bhat,Human Resources,6,"[""Onboarding"", ""Performance Management"", ""Payroll"", ""HRIS"", ""Recruitment"", ""Talent Acquisition"", ""Labor Law""]","{""Onboarding"": ""exact"", ""Performance Management"": ""exact"", ""Payroll"": ""exact"", ""HRIS"": ""fuzzy"", ""Recruitment"": ""exact"", ""Talent Acquisition"": ""exact"", ""Labor Law"": ""exact""}","Vivek Bhat
Professional Summary: Human Resources professional with 6 years of experience at Falconbyte and similar organizations.

Skills: Onboarding, Performance Management, Payroll, H.R.I.S., Recruitment, Talent Acquisition, Labor Law

Experience:
Falconbyte — Human Resources Role (6 yrs)
Worked extensively with Onboarding on production systems. Worked extensively with Performance Management on production systems. Worked extensively with Payroll on production systems. Worked extensively with H.R.I.S. on production systems. Worked extensively with Recruitment on production systems. Worked extensively with Talent Acquisition on production systems. Worked extensively with Labor Law on production systems.

Education: PGDM HR"
R0340,Sneha Kumar,Finance,5,"[""SAP"", ""Financial Analysis"", ""QuickBooks"", ""Auditing"", ""Excel"", ""Risk Management"", ""Performance Management"", ""HRIS""]","{""SAP"": ""exact"", ""Financial Analysis"": ""exact"", ""QuickBooks"": ""exact"", ""Auditing"": ""exact"", ""Excel"": ""fuzzy"", ""Risk Management"": ""exact"", ""Performance Management"": ""exact"", ""HRIS"": ""exact""}","Sneha Kumar
Professional Summary: Finance professional with 5 years of experience at Novatrail Consulting and similar organizations.

Skills: SAP, Financial Analysis, QuickBooks, Auditing, Micosoft Excel, Risk Management, Performance Management, HRIS

Experience:
Novatrail Consulting — Finance Role (5 yrs)
Worked extensively with SAP on production systems. Worked extensively with Financial Analysis on production systems. Worked extensively with QuickBooks on production systems. Worked extensively with Auditing on production systems. Worked extensively with Micosoft Excel on production systems. Worked extensively with Risk Management on production systems. Worked extensively with Performance Management on production systems. Worked extensively with HRIS on production systems.

Education: MBA Finance"
R0341,Arjun Patel,Human Resources,6,"[""Talent Acquisition"", ""Performance Management"", ""Payroll"", ""Employee Relations"", ""HRIS"", ""Onboarding"", ""Recruitment"", ""Labor Law""]","{""Talent Acquisition"": ""exact"", ""Performance Management"": ""exact"", ""Payroll"": ""contextual"", ""Employee Relations"": ""exact"", ""HRIS"": ""exact"", ""Onboarding"": ""exact"", ""Recruitment"": ""exact"", ""Labor Law"": ""exact""}","Arjun Patel
Professional Summary: Human Resources professional with 6 years of experience at Verdant Analytics and similar organizations.

Skills: Talent Acquisition, Performance Management, processed monthly employee compensation and statutory deductions, Employee Relations, HRIS, Onboarding, Recruitment, Labor Law

Experience:
Verdant Analytics — Human Resources Role (6 yrs)
Worked extensively with Talent Acquisition on production systems. Worked extensively with Performance Management on production systems. Processed monthly employee compensation and statutory deductions. Worked extensively with Employee Relations on production systems. Worked extensively with HRIS on production systems. Worked extensively with Onboarding on production systems. Worked extensively with Recruitment on production systems. Worked extensively with Labor Law on production systems.

Education: B.A. Psychology"
R0342,Vikram Pillai,Web Development,5,"[""HTML"", ""TypeScript"", ""CSS"", ""Node.js"", ""Express.js"", ""REST API"", ""React"", ""MongoDB""]","{""HTML"": ""exact"", ""TypeScript"": ""exact"", ""CSS"": ""exact"", ""Node.js"": ""contextual"", ""Express.js"": ""exact"", ""REST API"": ""fuzzy"", ""React"": ""exact"", ""MongoDB"": ""exact""}","Vikram Pillai
Professional Summary: Web Development professional with 5 years of experience at Nimbus Systems and similar organizations.

Skills: HTML, TypeScript, CSS, developed server-side applications using an event-driven JavaScript runtime, Express.js, RESTful API, React, MongoDB

Experience:
Nimbus Systems — Web Development Role (5 yrs)
Worked extensively with HTML on production systems. Worked extensively with TypeScript on production systems. Worked extensively with CSS on production systems. Developed server-side applications using an event-driven javascript runtime. Worked extensively with Express.js on production systems. Worked extensively with RESTful API on production systems. Worked extensively with React on production systems. Worked extensively with MongoDB on production systems.

Education: B.Sc Computer Science"
R0343,Rohan Rao,Web Development,4,"[""HTML"", ""Next.js"", ""Express.js"", ""MongoDB"", ""React"", ""CSS"", ""REST API"", ""Node.js"", ""TypeScript""]","{""HTML"": ""exact"", ""Next.js"": ""exact"", ""Express.js"": ""exact"", ""MongoDB"": ""exact"", ""React"": ""exact"", ""CSS"": ""exact"", ""REST API"": ""exact"", ""Node.js"": ""fuzzy"", ""TypeScript"": ""exact""}","Rohan Rao
Professional Summary: Web Development professional with 4 years of experience at Meridian Softworks and similar organizations.

Skills: HTML, Next.js, Express.js, MongoDB, React, CSS, REST API, Node JS, TypeScript

Experience:
Meridian Softworks — Web Development Role (4 yrs)
Worked extensively with HTML on production systems. Worked extensively with Next.js on production systems. Worked extensively with Express.js on production systems. Worked extensively with MongoDB on production systems. Worked extensively with React on production systems. Worked extensively with CSS on production systems. Worked extensively with REST API on production systems. Worked extensively with Node JS on production systems. Worked extensively with TypeScript on production systems.

Education: BCA"
R0344,Sanjay Verma,DevOps,3,"[""CI/CD"", ""Linux"", ""Azure"", ""Terraform"", ""GCP"", ""Jenkins"", ""AWS"", ""Kubernetes""]","{""CI/CD"": ""fuzzy"", ""Linux"": ""exact"", ""Azure"": ""exact"", ""Terraform"": ""exact"", ""GCP"": ""exact"", ""Jenkins"": ""exact"", ""AWS"": ""exact"", ""Kubernetes"": ""fuzzy""}","Sanjay Verma
Professional Summary: DevOps professional with 3 years of experience at Orbitline Technologies and similar organizations.

Skills: CI-CD, Linux, Azure, Terraform, GCP, Jenkins, AWS, Kubernets

Experience:
Orbitline Technologies — DevOps Role (3 yrs)
Worked extensively with CI-CD on production systems. Worked extensively with Linux on production systems. Worked extensively with Azure on production systems. Worked extensively with Terraform on production systems. Worked extensively with GCP on production systems. Worked extensively with Jenkins on production systems. Worked extensively with AWS on production systems. Worked extensively with Kubernets on production systems.

Education: B.E. Electronics and Communication"
R0345,Sneha Gupta,DevOps,2,"[""AWS"", ""Kubernetes"", ""GCP"", ""Docker"", ""Terraform"", ""Jenkins""]","{""AWS"": ""exact"", ""Kubernetes"": ""exact"", ""GCP"": ""exact"", ""Docker"": ""exact"", ""Terraform"": ""exact"", ""Jenkins"": ""exact""}","Sneha Gupta
Professional Summary: DevOps professional with 2 years of experience at Meridian Softworks and similar organizations.

Skills: AWS, Kubernetes, GCP, Docker, Terraform, Jenkins

Experience:
Meridian Softworks — DevOps Role (2 yrs)
Worked extensively with AWS on production systems. Worked extensively with Kubernetes on production systems. Worked extensively with GCP on production systems. Worked extensively with Docker on production systems. Worked extensively with Terraform on production systems. Worked extensively with Jenkins on production systems.

Education: B.E. Electronics and Communication"
R0346,Rajesh Gupta,DevOps,3,"[""Linux"", ""AWS"", ""Kubernetes"", ""Ansible"", ""Jenkins"", ""CI/CD"", ""Terraform"", ""Azure"", ""Docker""]","{""Linux"": ""exact"", ""AWS"": ""fuzzy"", ""Kubernetes"": ""exact"", ""Ansible"": ""exact"", ""Jenkins"": ""exact"", ""CI/CD"": ""exact"", ""Terraform"": ""exact"", ""Azure"": ""exact"", ""Docker"": ""exact""}","Rajesh Gupta
Professional Summary: DevOps professional with 3 years of experience at BluePeak Solutions and similar organizations.

Skills: Linux, A.W.S., Kubernetes, Ansible, Jenkins, CI/CD, Terraform, Azure, Docker

Experience:
BluePeak Solutions — DevOps Role (3 yrs)
Worked extensively with Linux on production systems. Worked extensively with A.W.S. on production systems. Worked extensively with Kubernetes on production systems. Worked extensively with Ansible on production systems. Worked extensively with Jenkins on production systems. Worked extensively with CI/CD on production systems. Worked extensively with Terraform on production systems. Worked extensively with Azure on production systems. Worked extensively with Docker on production systems.

Education: B.E. Electronics and Communication"
R0347,Shreya Patel,Web Development,5,"[""React"", ""REST API"", ""HTML"", ""CSS"", ""Node.js"", ""Express.js"", ""MongoDB"", ""Next.js"", ""TypeScript""]","{""React"": ""exact"", ""REST API"": ""contextual"", ""HTML"": ""exact"", ""CSS"": ""exact"", ""Node.js"": ""contextual"", ""Express.js"": ""exact"", ""MongoDB"": ""exact"", ""Next.js"": ""exact"", ""TypeScript"": ""fuzzy""}","Shreya Patel
Professional Summary: Web Development professional with 5 years of experience at Trailhead Digital and similar organizations.

Skills: React, designed and exposed HTTP endpoints for internal service communication, HTML, CSS, developed server-side applications using an event-driven JavaScript runtime, Express.js, MongoDB, Next.js, TS

Experience:
Trailhead Digital — Web Development Role (5 yrs)
Worked extensively with React on production systems. Designed and exposed http endpoints for internal service communication. Worked extensively with HTML on production systems. Worked extensively with CSS on production systems. Developed server-side applications using an event-driven javascript runtime. Worked extensively with Express.js on production systems. Worked extensively with MongoDB on production systems. Worked extensively with Next.js on production systems. Worked extensively with TS on production systems.

Education: B.Sc Computer Science"
R0348,Sneha Joshi,Human Resources,11,"[""Employee Relations"", ""Talent Acquisition"", ""HRIS"", ""Recruitment"", ""Payroll"", ""Labor Law"", ""Performance Management"", ""Onboarding""]","{""Employee Relations"": ""exact"", ""Talent Acquisition"": ""exact"", ""HRIS"": ""fuzzy"", ""Recruitment"": ""contextual"", ""Payroll"": ""exact"", ""Labor Law"": ""exact"", ""Performance Management"": ""exact"", ""Onboarding"": ""exact""}","Sneha Joshi
Professional Summary: Human Resources professional with 11 years of experience at Novatrail Consulting and similar organizations.

Skills: Employee Relations, Talent Acquisition, HR IS, managed the full candidate sourcing and hiring lifecycle, Payroll, Labor Law, Performance Management, Onboarding

Experience:
Novatrail Consulting — Human Resources Role (11 yrs)
Worked extensively with Employee Relations on production systems. Worked extensively with Talent Acquisition on production systems. Worked extensively with HR IS on production systems. Managed the full candidate sourcing and hiring lifecycle. Worked extensively with Payroll on production systems. Worked extensively with Labor Law on production systems. Worked extensively with Performance Management on production systems. Worked extensively with Onboarding on production systems.

Education: B.A. Psychology"
R0349,Shreya Singh,Data Science,4,"[""Scikit-learn"", ""TensorFlow"", ""PyTorch"", ""Deep Learning"", ""NumPy"", ""Machine Learning"", ""Data Visualization"", ""Python"", ""Pandas"", ""Natural Language Processing"", ""Risk Management"", ""Forecasting""]","{""Scikit-learn"": ""exact"", ""TensorFlow"": ""exact"", ""PyTorch"": ""exact"", ""Deep Learning"": ""exact"", ""NumPy"": ""exact"", ""Machine Learning"": ""exact"", ""Data Visualization"": ""exact"", ""Python"": ""exact"", ""Pandas"": ""exact"", ""Natural Language Processing"": ""exact"", ""Risk Management"": ""exact"", ""Forecasting"": ""exact""}","Shreya Singh
Professional Summary: Data Science professional with 4 years of experience at Meridian Softworks and similar organizations.

Skills: Scikit-learn, TensorFlow, PyTorch, Deep Learning, NumPy, Machine Learning, Data Visualization, Python, Pandas, Natural Language Processing, Risk Management, Forecasting

Experience:
Meridian Softworks — Data Science Role (4 yrs)
Worked extensively with Scikit-learn on production systems. Worked extensively with TensorFlow on production systems. Worked extensively with PyTorch on production systems. Worked extensively with Deep Learning on production systems. Worked extensively with NumPy on production systems. Worked extensively with Machine Learning on production systems. Worked extensively with Data Visualization on production systems. Worked extensively with Python on production systems. Worked extensively with Pandas on production systems. Worked extensively with Natural Language Processing on production systems. Worked extensively with Risk Management on production systems. Worked extensively with Forecasting on production systems.

Education: B.Tech Computer Science"
R0350,Vikram Menon,Web Development,6,"[""JavaScript"", ""React"", ""Node.js"", ""MongoDB"", ""Next.js"", ""CSS"", ""HTML"", ""Statistics"", ""NumPy""]","{""JavaScript"": ""fuzzy"", ""React"": ""exact"", ""Node.js"": ""exact"", ""MongoDB"": ""exact"", ""Next.js"": ""exact"", ""CSS"": ""exact"", ""HTML"": ""exact"", ""Statistics"": ""exact"", ""NumPy"": ""exact""}","Vikram Menon
Professional Summary: Web Development professional with 6 years of experience at Orbitline Technologies and similar organizations.

Skills: Java Script, React, Node.js, MongoDB, Next.js, CSS, HTML, Statistics, NumPy

Experience:
Orbitline Technologies — Web Development Role (6 yrs)
Worked extensively with Java Script on production systems. Worked extensively with React on production systems. Worked extensively with Node.js on production systems. Worked extensively with MongoDB on production systems. Worked extensively with Next.js on production systems. Worked extensively with CSS on production systems. Worked extensively with HTML on production systems. Worked extensively with Statistics on production systems. Worked extensively with NumPy on production systems.

Education: B.Tech Information Technology"
R0351,Aarav Rao,DevOps,4,"[""Docker"", ""GCP"", ""Azure"", ""Linux"", ""CI/CD"", ""Kubernetes"", ""Jenkins"", ""Terraform"", ""Ansible"", ""TensorFlow"", ""Python""]","{""Docker"": ""exact"", ""GCP"": ""exact"", ""Azure"": ""exact"", ""Linux"": ""exact"", ""CI/CD"": ""exact"", ""Kubernetes"": ""exact"", ""Jenkins"": ""exact"", ""Terraform"": ""exact"", ""Ansible"": ""exact"", ""TensorFlow"": ""fuzzy"", ""Python"": ""fuzzy""}","Aarav Rao
Professional Summary: DevOps professional with 4 years of experience at Trailhead Digital and similar organizations.

Skills: Docker, GCP, Azure, Linux, CI/CD, Kubernetes, Jenkins, Terraform, Ansible, Tensor Flow, Python 

Experience:
Trailhead Digital — DevOps Role (4 yrs)
Worked extensively with Docker on production systems. Worked extensively with GCP on production systems. Worked extensively with Azure on production systems. Worked extensively with Linux on production systems. Worked extensively with CI/CD on production systems. Worked extensively with Kubernetes on production systems. Worked extensively with Jenkins on production systems. Worked extensively with Terraform on production systems. Worked extensively with Ansible on production systems. Worked extensively with Tensor Flow on production systems. Worked extensively with Python  on production systems.

Education: B.Tech Computer Science"
R0352,Rahul Sharma,Human Resources,7,"[""Onboarding"", ""Labor Law"", ""Performance Management"", ""Recruitment"", ""Employee Relations"", ""Talent Acquisition"", ""HRIS"", ""Payroll""]","{""Onboarding"": ""exact"", ""Labor Law"": ""exact"", ""Performance Management"": ""exact"", ""Recruitment"": ""contextual"", ""Employee Relations"": ""exact"", ""Talent Acquisition"": ""exact"", ""HRIS"": ""exact"", ""Payroll"": ""contextual""}","Rahul Sharma
Professional Summary: Human Resources professional with 7 years of experience at BluePeak Solutions and similar organizations.

Skills: Onboarding, Labor Law, Performance Management, managed the full candidate sourcing and hiring lifecycle, Employee Relations, Talent Acquisition, HRIS, processed monthly employee compensation and statutory deductions

Experience:
BluePeak Solutions — Human Resources Role (7 yrs)
Worked extensively with Onboarding on production systems. Worked extensively with Labor Law on production systems. Worked extensively with Performance Management on production systems. Managed the full candidate sourcing and hiring lifecycle. Worked extensively with Employee Relations on production systems. Worked extensively with Talent Acquisition on production systems. Worked extensively with HRIS on production systems. Processed monthly employee compensation and statutory deductions.

Education: B.A. Psychology"
R0353,Tanvi Nair,Human Resources,6,"[""Employee Relations"", ""Labor Law"", ""Recruitment"", ""HRIS"", ""Performance Management"", ""Payroll""]","{""Employee Relations"": ""exact"", ""Labor Law"": ""exact"", ""Recruitment"": ""contextual"", ""HRIS"": ""fuzzy"", ""Performance Management"": ""exact"", ""Payroll"": ""contextual""}","Tanvi Nair
Professional Summary: Human Resources professional with 6 years of experience at Orbitline Technologies and similar organizations.

Skills: Employee Relations, Labor Law, managed the full candidate sourcing and hiring lifecycle, HR IS, Performance Management, processed monthly employee compensation and statutory deductions

Experience:
Orbitline Technologies — Human Resources Role (6 yrs)
Worked extensively with Employee Relations on production systems. Worked extensively with Labor Law on production systems. Managed the full candidate sourcing and hiring lifecycle. Worked extensively with HR IS on production systems. Worked extensively with Performance Management on production systems. Processed monthly employee compensation and statutory deductions.

Education: PGDM HR"
R0354,Shreya Chatterjee,Finance,4,"[""Risk Management"", ""QuickBooks"", ""SAP"", ""Budgeting"", ""Financial Analysis"", ""Financial Modeling"", ""Excel"", ""Forecasting"", ""Accounting""]","{""Risk Management"": ""exact"", ""QuickBooks"": ""exact"", ""SAP"": ""exact"", ""Budgeting"": ""exact"", ""Financial Analysis"": ""exact"", ""Financial Modeling"": ""exact"", ""Excel"": ""exact"", ""Forecasting"": ""exact"", ""Accounting"": ""exact""}","Shreya Chatterjee
Professional Summary: Finance professional with 4 years of experience at Harborline Financial and similar organizations.

Skills: Risk Management, QuickBooks, SAP, Budgeting, Financial Analysis, Financial Modeling, Excel, Forecasting, Accounting

Experience:
Harborline Financial — Finance Role (4 yrs)
Worked extensively with Risk Management on production systems. Worked extensively with QuickBooks on production systems. Worked extensively with SAP on production systems. Worked extensively with Budgeting on production systems. Worked extensively with Financial Analysis on production systems. Worked extensively with Financial Modeling on production systems. Worked extensively with Excel on production systems. Worked extensively with Forecasting on production systems. Worked extensively with Accounting on production systems.

Education: MBA Finance"
R0355,Karan Pillai,DevOps,1,"[""Jenkins"", ""Terraform"", ""Docker"", ""GCP"", ""CI/CD"", ""AWS"", ""Ansible"", ""Talent Acquisition"", ""Onboarding""]","{""Jenkins"": ""exact"", ""Terraform"": ""exact"", ""Docker"": ""exact"", ""GCP"": ""exact"", ""CI/CD"": ""exact"", ""AWS"": ""exact"", ""Ansible"": ""exact"", ""Talent Acquisition"": ""exact"", ""Onboarding"": ""exact""}","Karan Pillai
Professional Summary: DevOps professional with 1 years of experience at Trailhead Digital and similar organizations.

Skills: Jenkins, Terraform, Docker, GCP, CI/CD, AWS, Ansible, Talent Acquisition, Onboarding

Experience:
Trailhead Digital — DevOps Role (1 yrs)
Worked extensively with Jenkins on production systems. Worked extensively with Terraform on production systems. Worked extensively with Docker on production systems. Worked extensively with GCP on production systems. Worked extensively with CI/CD on production systems. Worked extensively with AWS on production systems. Worked extensively with Ansible on production systems. Worked extensively with Talent Acquisition on production systems. Worked extensively with Onboarding on production systems.

Education: B.Tech Computer Science"
R0356,Anjali Gupta,Web Development,4,"[""Node.js"", ""HTML"", ""Next.js"", ""JavaScript"", ""React"", ""CSS""]","{""Node.js"": ""exact"", ""HTML"": ""exact"", ""Next.js"": ""exact"", ""JavaScript"": ""exact"", ""React"": ""exact"", ""CSS"": ""exact""}","Anjali Gupta
Professional Summary: Web Development professional with 4 years of experience at Novatrail Consulting and similar organizations.

Skills: Node.js, HTML, Next.js, JavaScript, React, CSS

Experience:
Novatrail Consulting — Web Development Role (4 yrs)
Worked extensively with Node.js on production systems. Worked extensively with HTML on production systems. Worked extensively with Next.js on production systems. Worked extensively with JavaScript on production systems. Worked extensively with React on production systems. Worked extensively with CSS on production systems.

Education: B.Tech Information Technology"
R0357,Kavya Menon,DevOps,7,"[""GCP"", ""Ansible"", ""CI/CD"", ""AWS"", ""Azure"", ""Docker"", ""Linux"", ""Kubernetes""]","{""GCP"": ""exact"", ""Ansible"": ""exact"", ""CI/CD"": ""fuzzy"", ""AWS"": ""fuzzy"", ""Azure"": ""exact"", ""Docker"": ""fuzzy"", ""Linux"": ""exact"", ""Kubernetes"": ""exact""}","Kavya Menon
Professional Summary: DevOps professional with 7 years of experience at Novatrail Consulting and similar organizations.

Skills: GCP, Ansible, CICD, A.W.S., Azure, docker , Linux, Kubernetes

Experience:
Novatrail Consulting — DevOps Role (7 yrs)
Worked extensively with GCP on production systems. Worked extensively with Ansible on production systems. Worked extensively with CICD on production systems. Worked extensively with A.W.S. on production systems. Worked extensively with Azure on production systems. Worked extensively with docker  on production systems. Worked extensively with Linux on production systems. Worked extensively with Kubernetes on production systems.

Education: B.E. Electronics and Communication"
R0358,Amit Kapoor,Web Development,4,"[""REST API"", ""MongoDB"", ""CSS"", ""HTML"", ""Node.js"", ""Next.js"", ""Express.js"", ""JavaScript""]","{""REST API"": ""exact"", ""MongoDB"": ""exact"", ""CSS"": ""exact"", ""HTML"": ""exact"", ""Node.js"": ""exact"", ""Next.js"": ""exact"", ""Express.js"": ""exact"", ""JavaScript"": ""fuzzy""}","Amit Kapoor
Professional Summary: Web Development professional with 4 years of experience at Orbitline Technologies and similar organizations.

Skills: REST API, MongoDB, CSS, HTML, Node.js, Next.js, Express.js, JS

Experience:
Orbitline Technologies — Web Development Role (4 yrs)
Worked extensively with REST API on production systems. Worked extensively with MongoDB on production systems. Worked extensively with CSS on production systems. Worked extensively with HTML on production systems. Worked extensively with Node.js on production systems. Worked extensively with Next.js on production systems. Worked extensively with Express.js on production systems. Worked extensively with JS on production systems.

Education: B.Tech Information Technology"
R0359,Arjun Kumar,Human Resources,9,"[""Onboarding"", ""Payroll"", ""Recruitment"", ""Talent Acquisition"", ""Performance Management"", ""Employee Relations"", ""HRIS"", ""Labor Law""]","{""Onboarding"": ""exact"", ""Payroll"": ""exact"", ""Recruitment"": ""exact"", ""Talent Acquisition"": ""exact"", ""Performance Management"": ""exact"", ""Employee Relations"": ""exact"", ""HRIS"": ""exact"", ""Labor Law"": ""exact""}","Arjun Kumar
Professional Summary: Human Resources professional with 9 years of experience at Sundial HR Group and similar organizations.

Skills: Onboarding, Payroll, Recruitment, Talent Acquisition, Performance Management, Employee Relations, HRIS, Labor Law

Experience:
Sundial HR Group — Human Resources Role (9 yrs)
Worked extensively with Onboarding on production systems. Worked extensively with Payroll on production systems. Worked extensively with Recruitment on production systems. Worked extensively with Talent Acquisition on production systems. Worked extensively with Performance Management on production systems. Worked extensively with Employee Relations on production systems. Worked extensively with HRIS on production systems. Worked extensively with Labor Law on production systems.

Education: B.A. Psychology"
R0360,Nikhil Patel,DevOps,11,"[""AWS"", ""Jenkins"", ""Ansible"", ""Terraform"", ""Kubernetes"", ""GCP"", ""JavaScript"", ""React""]","{""AWS"": ""exact"", ""Jenkins"": ""exact"", ""Ansible"": ""exact"", ""Terraform"": ""exact"", ""Kubernetes"": ""exact"", ""GCP"": ""exact"", ""JavaScript"": ""exact"", ""React"": ""exact""}","Nikhil Patel
Professional Summary: DevOps professional with 11 years of experience at Sundial HR Group and similar organizations.

Skills: AWS, Jenkins, Ansible, Terraform, Kubernetes, GCP, JavaScript, React

Experience:
Sundial HR Group — DevOps Role (11 yrs)
Worked extensively with AWS on production systems. Worked extensively with Jenkins on production systems. Worked extensively with Ansible on production systems. Worked extensively with Terraform on production systems. Worked extensively with Kubernetes on production systems. Worked extensively with GCP on production systems. Worked extensively with JavaScript on production systems. Worked extensively with React on production systems.

Education: B.E. Electronics and Communication"
R0361,Aarav Iyer,DevOps,8,"[""Azure"", ""Linux"", ""Jenkins"", ""Terraform"", ""CI/CD"", ""Docker"", ""Ansible"", ""AWS"", ""Kubernetes"", ""GCP"", ""REST API"", ""CSS""]","{""Azure"": ""exact"", ""Linux"": ""exact"", ""Jenkins"": ""exact"", ""Terraform"": ""exact"", ""CI/CD"": ""fuzzy"", ""Docker"": ""exact"", ""Ansible"": ""exact"", ""AWS"": ""exact"", ""Kubernetes"": ""exact"", ""GCP"": ""exact"", ""REST API"": ""exact"", ""CSS"": ""exact""}","Aarav Iyer
Professional Summary: DevOps professional with 8 years of experience at Nimbus Systems and similar organizations.

Skills: Azure, Linux, Jenkins, Terraform, CICD, Docker, Ansible, AWS, Kubernetes, GCP, REST API, CSS

Experience:
Nimbus Systems — DevOps Role (8 yrs)
Worked extensively with Azure on production systems. Worked extensively with Linux on production systems. Worked extensively with Jenkins on production systems. Worked extensively with Terraform on production systems. Worked extensively with CICD on production systems. Worked extensively with Docker on production systems. Worked extensively with Ansible on production systems. Worked extensively with AWS on production systems. Worked extensively with Kubernetes on production systems. Worked extensively with GCP on production systems. Worked extensively with REST API on production systems. Worked extensively with CSS on production systems.

Education: B.Tech Computer Science"
R0362,Swati Chauhan,Web Development,2,"[""HTML"", ""JavaScript"", ""Node.js"", ""REST API"", ""React"", ""MongoDB"", ""Next.js""]","{""HTML"": ""exact"", ""JavaScript"": ""exact"", ""Node.js"": ""exact"", ""REST API"": ""exact"", ""React"": ""exact"", ""MongoDB"": ""exact"", ""Next.js"": ""exact""}","Swati Chauhan
Professional Summary: Web Development professional with 2 years of experience at Trailhead Digital and similar organizations.

Skills: HTML, JavaScript, Node.js, REST API, React, MongoDB, Next.js

Experience:
Trailhead Digital — Web Development Role (2 yrs)
Worked extensively with HTML on production systems. Worked extensively with JavaScript on production systems. Worked extensively with Node.js on production systems. Worked extensively with REST API on production systems. Worked extensively with React on production systems. Worked extensively with MongoDB on production systems. Worked extensively with Next.js on production systems.

Education: B.Tech Information Technology"
R0363,Aarav Singh,Data Science,10,"[""Python"", ""NumPy"", ""Natural Language Processing"", ""Data Visualization"", ""Machine Learning"", ""PyTorch""]","{""Python"": ""contextual"", ""NumPy"": ""exact"", ""Natural Language Processing"": ""exact"", ""Data Visualization"": ""exact"", ""Machine Learning"": ""exact"", ""PyTorch"": ""exact""}","Aarav Singh
Professional Summary: Data Science professional with 10 years of experience at Novatrail Consulting and similar organizations.

Skills: wrote automation scripts and backend services in a high-level scripting language, NumPy, Natural Language Processing, Data Visualization, Machine Learning, PyTorch

Experience:
Novatrail Consulting — Data Science Role (10 yrs)
Wrote automation scripts and backend services in a high-level scripting language. Worked extensively with NumPy on production systems. Worked extensively with Natural Language Processing on production systems. Worked extensively with Data Visualization on production systems. Worked extensively with Machine Learning on production systems. Worked extensively with PyTorch on production systems.

Education: M.Tech Data Science"
R0364,Aarav Menon,DevOps,12,"[""Terraform"", ""Linux"", ""Azure"", ""Jenkins"", ""Docker"", ""AWS"", ""Ansible""]","{""Terraform"": ""exact"", ""Linux"": ""exact"", ""Azure"": ""exact"", ""Jenkins"": ""exact"", ""Docker"": ""fuzzy"", ""AWS"": ""exact"", ""Ansible"": ""exact""}","Aarav Menon
Professional Summary: DevOps professional with 12 years of experience at Meridian Softworks and similar organizations.

Skills: Terraform, Linux, Azure, Jenkins, Dockers, AWS, Ansible

Experience:
Meridian Softworks — DevOps Role (12 yrs)
Worked extensively with Terraform on production systems. Worked extensively with Linux on production systems. Worked extensively with Azure on production systems. Worked extensively with Jenkins on production systems. Worked extensively with Dockers on production systems. Worked extensively with AWS on production systems. Worked extensively with Ansible on production systems.

Education: B.Tech Computer Science"
R0365,Shreya Rao,Human Resources,11,"[""Performance Management"", ""Talent Acquisition"", ""Onboarding"", ""Recruitment"", ""Employee Relations"", ""HRIS"", ""Labor Law"", ""Payroll""]","{""Performance Management"": ""exact"", ""Talent Acquisition"": ""exact"", ""Onboarding"": ""exact"", ""Recruitment"": ""exact"", ""Employee Relations"": ""exact"", ""HRIS"": ""exact"", ""Labor Law"": ""exact"", ""Payroll"": ""contextual""}","Shreya Rao
Professional Summary: Human Resources professional with 11 years of experience at Falconbyte and similar organizations.

Skills: Performance Management, Talent Acquisition, Onboarding, Recruitment, Employee Relations, HRIS, Labor Law, processed monthly employee compensation and statutory deductions

Experience:
Falconbyte — Human Resources Role (11 yrs)
Worked extensively with Performance Management on production systems. Worked extensively with Talent Acquisition on production systems. Worked extensively with Onboarding on production systems. Worked extensively with Recruitment on production systems. Worked extensively with Employee Relations on production systems. Worked extensively with HRIS on production systems. Worked extensively with Labor Law on production systems. Processed monthly employee compensation and statutory deductions.

Education: MBA Human Resources"
R0366,Riya Menon,Data Science,3,"[""NumPy"", ""Data Visualization"", ""Pandas"", ""Deep Learning"", ""Python"", ""Machine Learning"", ""Statistics"", ""PyTorch"", ""SQL""]","{""NumPy"": ""exact"", ""Data Visualization"": ""exact"", ""Pandas"": ""exact"", ""Deep Learning"": ""exact"", ""Python"": ""contextual"", ""Machine Learning"": ""fuzzy"", ""Statistics"": ""exact"", ""PyTorch"": ""fuzzy"", ""SQL"": ""contextual""}","Riya Menon
Professional Summary: Data Science professional with 3 years of experience at Falconbyte and similar organizations.

Skills: NumPy, Data Visualization, Pandas, Deep Learning, wrote automation scripts and backend services in a high-level scripting language, ML, Statistics, Py Torch, wrote complex queries to extract and join data from relational databases

Experience:
Falconbyte — Data Science Role (3 yrs)
Worked extensively with NumPy on production systems. Worked extensively with Data Visualization on production systems. Worked extensively with Pandas on production systems. Worked extensively with Deep Learning on production systems. Wrote automation scripts and backend services in a high-level scripting language. Worked extensively with ML on production systems. Worked extensively with Statistics on production systems. Worked extensively with Py Torch on production systems. Wrote complex queries to extract and join data from relational databases.

Education: B.Tech Computer Science"
R0367,Nikhil Chauhan,DevOps,2,"[""Jenkins"", ""CI/CD"", ""GCP"", ""Terraform"", ""Azure"", ""Docker"", ""Kubernetes"", ""AWS"", ""Linux"", ""Payroll"", ""HRIS""]","{""Jenkins"": ""exact"", ""CI/CD"": ""fuzzy"", ""GCP"": ""exact"", ""Terraform"": ""exact"", ""Azure"": ""exact"", ""Docker"": ""exact"", ""Kubernetes"": ""exact"", ""AWS"": ""exact"", ""Linux"": ""exact"", ""Payroll"": ""exact"", ""HRIS"": ""exact""}","Nikhil Chauhan
Professional Summary: DevOps professional with 2 years of experience at Trailhead Digital and similar organizations.

Skills: Jenkins, CI-CD, GCP, Terraform, Azure, Docker, Kubernetes, AWS, Linux, Payroll, HRIS

Experience:
Trailhead Digital — DevOps Role (2 yrs)
Worked extensively with Jenkins on production systems. Worked extensively with CI-CD on production systems. Worked extensively with GCP on production systems. Worked extensively with Terraform on production systems. Worked extensively with Azure on production systems. Worked extensively with Docker on production systems. Worked extensively with Kubernetes on production systems. Worked extensively with AWS on production systems. Worked extensively with Linux on production systems. Worked extensively with Payroll on production systems. Worked extensively with HRIS on production systems.

Education: B.E. Electronics and Communication"
R0368,Sanjay Pillai,Finance,4,"[""Excel"", ""Forecasting"", ""Accounting"", ""Risk Management"", ""Auditing"", ""SAP"", ""Financial Modeling""]","{""Excel"": ""exact"", ""Forecasting"": ""exact"", ""Accounting"": ""exact"", ""Risk Management"": ""contextual"", ""Auditing"": ""exact"", ""SAP"": ""fuzzy"", ""Financial Modeling"": ""exact""}","Sanjay Pillai
Professional Summary: Finance professional with 4 years of experience at Meridian Softworks and similar organizations.

Skills: Excel, Forecasting, Accounting, identified and mitigated operational and financial exposure for the business, Auditing, S.A.P., Financial Modeling

Experience:
Meridian Softworks — Finance Role (4 yrs)
Worked extensively with Excel on production systems. Worked extensively with Forecasting on production systems. Worked extensively with Accounting on production systems. Identified and mitigated operational and financial exposure for the business. Worked extensively with Auditing on production systems. Worked extensively with S.A.P. on production systems. Worked extensively with Financial Modeling on production systems.

Education: B.Com"
R0369,Divya Bhat,Data Science,12,"[""PyTorch"", ""Scikit-learn"", ""Deep Learning"", ""NumPy"", ""Pandas"", ""Natural Language Processing"", ""Statistics"", ""TensorFlow"", ""Machine Learning"", ""Data Visualization"", ""Next.js"", ""TypeScript""]","{""PyTorch"": ""exact"", ""Scikit-learn"": ""fuzzy"", ""Deep Learning"": ""contextual"", ""NumPy"": ""exact"", ""Pandas"": ""exact"", ""Natural Language Processing"": ""exact"", ""Statistics"": ""exact"", ""TensorFlow"": ""exact"", ""Machine Learning"": ""exact"", ""Data Visualization"": ""contextual"", ""Next.js"": ""exact"", ""TypeScript"": ""exact""}","Divya Bhat
Professional Summary: Data Science professional with 12 years of experience at Verdant Analytics and similar organizations.

Skills: PyTorch, Scikit Learn, trained multi-layer neural networks for pattern recognition tasks, NumPy, Pandas, Natural Language Processing, Statistics, TensorFlow, Machine Learning, created dashboards and charts to communicate insights to stakeholders, Next.js, TypeScript

Experience:
Verdant Analytics — Data Science Role (12 yrs)
Worked extensively with PyTorch on production systems. Worked extensively with Scikit Learn on production systems. Trained multi-layer neural networks for pattern recognition tasks. Worked extensively with NumPy on production systems. Worked extensively with Pandas on production systems. Worked extensively with Natural Language Processing on production systems. Worked extensively with Statistics on production systems. Worked extensively with TensorFlow on production systems. Worked extensively with Machine Learning on production systems. Created dashboards and charts to communicate insights to stakeholders. Worked extensively with Next.js on production systems. Worked extensively with TypeScript on production systems.

Education: M.Tech Data Science"
R0370,Riya Singh,Web Development,6,"[""Node.js"", ""MongoDB"", ""REST API"", ""Next.js"", ""TypeScript"", ""React""]","{""Node.js"": ""exact"", ""MongoDB"": ""exact"", ""REST API"": ""exact"", ""Next.js"": ""exact"", ""TypeScript"": ""fuzzy"", ""React"": ""fuzzy""}","Riya Singh
Professional Summary: Web Development professional with 6 years of experience at Meridian Softworks and similar organizations.

Skills: Node.js, MongoDB, REST API, Next.js, TS, ReactJS

Experience:
Meridian Softworks — Web Development Role (6 yrs)
Worked extensively with Node.js on production systems. Worked extensively with MongoDB on production systems. Worked extensively with REST API on production systems. Worked extensively with Next.js on production systems. Worked extensively with TS on production systems. Worked extensively with ReactJS on production systems.

Education: BCA"
R0371,Siddharth Kapoor,Finance,5,"[""Excel"", ""Accounting"", ""Forecasting"", ""Risk Management"", ""Budgeting"", ""Financial Modeling"", ""QuickBooks"", ""Financial Analysis"", ""Auditing""]","{""Excel"": ""exact"", ""Accounting"": ""exact"", ""Forecasting"": ""exact"", ""Risk Management"": ""exact"", ""Budgeting"": ""exact"", ""Financial Modeling"": ""contextual"", ""QuickBooks"": ""exact"", ""Financial Analysis"": ""exact"", ""Auditing"": ""exact""}","Siddharth Kapoor
Professional Summary: Finance professional with 5 years of experience at Orbitline Technologies and similar organizations.

Skills: Excel, Accounting, Forecasting, Risk Management, Budgeting, built spreadsheet models to forecast company revenue and cash flow, QuickBooks, Financial Analysis, Auditing

Experience:
Orbitline Technologies — Finance Role (5 yrs)
Worked extensively with Excel on production systems. Worked extensively with Accounting on production systems. Worked extensively with Forecasting on production systems. Worked extensively with Risk Management on production systems. Worked extensively with Budgeting on production systems. Built spreadsheet models to forecast company revenue and cash flow. Worked extensively with QuickBooks on production systems. Worked extensively with Financial Analysis on production systems. Worked extensively with Auditing on production systems.

Education: MBA Finance"
R0372,Vivek Rao,Human Resources,10,"[""Recruitment"", ""Labor Law"", ""Employee Relations"", ""Payroll"", ""Onboarding"", ""Performance Management"", ""Talent Acquisition""]","{""Recruitment"": ""contextual"", ""Labor Law"": ""exact"", ""Employee Relations"": ""exact"", ""Payroll"": ""exact"", ""Onboarding"": ""exact"", ""Performance Management"": ""exact"", ""Talent Acquisition"": ""exact""}","Vivek Rao
Professional Summary: Human Resources professional with 10 years of experience at Meridian Softworks and similar organizations.

Skills: managed the full candidate sourcing and hiring lifecycle, Labor Law, Employee Relations, Payroll, Onboarding, Performance Management, Talent Acquisition

Experience:
Meridian Softworks — Human Resources Role (10 yrs)
Managed the full candidate sourcing and hiring lifecycle. Worked extensively with Labor Law on production systems. Worked extensively with Employee Relations on production systems. Worked extensively with Payroll on production systems. Worked extensively with Onboarding on production systems. Worked extensively with Performance Management on production systems. Worked extensively with Talent Acquisition on production systems.

Education: MBA Human Resources"
R0373,Neha Sharma,Human Resources,2,"[""Labor Law"", ""Performance Management"", ""Talent Acquisition"", ""Payroll"", ""Employee Relations"", ""HRIS""]","{""Labor Law"": ""exact"", ""Performance Management"": ""exact"", ""Talent Acquisition"": ""exact"", ""Payroll"": ""exact"", ""Employee Relations"": ""exact"", ""HRIS"": ""exact""}","Neha Sharma
Professional Summary: Human Resources professional with 2 years of experience at Verdant Analytics and similar organizations.

Skills: Labor Law, Performance Management, Talent Acquisition, Payroll, Employee Relations, HRIS

Experience:
Verdant Analytics — Human Resources Role (2 yrs)
Worked extensively with Labor Law on production systems. Worked extensively with Performance Management on production systems. Worked extensively with Talent Acquisition on production systems. Worked extensively with Payroll on production systems. Worked extensively with Employee Relations on production systems. Worked extensively with HRIS on production systems.

Education: MBA Human Resources"
R0374,Ananya Rao,Human Resources,2,"[""Onboarding"", ""Performance Management"", ""HRIS"", ""Labor Law"", ""Payroll"", ""Talent Acquisition"", ""Employee Relations"", ""Recruitment""]","{""Onboarding"": ""exact"", ""Performance Management"": ""exact"", ""HRIS"": ""exact"", ""Labor Law"": ""exact"", ""Payroll"": ""exact"", ""Talent Acquisition"": ""exact"", ""Employee Relations"": ""exact"", ""Recruitment"": ""exact""}","Ananya Rao
Professional Summary: Human Resources professional with 2 years of experience at Sundial HR Group and similar organizations.

Skills: Onboarding, Performance Management, HRIS, Labor Law, Payroll, Talent Acquisition, Employee Relations, Recruitment

Experience:
Sundial HR Group — Human Resources Role (2 yrs)
Worked extensively with Onboarding on production systems. Worked extensively with Performance Management on production systems. Worked extensively with HRIS on production systems. Worked extensively with Labor Law on production systems. Worked extensively with Payroll on production systems. Worked extensively with Talent Acquisition on production systems. Worked extensively with Employee Relations on production systems. Worked extensively with Recruitment on production systems.

Education: PGDM HR"
R0375,Vivek Iyer,Finance,2,"[""Excel"", ""SAP"", ""Financial Analysis"", ""Auditing"", ""Budgeting"", ""Risk Management"", ""Financial Modeling"", ""Accounting"", ""Forecasting"", ""QuickBooks"", ""Next.js"", ""HTML""]","{""Excel"": ""exact"", ""SAP"": ""exact"", ""Financial Analysis"": ""exact"", ""Auditing"": ""exact"", ""Budgeting"": ""exact"", ""Risk Management"": ""exact"", ""Financial Modeling"": ""exact"", ""Accounting"": ""exact"", ""Forecasting"": ""exact"", ""QuickBooks"": ""exact"", ""Next.js"": ""exact"", ""HTML"": ""exact""}","Vivek Iyer
Professional Summary: Finance professional with 2 years of experience at Novatrail Consulting and similar organizations.

Skills: Excel, SAP, Financial Analysis, Auditing, Budgeting, Risk Management, Financial Modeling, Accounting, Forecasting, QuickBooks, Next.js, HTML

Experience:
Novatrail Consulting — Finance Role (2 yrs)
Worked extensively with Excel on production systems. Worked extensively with SAP on production systems. Worked extensively with Financial Analysis on production systems. Worked extensively with Auditing on production systems. Worked extensively with Budgeting on production systems. Worked extensively with Risk Management on production systems. Worked extensively with Financial Modeling on production systems. Worked extensively with Accounting on production systems. Worked extensively with Forecasting on production systems. Worked extensively with QuickBooks on production systems. Worked extensively with Next.js on production systems. Worked extensively with HTML on production systems.

Education: B.Com"
R0376,Priya Mehta,DevOps,1,"[""Ansible"", ""AWS"", ""GCP"", ""Terraform"", ""Azure"", ""Jenkins"", ""Linux"", ""CI/CD"", ""Docker"", ""Kubernetes""]","{""Ansible"": ""exact"", ""AWS"": ""contextual"", ""GCP"": ""exact"", ""Terraform"": ""exact"", ""Azure"": ""exact"", ""Jenkins"": ""exact"", ""Linux"": ""exact"", ""CI/CD"": ""fuzzy"", ""Docker"": ""exact"", ""Kubernetes"": ""exact""}","Priya Mehta
Professional Summary: DevOps professional with 1 years of experience at BluePeak Solutions and similar organizations.

Skills: Ansible, provisioned and managed cloud infrastructure on a major public cloud platform, GCP, Terraform, Azure, Jenkins, Linux, CICD, Docker, Kubernetes

Experience:
BluePeak Solutions — DevOps Role (1 yrs)
Worked extensively with Ansible on production systems. Provisioned and managed cloud infrastructure on a major public cloud platform. Worked extensively with GCP on production systems. Worked extensively with Terraform on production systems. Worked extensively with Azure on production systems. Worked extensively with Jenkins on production systems. Worked extensively with Linux on production systems. Worked extensively with CICD on production systems. Worked extensively with Docker on production systems. Worked extensively with Kubernetes on production systems.

Education: B.Tech Computer Science"
R0377,Amit Gupta,Web Development,12,"[""MongoDB"", ""React"", ""CSS"", ""TypeScript"", ""HTML"", ""Express.js"", ""Next.js"", ""JavaScript"", ""REST API""]","{""MongoDB"": ""fuzzy"", ""React"": ""exact"", ""CSS"": ""exact"", ""TypeScript"": ""exact"", ""HTML"": ""exact"", ""Express.js"": ""exact"", ""Next.js"": ""exact"", ""JavaScript"": ""exact"", ""REST API"": ""exact""}","Amit Gupta
Professional Summary: Web Development professional with 12 years of experience at Quantwave Inc and similar organizations.

Skills: Mongo DB, React, CSS, TypeScript, HTML, Express.js, Next.js, JavaScript, REST API

Experience:
Quantwave Inc — Web Development Role (12 yrs)
Worked extensively with Mongo DB on production systems. Worked extensively with React on production systems. Worked extensively with CSS on production systems. Worked extensively with TypeScript on production systems. Worked extensively with HTML on production systems. Worked extensively with Express.js on production systems. Worked extensively with Next.js on production systems. Worked extensively with JavaScript on production systems. Worked extensively with REST API on production systems.

Education: BCA"
R0378,Ananya Reddy,Data Science,3,"[""TensorFlow"", ""Machine Learning"", ""Scikit-learn"", ""Statistics"", ""Data Visualization"", ""Deep Learning"", ""Natural Language Processing"", ""SQL"", ""NumPy"", ""Pandas"", ""SAP"", ""Risk Management""]","{""TensorFlow"": ""exact"", ""Machine Learning"": ""fuzzy"", ""Scikit-learn"": ""exact"", ""Statistics"": ""exact"", ""Data Visualization"": ""contextual"", ""Deep Learning"": ""exact"", ""Natural Language Processing"": ""exact"", ""SQL"": ""exact"", ""NumPy"": ""exact"", ""Pandas"": ""exact"", ""SAP"": ""fuzzy"", ""Risk Management"": ""exact""}","Ananya Reddy
Professional Summary: Data Science professional with 3 years of experience at Novatrail Consulting and similar organizations.

Skills: TensorFlow, Machine-Learning, Scikit-learn, Statistics, created dashboards and charts to communicate insights to stakeholders, Deep Learning, Natural Language Processing, SQL, NumPy, Pandas, S.A.P., Risk Management

Experience:
Novatrail Consulting — Data Science Role (3 yrs)
Worked extensively with TensorFlow on production systems. Worked extensively with Machine-Learning on production systems. Worked extensively with Scikit-learn on production systems. Worked extensively with Statistics on production systems. Created dashboards and charts to communicate insights to stakeholders. Worked extensively with Deep Learning on production systems. Worked extensively with Natural Language Processing on production systems. Worked extensively with SQL on production systems. Worked extensively with NumPy on production systems. Worked extensively with Pandas on production systems. Worked extensively with S.A.P. on production systems. Worked extensively with Risk Management on production systems.

Education: B.Sc Statistics"
R0379,Amit Mehta,Finance,11,"[""Financial Analysis"", ""Risk Management"", ""Auditing"", ""Budgeting"", ""Excel"", ""Accounting"", ""Financial Modeling"", ""QuickBooks"", ""SAP"", ""Forecasting"", ""Docker"", ""Terraform""]","{""Financial Analysis"": ""exact"", ""Risk Management"": ""exact"", ""Auditing"": ""exact"", ""Budgeting"": ""exact"", ""Excel"": ""exact"", ""Accounting"": ""exact"", ""Financial Modeling"": ""exact"", ""QuickBooks"": ""exact"", ""SAP"": ""exact"", ""Forecasting"": ""exact"", ""Docker"": ""exact"", ""Terraform"": ""exact""}","Amit Mehta
Professional Summary: Finance professional with 11 years of experience at Harborline Financial and similar organizations.

Skills: Financial Analysis, Risk Management, Auditing, Budgeting, Excel, Accounting, Financial Modeling, QuickBooks, SAP, Forecasting, Docker, Terraform

Experience:
Harborline Financial — Finance Role (11 yrs)
Worked extensively with Financial Analysis on production systems. Worked extensively with Risk Management on production systems. Worked extensively with Auditing on production systems. Worked extensively with Budgeting on production systems. Worked extensively with Excel on production systems. Worked extensively with Accounting on production systems. Worked extensively with Financial Modeling on production systems. Worked extensively with QuickBooks on production systems. Worked extensively with SAP on production systems. Worked extensively with Forecasting on production systems. Worked extensively with Docker on production systems. Worked extensively with Terraform on production systems.

Education: B.Com"
R0380,Deepa Sharma,DevOps,7,"[""Terraform"", ""Kubernetes"", ""Azure"", ""Docker"", ""GCP"", ""Ansible"", ""Linux"", ""CI/CD"", ""AWS"", ""Labor Law"", ""Performance Management""]","{""Terraform"": ""exact"", ""Kubernetes"": ""exact"", ""Azure"": ""exact"", ""Docker"": ""contextual"", ""GCP"": ""exact"", ""Ansible"": ""exact"", ""Linux"": ""exact"", ""CI/CD"": ""contextual"", ""AWS"": ""fuzzy"", ""Labor Law"": ""exact"", ""Performance Management"": ""exact""}","Deepa Sharma
Professional Summary: DevOps professional with 7 years of experience at Trailhead Digital and similar organizations.

Skills: Terraform, Kubernetes, Azure, packaged applications into portable, isolated containers for deployment, GCP, Ansible, Linux, set up automated build and deployment pipelines triggered on every commit, A.W.S., Labor Law, Performance Management

Experience:
Trailhead Digital — DevOps Role (7 yrs)
Worked extensively with Terraform on production systems. Worked extensively with Kubernetes on production systems. Worked extensively with Azure on production systems. Packaged applications into portable, isolated containers for deployment. Worked extensively with GCP on production systems. Worked extensively with Ansible on production systems. Worked extensively with Linux on production systems. Set up automated build and deployment pipelines triggered on every commit. Worked extensively with A.W.S. on production systems. Worked extensively with Labor Law on production systems. Worked extensively with Performance Management on production systems.

Education: B.Tech Computer Science"
R0381,Manish Kumar,Web Development,1,"[""Next.js"", ""JavaScript"", ""MongoDB"", ""React"", ""TypeScript"", ""CSS"", ""REST API"", ""Express.js"", ""Node.js"", ""HTML""]","{""Next.js"": ""exact"", ""JavaScript"": ""exact"", ""MongoDB"": ""exact"", ""React"": ""contextual"", ""TypeScript"": ""exact"", ""CSS"": ""exact"", ""REST API"": ""fuzzy"", ""Express.js"": ""exact"", ""Node.js"": ""exact"", ""HTML"": ""exact""}","Manish Kumar
Professional Summary: Web Development professional with 1 years of experience at Meridian Softworks and similar organizations.

Skills: Next.js, JavaScript, MongoDB, built dynamic, component-based user interfaces for single-page applications, TypeScript, CSS, RESTful API, Express.js, Node.js, HTML

Experience:
Meridian Softworks — Web Development Role (1 yrs)
Worked extensively with Next.js on production systems. Worked extensively with JavaScript on production systems. Worked extensively with MongoDB on production systems. Built dynamic, component-based user interfaces for single-page applications. Worked extensively with TypeScript on production systems. Worked extensively with CSS on production systems. Worked extensively with RESTful API on production systems. Worked extensively with Express.js on production systems. Worked extensively with Node.js on production systems. Worked extensively with HTML on production systems.

Education: B.Sc Computer Science"
R0382,Neha Reddy,Data Science,1,"[""TensorFlow"", ""Pandas"", ""NumPy"", ""SQL"", ""Python"", ""Statistics"", ""Data Visualization"", ""Natural Language Processing"", ""PyTorch"", ""Machine Learning"", ""Forecasting"", ""Budgeting""]","{""TensorFlow"": ""exact"", ""Pandas"": ""exact"", ""NumPy"": ""exact"", ""SQL"": ""exact"", ""Python"": ""exact"", ""Statistics"": ""exact"", ""Data Visualization"": ""exact"", ""Natural Language Processing"": ""exact"", ""PyTorch"": ""exact"", ""Machine Learning"": ""exact"", ""Forecasting"": ""exact"", ""Budgeting"": ""exact""}","Neha Reddy
Professional Summary: Data Science professional with 1 years of experience at Quantwave Inc and similar organizations.

Skills: TensorFlow, Pandas, NumPy, SQL, Python, Statistics, Data Visualization, Natural Language Processing, PyTorch, Machine Learning, Forecasting, Budgeting

Experience:
Quantwave Inc — Data Science Role (1 yrs)
Worked extensively with TensorFlow on production systems. Worked extensively with Pandas on production systems. Worked extensively with NumPy on production systems. Worked extensively with SQL on production systems. Worked extensively with Python on production systems. Worked extensively with Statistics on production systems. Worked extensively with Data Visualization on production systems. Worked extensively with Natural Language Processing on production systems. Worked extensively with PyTorch on production systems. Worked extensively with Machine Learning on production systems. Worked extensively with Forecasting on production systems. Worked extensively with Budgeting on production systems.

Education: B.Sc Statistics"
R0383,Neha Gupta,Human Resources,2,"[""HRIS"", ""Employee Relations"", ""Payroll"", ""Onboarding"", ""Performance Management"", ""Recruitment"", ""Labor Law"", ""Talent Acquisition"", ""Linux"", ""Docker""]","{""HRIS"": ""exact"", ""Employee Relations"": ""exact"", ""Payroll"": ""contextual"", ""Onboarding"": ""exact"", ""Performance Management"": ""exact"", ""Recruitment"": ""exact"", ""Labor Law"": ""exact"", ""Talent Acquisition"": ""exact"", ""Linux"": ""exact"", ""Docker"": ""exact""}","Neha Gupta
Professional Summary: Human Resources professional with 2 years of experience at BluePeak Solutions and similar organizations.

Skills: HRIS, Employee Relations, processed monthly employee compensation and statutory deductions, Onboarding, Performance Management, Recruitment, Labor Law, Talent Acquisition, Linux, Docker

Experience:
BluePeak Solutions — Human Resources Role (2 yrs)
Worked extensively with HRIS on production systems. Worked extensively with Employee Relations on production systems. Processed monthly employee compensation and statutory deductions. Worked extensively with Onboarding on production systems. Worked extensively with Performance Management on production systems. Worked extensively with Recruitment on production systems. Worked extensively with Labor Law on production systems. Worked extensively with Talent Acquisition on production systems. Worked extensively with Linux on production systems. Worked extensively with Docker on production systems.

Education: B.A. Psychology"
R0384,Vikram Nair,Finance,6,"[""Accounting"", ""Forecasting"", ""Risk Management"", ""Budgeting"", ""QuickBooks"", ""SAP"", ""Excel"", ""Financial Modeling"", ""Financial Analysis""]","{""Accounting"": ""exact"", ""Forecasting"": ""exact"", ""Risk Management"": ""contextual"", ""Budgeting"": ""exact"", ""QuickBooks"": ""exact"", ""SAP"": ""fuzzy"", ""Excel"": ""exact"", ""Financial Modeling"": ""exact"", ""Financial Analysis"": ""exact""}","Vikram Nair
Professional Summary: Finance professional with 6 years of experience at Novatrail Consulting and similar organizations.

Skills: Accounting, Forecasting, identified and mitigated operational and financial exposure for the business, Budgeting, QuickBooks, SAP , Excel, Financial Modeling, Financial Analysis

Experience:
Novatrail Consulting — Finance Role (6 yrs)
Worked extensively with Accounting on production systems. Worked extensively with Forecasting on production systems. Identified and mitigated operational and financial exposure for the business. Worked extensively with Budgeting on production systems. Worked extensively with QuickBooks on production systems. Worked extensively with SAP  on production systems. Worked extensively with Excel on production systems. Worked extensively with Financial Modeling on production systems. Worked extensively with Financial Analysis on production systems.

Education: MBA Finance"
R0385,Amit Mehta,Human Resources,11,"[""Employee Relations"", ""Talent Acquisition"", ""HRIS"", ""Onboarding"", ""Performance Management"", ""Payroll"", ""Recruitment""]","{""Employee Relations"": ""exact"", ""Talent Acquisition"": ""exact"", ""HRIS"": ""exact"", ""Onboarding"": ""exact"", ""Performance Management"": ""exact"", ""Payroll"": ""exact"", ""Recruitment"": ""contextual""}","Amit Mehta
Professional Summary: Human Resources professional with 11 years of experience at Meridian Softworks and similar organizations.

Skills: Employee Relations, Talent Acquisition, HRIS, Onboarding, Performance Management, Payroll, managed the full candidate sourcing and hiring lifecycle

Experience:
Meridian Softworks — Human Resources Role (11 yrs)
Worked extensively with Employee Relations on production systems. Worked extensively with Talent Acquisition on production systems. Worked extensively with HRIS on production systems. Worked extensively with Onboarding on production systems. Worked extensively with Performance Management on production systems. Worked extensively with Payroll on production systems. Managed the full candidate sourcing and hiring lifecycle.

Education: MBA Human Resources"
R0386,Meera Gupta,Web Development,2,"[""React"", ""Node.js"", ""REST API"", ""JavaScript"", ""Express.js"", ""Next.js"", ""CSS""]","{""React"": ""exact"", ""Node.js"": ""exact"", ""REST API"": ""fuzzy"", ""JavaScript"": ""exact"", ""Express.js"": ""exact"", ""Next.js"": ""exact"", ""CSS"": ""exact""}","Meera Gupta
Professional Summary: Web Development professional with 2 years of experience at Nimbus Systems and similar organizations.

Skills: React, Node.js, RESTful API, JavaScript, Express.js, Next.js, CSS

Experience:
Nimbus Systems — Web Development Role (2 yrs)
Worked extensively with React on production systems. Worked extensively with Node.js on production systems. Worked extensively with RESTful API on production systems. Worked extensively with JavaScript on production systems. Worked extensively with Express.js on production systems. Worked extensively with Next.js on production systems. Worked extensively with CSS on production systems.

Education: B.Sc Computer Science"
R0387,Priya Iyer,Data Science,1,"[""Machine Learning"", ""NumPy"", ""Scikit-learn"", ""Statistics"", ""Data Visualization"", ""PyTorch"", ""Pandas"", ""Natural Language Processing""]","{""Machine Learning"": ""fuzzy"", ""NumPy"": ""exact"", ""Scikit-learn"": ""exact"", ""Statistics"": ""exact"", ""Data Visualization"": ""exact"", ""PyTorch"": ""exact"", ""Pandas"": ""exact"", ""Natural Language Processing"": ""exact""}","Priya Iyer
Professional Summary: Data Science professional with 1 years of experience at Nimbus Systems and similar organizations.

Skills: Machine-Learning, NumPy, Scikit-learn, Statistics, Data Visualization, PyTorch, Pandas, Natural Language Processing

Experience:
Nimbus Systems — Data Science Role (1 yrs)
Worked extensively with Machine-Learning on production systems. Worked extensively with NumPy on production systems. Worked extensively with Scikit-learn on production systems. Worked extensively with Statistics on production systems. Worked extensively with Data Visualization on production systems. Worked extensively with PyTorch on production systems. Worked extensively with Pandas on production systems. Worked extensively with Natural Language Processing on production systems.

Education: B.Tech Computer Science"
R0388,Sanjay Bhat,DevOps,10,"[""Kubernetes"", ""Docker"", ""AWS"", ""Ansible"", ""Linux"", ""Terraform""]","{""Kubernetes"": ""fuzzy"", ""Docker"": ""fuzzy"", ""AWS"": ""contextual"", ""Ansible"": ""exact"", ""Linux"": ""exact"", ""Terraform"": ""exact""}","Sanjay Bhat
Professional Summary: DevOps professional with 10 years of experience at Quantwave Inc and similar organizations.

Skills: K8s, Dockers, provisioned and managed cloud infrastructure on a major public cloud platform, Ansible, Linux, Terraform

Experience:
Quantwave Inc — DevOps Role (10 yrs)
Worked extensively with K8s on production systems. Worked extensively with Dockers on production systems. Provisioned and managed cloud infrastructure on a major public cloud platform. Worked extensively with Ansible on production systems. Worked extensively with Linux on production systems. Worked extensively with Terraform on production systems.

Education: B.Tech Computer Science"
R0389,Kavya Gupta,Finance,9,"[""SAP"", ""Auditing"", ""Excel"", ""Financial Modeling"", ""Budgeting"", ""Forecasting"", ""Accounting""]","{""SAP"": ""exact"", ""Auditing"": ""exact"", ""Excel"": ""fuzzy"", ""Financial Modeling"": ""contextual"", ""Budgeting"": ""exact"", ""Forecasting"": ""exact"", ""Accounting"": ""exact""}","Kavya Gupta
Professional Summary: Finance professional with 9 years of experience at Sundial HR Group and similar organizations.

Skills: SAP, Auditing, Micosoft Excel, built spreadsheet models to forecast company revenue and cash flow, Budgeting, Forecasting, Accounting

Experience:
Sundial HR Group — Finance Role (9 yrs)
Worked extensively with SAP on production systems. Worked extensively with Auditing on production systems. Worked extensively with Micosoft Excel on production systems. Built spreadsheet models to forecast company revenue and cash flow. Worked extensively with Budgeting on production systems. Worked extensively with Forecasting on production systems. Worked extensively with Accounting on production systems.

Education: MBA Finance"
R0390,Amit Nair,DevOps,5,"[""Ansible"", ""Kubernetes"", ""Linux"", ""Docker"", ""CI/CD"", ""Terraform"", ""GCP"", ""Jenkins""]","{""Ansible"": ""exact"", ""Kubernetes"": ""fuzzy"", ""Linux"": ""exact"", ""Docker"": ""exact"", ""CI/CD"": ""exact"", ""Terraform"": ""exact"", ""GCP"": ""exact"", ""Jenkins"": ""exact""}","Amit Nair
Professional Summary: DevOps professional with 5 years of experience at Nimbus Systems and similar organizations.

Skills: Ansible, Kubernetes , Linux, Docker, CI/CD, Terraform, GCP, Jenkins

Experience:
Nimbus Systems — DevOps Role (5 yrs)
Worked extensively with Ansible on production systems. Worked extensively with Kubernetes  on production systems. Worked extensively with Linux on production systems. Worked extensively with Docker on production systems. Worked extensively with CI/CD on production systems. Worked extensively with Terraform on production systems. Worked extensively with GCP on production systems. Worked extensively with Jenkins on production systems.

Education: B.Tech Computer Science"
R0391,Sanjay Sharma,Finance,9,"[""QuickBooks"", ""Risk Management"", ""Financial Analysis"", ""Budgeting"", ""Accounting"", ""Excel"", ""Auditing"", ""Financial Modeling"", ""Forecasting""]","{""QuickBooks"": ""exact"", ""Risk Management"": ""exact"", ""Financial Analysis"": ""exact"", ""Budgeting"": ""exact"", ""Accounting"": ""exact"", ""Excel"": ""fuzzy"", ""Auditing"": ""exact"", ""Financial Modeling"": ""exact"", ""Forecasting"": ""exact""}","Sanjay Sharma
Professional Summary: Finance professional with 9 years of experience at Falconbyte and similar organizations.

Skills: QuickBooks, Risk Management, Financial Analysis, Budgeting, Accounting, MS Excel, Auditing, Financial Modeling, Forecasting

Experience:
Falconbyte — Finance Role (9 yrs)
Worked extensively with QuickBooks on production systems. Worked extensively with Risk Management on production systems. Worked extensively with Financial Analysis on production systems. Worked extensively with Budgeting on production systems. Worked extensively with Accounting on production systems. Worked extensively with MS Excel on production systems. Worked extensively with Auditing on production systems. Worked extensively with Financial Modeling on production systems. Worked extensively with Forecasting on production systems.

Education: M.Com"
R0392,Vivek Chauhan,Web Development,6,"[""Node.js"", ""CSS"", ""JavaScript"", ""TypeScript"", ""React"", ""REST API"", ""MongoDB"", ""HTML""]","{""Node.js"": ""contextual"", ""CSS"": ""exact"", ""JavaScript"": ""exact"", ""TypeScript"": ""exact"", ""React"": ""contextual"", ""REST API"": ""exact"", ""MongoDB"": ""exact"", ""HTML"": ""exact""}","Vivek Chauhan
Professional Summary: Web Development professional with 6 years of experience at Quantwave Inc and similar organizations.

Skills: developed server-side applications using an event-driven JavaScript runtime, CSS, JavaScript, TypeScript, built dynamic, component-based user interfaces for single-page applications, REST API, MongoDB, HTML

Experience:
Quantwave Inc — Web Development Role (6 yrs)
Developed server-side applications using an event-driven javascript runtime. Worked extensively with CSS on production systems. Worked extensively with JavaScript on production systems. Worked extensively with TypeScript on production systems. Built dynamic, component-based user interfaces for single-page applications. Worked extensively with REST API on production systems. Worked extensively with MongoDB on production systems. Worked extensively with HTML on production systems.

Education: B.Tech Information Technology"
R0393,Karan Menon,Data Science,4,"[""Pandas"", ""NumPy"", ""Deep Learning"", ""Statistics"", ""Python"", ""SQL"", ""Scikit-learn"", ""TensorFlow"", ""Budgeting"", ""QuickBooks""]","{""Pandas"": ""exact"", ""NumPy"": ""exact"", ""Deep Learning"": ""contextual"", ""Statistics"": ""exact"", ""Python"": ""exact"", ""SQL"": ""fuzzy"", ""Scikit-learn"": ""exact"", ""TensorFlow"": ""exact"", ""Budgeting"": ""exact"", ""QuickBooks"": ""exact""}","Karan Menon
Professional Summary: Data Science professional with 4 years of experience at Quantwave Inc and similar organizations.

Skills: Pandas, NumPy, trained multi-layer neural networks for pattern recognition tasks, Statistics, Python, My SQL, Scikit-learn, TensorFlow, Budgeting, QuickBooks

Experience:
Quantwave Inc — Data Science Role (4 yrs)
Worked extensively with Pandas on production systems. Worked extensively with NumPy on production systems. Trained multi-layer neural networks for pattern recognition tasks. Worked extensively with Statistics on production systems. Worked extensively with Python on production systems. Worked extensively with My SQL on production systems. Worked extensively with Scikit-learn on production systems. Worked extensively with TensorFlow on production systems. Worked extensively with Budgeting on production systems. Worked extensively with QuickBooks on production systems.

Education: M.Tech Data Science"
R0394,Rohan Nair,Web Development,2,"[""HTML"", ""MongoDB"", ""Node.js"", ""TypeScript"", ""Express.js"", ""JavaScript"", ""REST API"", ""Linux"", ""CI/CD""]","{""HTML"": ""exact"", ""MongoDB"": ""fuzzy"", ""Node.js"": ""exact"", ""TypeScript"": ""exact"", ""Express.js"": ""exact"", ""JavaScript"": ""exact"", ""REST API"": ""fuzzy"", ""Linux"": ""exact"", ""CI/CD"": ""exact""}","Rohan Nair
Professional Summary: Web Development professional with 2 years of experience at Meridian Softworks and similar organizations.

Skills: HTML, Mongodb, Node.js, TypeScript, Express.js, JavaScript, Rest Apis, Linux, CI/CD

Experience:
Meridian Softworks — Web Development Role (2 yrs)
Worked extensively with HTML on production systems. Worked extensively with Mongodb on production systems. Worked extensively with Node.js on production systems. Worked extensively with TypeScript on production systems. Worked extensively with Express.js on production systems. Worked extensively with JavaScript on production systems. Worked extensively with Rest Apis on production systems. Worked extensively with Linux on production systems. Worked extensively with CI/CD on production systems.

Education: B.Tech Information Technology"
R0395,Anjali Sharma,Data Science,2,"[""Deep Learning"", ""Pandas"", ""Machine Learning"", ""NumPy"", ""Natural Language Processing"", ""Scikit-learn""]","{""Deep Learning"": ""contextual"", ""Pandas"": ""exact"", ""Machine Learning"": ""exact"", ""NumPy"": ""exact"", ""Natural Language Processing"": ""exact"", ""Scikit-learn"": ""exact""}","Anjali Sharma
Professional Summary: Data Science professional with 2 years of experience at Novatrail Consulting and similar organizations.

Skills: trained multi-layer neural networks for pattern recognition tasks, Pandas, Machine Learning, NumPy, Natural Language Processing, Scikit-learn

Experience:
Novatrail Consulting — Data Science Role (2 yrs)
Trained multi-layer neural networks for pattern recognition tasks. Worked extensively with Pandas on production systems. Worked extensively with Machine Learning on production systems. Worked extensively with NumPy on production systems. Worked extensively with Natural Language Processing on production systems. Worked extensively with Scikit-learn on production systems.

Education: B.Sc Statistics"
R0396,Aarav Verma,Web Development,2,"[""TypeScript"", ""MongoDB"", ""Node.js"", ""React"", ""JavaScript"", ""CSS"", ""Express.js"", ""HTML""]","{""TypeScript"": ""exact"", ""MongoDB"": ""exact"", ""Node.js"": ""exact"", ""React"": ""exact"", ""JavaScript"": ""exact"", ""CSS"": ""exact"", ""Express.js"": ""exact"", ""HTML"": ""exact""}","Aarav Verma
Professional Summary: Web Development professional with 2 years of experience at Novatrail Consulting and similar organizations.

Skills: TypeScript, MongoDB, Node.js, React, JavaScript, CSS, Express.js, HTML

Experience:
Novatrail Consulting — Web Development Role (2 yrs)
Worked extensively with TypeScript on production systems. Worked extensively with MongoDB on production systems. Worked extensively with Node.js on production systems. Worked extensively with React on production systems. Worked extensively with JavaScript on production systems. Worked extensively with CSS on production systems. Worked extensively with Express.js on production systems. Worked extensively with HTML on production systems.

Education: B.Sc Computer Science"
R0397,Divya Kumar,DevOps,2,"[""Linux"", ""Kubernetes"", ""Ansible"", ""Azure"", ""Docker"", ""GCP"", ""Terraform""]","{""Linux"": ""exact"", ""Kubernetes"": ""contextual"", ""Ansible"": ""exact"", ""Azure"": ""exact"", ""Docker"": ""fuzzy"", ""GCP"": ""exact"", ""Terraform"": ""exact""}","Divya Kumar
Professional Summary: DevOps professional with 2 years of experience at Harborline Financial and similar organizations.

Skills: Linux, orchestrated containerized workloads across a distributed cluster, Ansible, Azure, Dockers, GCP, Terraform

Experience:
Harborline Financial — DevOps Role (2 yrs)
Worked extensively with Linux on production systems. Orchestrated containerized workloads across a distributed cluster. Worked extensively with Ansible on production systems. Worked extensively with Azure on production systems. Worked extensively with Dockers on production systems. Worked extensively with GCP on production systems. Worked extensively with Terraform on production systems.

Education: B.E. Electronics and Communication"
R0398,Anjali Patel,Web Development,1,"[""Node.js"", ""CSS"", ""Express.js"", ""Next.js"", ""JavaScript"", ""REST API"", ""HTML"", ""MongoDB"", ""React""]","{""Node.js"": ""exact"", ""CSS"": ""exact"", ""Express.js"": ""exact"", ""Next.js"": ""exact"", ""JavaScript"": ""exact"", ""REST API"": ""contextual"", ""HTML"": ""exact"", ""MongoDB"": ""exact"", ""React"": ""fuzzy""}","Anjali Patel
Professional Summary: Web Development professional with 1 years of experience at Orbitline Technologies and similar organizations.

Skills: Node.js, CSS, Express.js, Next.js, JavaScript, designed and exposed HTTP endpoints for internal service communication, HTML, MongoDB, ReactJS

Experience:
Orbitline Technologies — Web Development Role (1 yrs)
Worked extensively with Node.js on production systems. Worked extensively with CSS on production systems. Worked extensively with Express.js on production systems. Worked extensively with Next.js on production systems. Worked extensively with JavaScript on production systems. Designed and exposed http endpoints for internal service communication. Worked extensively with HTML on production systems. Worked extensively with MongoDB on production systems. Worked extensively with ReactJS on production systems.

Education: BCA"
R0399,Pooja Chauhan,Data Science,11,"[""Deep Learning"", ""Natural Language Processing"", ""TensorFlow"", ""Scikit-learn"", ""SQL"", ""Pandas"", ""Data Visualization"", ""PyTorch""]","{""Deep Learning"": ""contextual"", ""Natural Language Processing"": ""exact"", ""TensorFlow"": ""exact"", ""Scikit-learn"": ""exact"", ""SQL"": ""exact"", ""Pandas"": ""exact"", ""Data Visualization"": ""exact"", ""PyTorch"": ""exact""}","Pooja Chauhan
Professional Summary: Data Science professional with 11 years of experience at Quantwave Inc and similar organizations.

Skills: trained multi-layer neural networks for pattern recognition tasks, Natural Language Processing, TensorFlow, Scikit-learn, SQL, Pandas, Data Visualization, PyTorch

Experience:
Quantwave Inc — Data Science Role (11 yrs)
Trained multi-layer neural networks for pattern recognition tasks. Worked extensively with Natural Language Processing on production systems. Worked extensively with TensorFlow on production systems. Worked extensively with Scikit-learn on production systems. Worked extensively with SQL on production systems. Worked extensively with Pandas on production systems. Worked extensively with Data Visualization on production systems. Worked extensively with PyTorch on production systems.

Education: B.Tech Computer Science"
R0400,Karan Sharma,Human Resources,6,"[""Performance Management"", ""HRIS"", ""Labor Law"", ""Onboarding"", ""Recruitment"", ""Payroll""]","{""Performance Management"": ""exact"", ""HRIS"": ""exact"", ""Labor Law"": ""exact"", ""Onboarding"": ""exact"", ""Recruitment"": ""contextual"", ""Payroll"": ""contextual""}","Karan Sharma
Professional Summary: Human Resources professional with 6 years of experience at Novatrail Consulting and similar organizations.

Skills: Performance Management, HRIS, Labor Law, Onboarding, managed the full candidate sourcing and hiring lifecycle, processed monthly employee compensation and statutory deductions

Experience:
Novatrail Consulting — Human Resources Role (6 yrs)
Worked extensively with Performance Management on production systems. Worked extensively with HRIS on production systems. Worked extensively with Labor Law on production systems. Worked extensively with Onboarding on production systems. Managed the full candidate sourcing and hiring lifecycle. Processed monthly employee compensation and statutory deductions.

Education: B.A. Psychology"
R0401,Amit Chatterjee,Web Development,6,"[""MongoDB"", ""Node.js"", ""REST API"", ""React"", ""Next.js"", ""TypeScript"", ""JavaScript"", ""Express.js"", ""Linux"", ""Docker""]","{""MongoDB"": ""exact"", ""Node.js"": ""fuzzy"", ""REST API"": ""contextual"", ""React"": ""contextual"", ""Next.js"": ""exact"", ""TypeScript"": ""exact"", ""JavaScript"": ""exact"", ""Express.js"": ""exact"", ""Linux"": ""exact"", ""Docker"": ""contextual""}","Amit Chatterjee
Professional Summary: Web Development professional with 6 years of experience at Nimbus Systems and similar organizations.

Skills: MongoDB, Node JS, designed and exposed HTTP endpoints for internal service communication, built dynamic, component-based user interfaces for single-page applications, Next.js, TypeScript, JavaScript, Express.js, Linux, packaged applications into portable, isolated containers for deployment

Experience:
Nimbus Systems — Web Development Role (6 yrs)
Worked extensively with MongoDB on production systems. Worked extensively with Node JS on production systems. Designed and exposed http endpoints for internal service communication. Built dynamic, component-based user interfaces for single-page applications. Worked extensively with Next.js on production systems. Worked extensively with TypeScript on production systems. Worked extensively with JavaScript on production systems. Worked extensively with Express.js on production systems. Worked extensively with Linux on production systems. Packaged applications into portable, isolated containers for deployment.

Education: BCA"
R0402,Amit Sharma,Web Development,5,"[""MongoDB"", ""Node.js"", ""CSS"", ""HTML"", ""REST API"", ""Express.js"", ""TypeScript""]","{""MongoDB"": ""exact"", ""Node.js"": ""fuzzy"", ""CSS"": ""exact"", ""HTML"": ""exact"", ""REST API"": ""exact"", ""Express.js"": ""exact"", ""TypeScript"": ""fuzzy""}","Amit Sharma
Professional Summary: Web Development professional with 5 years of experience at Verdant Analytics and similar organizations.

Skills: MongoDB, Node, CSS, HTML, REST API, Express.js, TS

Experience:
Verdant Analytics — Web Development Role (5 yrs)
Worked extensively with MongoDB on production systems. Worked extensively with Node on production systems. Worked extensively with CSS on production systems. Worked extensively with HTML on production systems. Worked extensively with REST API on production systems. Worked extensively with Express.js on production systems. Worked extensively with TS on production systems.

Education: B.Tech Information Technology"
R0403,Manish Singh,Finance,3,"[""Financial Analysis"", ""QuickBooks"", ""Budgeting"", ""Forecasting"", ""Excel"", ""SAP"", ""Risk Management"", ""Auditing""]","{""Financial Analysis"": ""exact"", ""QuickBooks"": ""exact"", ""Budgeting"": ""exact"", ""Forecasting"": ""exact"", ""Excel"": ""exact"", ""SAP"": ""fuzzy"", ""Risk Management"": ""contextual"", ""Auditing"": ""exact""}","Manish Singh
Professional Summary: Finance professional with 3 years of experience at Sundial HR Group and similar organizations.

Skills: Financial Analysis, QuickBooks, Budgeting, Forecasting, Excel, S.A.P., identified and mitigated operational and financial exposure for the business, Auditing

Experience:
Sundial HR Group — Finance Role (3 yrs)
Worked extensively with Financial Analysis on production systems. Worked extensively with QuickBooks on production systems. Worked extensively with Budgeting on production systems. Worked extensively with Forecasting on production systems. Worked extensively with Excel on production systems. Worked extensively with S.A.P. on production systems. Identified and mitigated operational and financial exposure for the business. Worked extensively with Auditing on production systems.

Education: MBA Finance"
R0404,Isha Das,DevOps,3,"[""Linux"", ""AWS"", ""Docker"", ""GCP"", ""Azure"", ""CI/CD"", ""Kubernetes"", ""Jenkins"", ""Ansible"", ""Talent Acquisition"", ""Recruitment""]","{""Linux"": ""exact"", ""AWS"": ""fuzzy"", ""Docker"": ""exact"", ""GCP"": ""exact"", ""Azure"": ""exact"", ""CI/CD"": ""exact"", ""Kubernetes"": ""exact"", ""Jenkins"": ""exact"", ""Ansible"": ""exact"", ""Talent Acquisition"": ""exact"", ""Recruitment"": ""exact""}","Isha Das
Professional Summary: DevOps professional with 3 years of experience at Novatrail Consulting and similar organizations.

Skills: Linux, A.W.S., Docker, GCP, Azure, CI/CD, Kubernetes, Jenkins, Ansible, Talent Acquisition, Recruitment

Experience:
Novatrail Consulting — DevOps Role (3 yrs)
Worked extensively with Linux on production systems. Worked extensively with A.W.S. on production systems. Worked extensively with Docker on production systems. Worked extensively with GCP on production systems. Worked extensively with Azure on production systems. Worked extensively with CI/CD on production systems. Worked extensively with Kubernetes on production systems. Worked extensively with Jenkins on production systems. Worked extensively with Ansible on production systems. Worked extensively with Talent Acquisition on production systems. Worked extensively with Recruitment on production systems.

Education: B.Tech Computer Science"
R0405,Aditya Kumar,Data Science,3,"[""Machine Learning"", ""NumPy"", ""Python"", ""Scikit-learn"", ""Statistics"", ""Pandas"", ""PyTorch"", ""Natural Language Processing""]","{""Machine Learning"": ""exact"", ""NumPy"": ""exact"", ""Python"": ""fuzzy"", ""Scikit-learn"": ""exact"", ""Statistics"": ""exact"", ""Pandas"": ""exact"", ""PyTorch"": ""fuzzy"", ""Natural Language Processing"": ""exact""}","Aditya Kumar
Professional Summary: Data Science professional with 3 years of experience at Sundial HR Group and similar organizations.

Skills: Machine Learning, NumPy, Pyhton, Scikit-learn, Statistics, Pandas, Pytorch, Natural Language Processing

Experience:
Sundial HR Group — Data Science Role (3 yrs)
Worked extensively with Machine Learning on production systems. Worked extensively with NumPy on production systems. Worked extensively with Pyhton on production systems. Worked extensively with Scikit-learn on production systems. Worked extensively with Statistics on production systems. Worked extensively with Pandas on production systems. Worked extensively with Pytorch on production systems. Worked extensively with Natural Language Processing on production systems.

Education: B.Sc Statistics"
R0406,Vivek Nair,Data Science,12,"[""Deep Learning"", ""Natural Language Processing"", ""PyTorch"", ""Machine Learning"", ""SQL"", ""Scikit-learn"", ""Data Visualization"", ""TensorFlow""]","{""Deep Learning"": ""exact"", ""Natural Language Processing"": ""exact"", ""PyTorch"": ""fuzzy"", ""Machine Learning"": ""exact"", ""SQL"": ""exact"", ""Scikit-learn"": ""exact"", ""Data Visualization"": ""contextual"", ""TensorFlow"": ""exact""}","Vivek Nair
Professional Summary: Data Science professional with 12 years of experience at Orbitline Technologies and similar organizations.

Skills: Deep Learning, Natural Language Processing, Pytorch, Machine Learning, SQL, Scikit-learn, created dashboards and charts to communicate insights to stakeholders, TensorFlow

Experience:
Orbitline Technologies — Data Science Role (12 yrs)
Worked extensively with Deep Learning on production systems. Worked extensively with Natural Language Processing on production systems. Worked extensively with Pytorch on production systems. Worked extensively with Machine Learning on production systems. Worked extensively with SQL on production systems. Worked extensively with Scikit-learn on production systems. Created dashboards and charts to communicate insights to stakeholders. Worked extensively with TensorFlow on production systems.

Education: B.Sc Statistics"
R0407,Vikram Das,Data Science,9,"[""Pandas"", ""Natural Language Processing"", ""Data Visualization"", ""Machine Learning"", ""Deep Learning"", ""NumPy"", ""Scikit-learn"", ""Statistics"", ""Python""]","{""Pandas"": ""exact"", ""Natural Language Processing"": ""exact"", ""Data Visualization"": ""contextual"", ""Machine Learning"": ""exact"", ""Deep Learning"": ""exact"", ""NumPy"": ""exact"", ""Scikit-learn"": ""exact"", ""Statistics"": ""exact"", ""Python"": ""fuzzy""}","Vikram Das
Professional Summary: Data Science professional with 9 years of experience at Verdant Analytics and similar organizations.

Skills: Pandas, Natural Language Processing, created dashboards and charts to communicate insights to stakeholders, Machine Learning, Deep Learning, NumPy, Scikit-learn, Statistics, python3

Experience:
Verdant Analytics — Data Science Role (9 yrs)
Worked extensively with Pandas on production systems. Worked extensively with Natural Language Processing on production systems. Created dashboards and charts to communicate insights to stakeholders. Worked extensively with Machine Learning on production systems. Worked extensively with Deep Learning on production systems. Worked extensively with NumPy on production systems. Worked extensively with Scikit-learn on production systems. Worked extensively with Statistics on production systems. Worked extensively with python3 on production systems.

Education: M.Tech Data Science"
R0408,Deepa Chauhan,Human Resources,11,"[""Labor Law"", ""Talent Acquisition"", ""Onboarding"", ""Recruitment"", ""Payroll"", ""HRIS"", ""Performance Management"", ""Employee Relations""]","{""Labor Law"": ""exact"", ""Talent Acquisition"": ""exact"", ""Onboarding"": ""exact"", ""Recruitment"": ""exact"", ""Payroll"": ""contextual"", ""HRIS"": ""exact"", ""Performance Management"": ""exact"", ""Employee Relations"": ""exact""}","Deepa Chauhan
Professional Summary: Human Resources professional with 11 years of experience at Orbitline Technologies and similar organizations.

Skills: Labor Law, Talent Acquisition, Onboarding, Recruitment, processed monthly employee compensation and statutory deductions, HRIS, Performance Management, Employee Relations

Experience:
Orbitline Technologies — Human Resources Role (11 yrs)
Worked extensively with Labor Law on production systems. Worked extensively with Talent Acquisition on production systems. Worked extensively with Onboarding on production systems. Worked extensively with Recruitment on production systems. Processed monthly employee compensation and statutory deductions. Worked extensively with HRIS on production systems. Worked extensively with Performance Management on production systems. Worked extensively with Employee Relations on production systems.

Education: B.A. Psychology"
R0409,Deepa Patel,Data Science,4,"[""Statistics"", ""Python"", ""Pandas"", ""SQL"", ""Natural Language Processing"", ""Machine Learning"", ""PyTorch"", ""Deep Learning"", ""Data Visualization"", ""Scikit-learn""]","{""Statistics"": ""exact"", ""Python"": ""exact"", ""Pandas"": ""exact"", ""SQL"": ""exact"", ""Natural Language Processing"": ""exact"", ""Machine Learning"": ""exact"", ""PyTorch"": ""exact"", ""Deep Learning"": ""exact"", ""Data Visualization"": ""contextual"", ""Scikit-learn"": ""exact""}","Deepa Patel
Professional Summary: Data Science professional with 4 years of experience at Meridian Softworks and similar organizations.

Skills: Statistics, Python, Pandas, SQL, Natural Language Processing, Machine Learning, PyTorch, Deep Learning, created dashboards and charts to communicate insights to stakeholders, Scikit-learn

Experience:
Meridian Softworks — Data Science Role (4 yrs)
Worked extensively with Statistics on production systems. Worked extensively with Python on production systems. Worked extensively with Pandas on production systems. Worked extensively with SQL on production systems. Worked extensively with Natural Language Processing on production systems. Worked extensively with Machine Learning on production systems. Worked extensively with PyTorch on production systems. Worked extensively with Deep Learning on production systems. Created dashboards and charts to communicate insights to stakeholders. Worked extensively with Scikit-learn on production systems.

Education: M.Tech Data Science"
R0410,Siddharth Verma,Human Resources,9,"[""Performance Management"", ""Employee Relations"", ""Recruitment"", ""Labor Law"", ""HRIS"", ""Payroll"", ""Onboarding"", ""Excel"", ""Budgeting""]","{""Performance Management"": ""exact"", ""Employee Relations"": ""exact"", ""Recruitment"": ""contextual"", ""Labor Law"": ""exact"", ""HRIS"": ""fuzzy"", ""Payroll"": ""contextual"", ""Onboarding"": ""exact"", ""Excel"": ""exact"", ""Budgeting"": ""exact""}","Siddharth Verma
Professional Summary: Human Resources professional with 9 years of experience at Orbitline Technologies and similar organizations.

Skills: Performance Management, Employee Relations, managed the full candidate sourcing and hiring lifecycle, Labor Law, HR IS, processed monthly employee compensation and statutory deductions, Onboarding, Excel, Budgeting

Experience:
Orbitline Technologies — Human Resources Role (9 yrs)
Worked extensively with Performance Management on production systems. Worked extensively with Employee Relations on production systems. Managed the full candidate sourcing and hiring lifecycle. Worked extensively with Labor Law on production systems. Worked extensively with HR IS on production systems. Processed monthly employee compensation and statutory deductions. Worked extensively with Onboarding on production systems. Worked extensively with Excel on production systems. Worked extensively with Budgeting on production systems.

Education: B.A. Psychology"
R0411,Rohan Das,Data Science,12,"[""Python"", ""Statistics"", ""TensorFlow"", ""NumPy"", ""SQL"", ""Scikit-learn"", ""Machine Learning"", ""CSS"", ""REST API""]","{""Python"": ""exact"", ""Statistics"": ""exact"", ""TensorFlow"": ""exact"", ""NumPy"": ""exact"", ""SQL"": ""exact"", ""Scikit-learn"": ""exact"", ""Machine Learning"": ""exact"", ""CSS"": ""exact"", ""REST API"": ""exact""}","Rohan Das
Professional Summary: Data Science professional with 12 years of experience at Falconbyte and similar organizations.

Skills: Python, Statistics, TensorFlow, NumPy, SQL, Scikit-learn, Machine Learning, CSS, REST API

Experience:
Falconbyte — Data Science Role (12 yrs)
Worked extensively with Python on production systems. Worked extensively with Statistics on production systems. Worked extensively with TensorFlow on production systems. Worked extensively with NumPy on production systems. Worked extensively with SQL on production systems. Worked extensively with Scikit-learn on production systems. Worked extensively with Machine Learning on production systems. Worked extensively with CSS on production systems. Worked extensively with REST API on production systems.

Education: M.Tech Data Science"
R0412,Aarav Nair,DevOps,8,"[""Ansible"", ""GCP"", ""AWS"", ""Terraform"", ""CI/CD"", ""Azure"", ""Linux"", ""Docker"", ""Jenkins"", ""TypeScript"", ""Next.js""]","{""Ansible"": ""exact"", ""GCP"": ""exact"", ""AWS"": ""contextual"", ""Terraform"": ""exact"", ""CI/CD"": ""exact"", ""Azure"": ""exact"", ""Linux"": ""exact"", ""Docker"": ""contextual"", ""Jenkins"": ""exact"", ""TypeScript"": ""exact"", ""Next.js"": ""exact""}","Aarav Nair
Professional Summary: DevOps professional with 8 years of experience at Orbitline Technologies and similar organizations.

Skills: Ansible, GCP, provisioned and managed cloud infrastructure on a major public cloud platform, Terraform, CI/CD, Azure, Linux, packaged applications into portable, isolated containers for deployment, Jenkins, TypeScript, Next.js

Experience:
Orbitline Technologies — DevOps Role (8 yrs)
Worked extensively with Ansible on production systems. Worked extensively with GCP on production systems. Provisioned and managed cloud infrastructure on a major public cloud platform. Worked extensively with Terraform on production systems. Worked extensively with CI/CD on production systems. Worked extensively with Azure on production systems. Worked extensively with Linux on production systems. Packaged applications into portable, isolated containers for deployment. Worked extensively with Jenkins on production systems. Worked extensively with TypeScript on production systems. Worked extensively with Next.js on production systems.

Education: B.E. Electronics and Communication"
R0413,Neha Gupta,Data Science,4,"[""Pandas"", ""Natural Language Processing"", ""TensorFlow"", ""SQL"", ""Deep Learning"", ""NumPy""]","{""Pandas"": ""exact"", ""Natural Language Processing"": ""exact"", ""TensorFlow"": ""exact"", ""SQL"": ""exact"", ""Deep Learning"": ""exact"", ""NumPy"": ""exact""}","Neha Gupta
Professional Summary: Data Science professional with 4 years of experience at Trailhead Digital and similar organizations.

Skills: Pandas, Natural Language Processing, TensorFlow, SQL, Deep Learning, NumPy

Experience:
Trailhead Digital — Data Science Role (4 yrs)
Worked extensively with Pandas on production systems. Worked extensively with Natural Language Processing on production systems. Worked extensively with TensorFlow on production systems. Worked extensively with SQL on production systems. Worked extensively with Deep Learning on production systems. Worked extensively with NumPy on production systems.

Education: B.Sc Statistics"
R0414,Neha Iyer,Data Science,9,"[""Statistics"", ""PyTorch"", ""TensorFlow"", ""Data Visualization"", ""Scikit-learn"", ""Deep Learning"", ""NumPy"", ""Pandas"", ""SQL"", ""Ansible"", ""Linux""]","{""Statistics"": ""exact"", ""PyTorch"": ""exact"", ""TensorFlow"": ""exact"", ""Data Visualization"": ""contextual"", ""Scikit-learn"": ""exact"", ""Deep Learning"": ""exact"", ""NumPy"": ""exact"", ""Pandas"": ""exact"", ""SQL"": ""contextual"", ""Ansible"": ""exact"", ""Linux"": ""exact""}","Neha Iyer
Professional Summary: Data Science professional with 9 years of experience at Harborline Financial and similar organizations.

Skills: Statistics, PyTorch, TensorFlow, created dashboards and charts to communicate insights to stakeholders, Scikit-learn, Deep Learning, NumPy, Pandas, wrote complex queries to extract and join data from relational databases, Ansible, Linux

Experience:
Harborline Financial — Data Science Role (9 yrs)
Worked extensively with Statistics on production systems. Worked extensively with PyTorch on production systems. Worked extensively with TensorFlow on production systems. Created dashboards and charts to communicate insights to stakeholders. Worked extensively with Scikit-learn on production systems. Worked extensively with Deep Learning on production systems. Worked extensively with NumPy on production systems. Worked extensively with Pandas on production systems. Wrote complex queries to extract and join data from relational databases. Worked extensively with Ansible on production systems. Worked extensively with Linux on production systems.

Education: B.Tech Computer Science"
R0415,Meera Pillai,Data Science,2,"[""Statistics"", ""Python"", ""Data Visualization"", ""TensorFlow"", ""Machine Learning"", ""Pandas""]","{""Statistics"": ""exact"", ""Python"": ""contextual"", ""Data Visualization"": ""contextual"", ""TensorFlow"": ""exact"", ""Machine Learning"": ""exact"", ""Pandas"": ""exact""}","Meera Pillai
Professional Summary: Data Science professional with 2 years of experience at Trailhead Digital and similar organizations.

Skills: Statistics, wrote automation scripts and backend services in a high-level scripting language, created dashboards and charts to communicate insights to stakeholders, TensorFlow, Machine Learning, Pandas

Experience:
Trailhead Digital — Data Science Role (2 yrs)
Worked extensively with Statistics on production systems. Wrote automation scripts and backend services in a high-level scripting language. Created dashboards and charts to communicate insights to stakeholders. Worked extensively with TensorFlow on production systems. Worked extensively with Machine Learning on production systems. Worked extensively with Pandas on production systems.

Education: M.Tech Data Science"
R0416,Divya Joshi,Finance,11,"[""Excel"", ""SAP"", ""Auditing"", ""Financial Modeling"", ""Accounting"", ""QuickBooks"", ""Budgeting"", ""Forecasting"", ""Financial Analysis"", ""CI/CD"", ""Azure""]","{""Excel"": ""exact"", ""SAP"": ""fuzzy"", ""Auditing"": ""exact"", ""Financial Modeling"": ""exact"", ""Accounting"": ""exact"", ""QuickBooks"": ""exact"", ""Budgeting"": ""exact"", ""Forecasting"": ""exact"", ""Financial Analysis"": ""exact"", ""CI/CD"": ""exact"", ""Azure"": ""exact""}","Divya Joshi
Professional Summary: Finance professional with 11 years of experience at Corestack Labs and similar organizations.

Skills: Excel, SAP , Auditing, Financial Modeling, Accounting, QuickBooks, Budgeting, Forecasting, Financial Analysis, CI/CD, Azure

Experience:
Corestack Labs — Finance Role (11 yrs)
Worked extensively with Excel on production systems. Worked extensively with SAP  on production systems. Worked extensively with Auditing on production systems. Worked extensively with Financial Modeling on production systems. Worked extensively with Accounting on production systems. Worked extensively with QuickBooks on production systems. Worked extensively with Budgeting on production systems. Worked extensively with Forecasting on production systems. Worked extensively with Financial Analysis on production systems. Worked extensively with CI/CD on production systems. Worked extensively with Azure on production systems.

Education: B.Com"
R0417,Sanjay Chatterjee,DevOps,3,"[""AWS"", ""Linux"", ""CI/CD"", ""Jenkins"", ""Ansible"", ""Kubernetes"", ""Terraform"", ""Docker""]","{""AWS"": ""contextual"", ""Linux"": ""exact"", ""CI/CD"": ""contextual"", ""Jenkins"": ""exact"", ""Ansible"": ""exact"", ""Kubernetes"": ""exact"", ""Terraform"": ""exact"", ""Docker"": ""exact""}","Sanjay Chatterjee
Professional Summary: DevOps professional with 3 years of experience at Trailhead Digital and similar organizations.

Skills: provisioned and managed cloud infrastructure on a major public cloud platform, Linux, set up automated build and deployment pipelines triggered on every commit, Jenkins, Ansible, Kubernetes, Terraform, Docker

Experience:
Trailhead Digital — DevOps Role (3 yrs)
Provisioned and managed cloud infrastructure on a major public cloud platform. Worked extensively with Linux on production systems. Set up automated build and deployment pipelines triggered on every commit. Worked extensively with Jenkins on production systems. Worked extensively with Ansible on production systems. Worked extensively with Kubernetes on production systems. Worked extensively with Terraform on production systems. Worked extensively with Docker on production systems.

Education: B.E. Electronics and Communication"
R0418,Swati Patel,Finance,10,"[""Budgeting"", ""QuickBooks"", ""Accounting"", ""Auditing"", ""Excel"", ""Financial Modeling"", ""Financial Analysis"", ""SAP"", ""Forecasting"", ""JavaScript"", ""Express.js""]","{""Budgeting"": ""exact"", ""QuickBooks"": ""exact"", ""Accounting"": ""exact"", ""Auditing"": ""exact"", ""Excel"": ""exact"", ""Financial Modeling"": ""exact"", ""Financial Analysis"": ""exact"", ""SAP"": ""exact"", ""Forecasting"": ""exact"", ""JavaScript"": ""exact"", ""Express.js"": ""exact""}","Swati Patel
Professional Summary: Finance professional with 10 years of experience at Meridian Softworks and similar organizations.

Skills: Budgeting, QuickBooks, Accounting, Auditing, Excel, Financial Modeling, Financial Analysis, SAP, Forecasting, JavaScript, Express.js

Experience:
Meridian Softworks — Finance Role (10 yrs)
Worked extensively with Budgeting on production systems. Worked extensively with QuickBooks on production systems. Worked extensively with Accounting on production systems. Worked extensively with Auditing on production systems. Worked extensively with Excel on production systems. Worked extensively with Financial Modeling on production systems. Worked extensively with Financial Analysis on production systems. Worked extensively with SAP on production systems. Worked extensively with Forecasting on production systems. Worked extensively with JavaScript on production systems. Worked extensively with Express.js on production systems.

Education: MBA Finance"
R0419,Meera Reddy,Human Resources,2,"[""Recruitment"", ""Employee Relations"", ""Labor Law"", ""Onboarding"", ""Talent Acquisition"", ""Performance Management"", ""Payroll"", ""HRIS""]","{""Recruitment"": ""exact"", ""Employee Relations"": ""exact"", ""Labor Law"": ""exact"", ""Onboarding"": ""exact"", ""Talent Acquisition"": ""exact"", ""Performance Management"": ""exact"", ""Payroll"": ""exact"", ""HRIS"": ""fuzzy""}","Meera Reddy
Professional Summary: Human Resources professional with 2 years of experience at Orbitline Technologies and similar organizations.

Skills: Recruitment, Employee Relations, Labor Law, Onboarding, Talent Acquisition, Performance Management, Payroll, H.R.I.S.

Experience:
Orbitline Technologies — Human Resources Role (2 yrs)
Worked extensively with Recruitment on production systems. Worked extensively with Employee Relations on production systems. Worked extensively with Labor Law on production systems. Worked extensively with Onboarding on production systems. Worked extensively with Talent Acquisition on production systems. Worked extensively with Performance Management on production systems. Worked extensively with Payroll on production systems. Worked extensively with H.R.I.S. on production systems.

Education: B.A. Psychology"
R0420,Ananya Rao,Data Science,6,"[""Statistics"", ""Machine Learning"", ""Pandas"", ""TensorFlow"", ""SQL"", ""Deep Learning"", ""Scikit-learn"", ""Data Visualization"", ""Natural Language Processing"", ""Node.js"", ""JavaScript""]","{""Statistics"": ""exact"", ""Machine Learning"": ""exact"", ""Pandas"": ""exact"", ""TensorFlow"": ""exact"", ""SQL"": ""exact"", ""Deep Learning"": ""contextual"", ""Scikit-learn"": ""exact"", ""Data Visualization"": ""exact"", ""Natural Language Processing"": ""exact"", ""Node.js"": ""exact"", ""JavaScript"": ""exact""}","Ananya Rao
Professional Summary: Data Science professional with 6 years of experience at Falconbyte and similar organizations.

Skills: Statistics, Machine Learning, Pandas, TensorFlow, SQL, trained multi-layer neural networks for pattern recognition tasks, Scikit-learn, Data Visualization, Natural Language Processing, Node.js, JavaScript

Experience:
Falconbyte — Data Science Role (6 yrs)
Worked extensively with Statistics on production systems. Worked extensively with Machine Learning on production systems. Worked extensively with Pandas on production systems. Worked extensively with TensorFlow on production systems. Worked extensively with SQL on production systems. Trained multi-layer neural networks for pattern recognition tasks. Worked extensively with Scikit-learn on production systems. Worked extensively with Data Visualization on production systems. Worked extensively with Natural Language Processing on production systems. Worked extensively with Node.js on production systems. Worked extensively with JavaScript on production systems.

Education: B.Sc Statistics"
R0421,Neha Pillai,Web Development,11,"[""TypeScript"", ""Node.js"", ""HTML"", ""JavaScript"", ""Next.js"", ""React"", ""SAP"", ""Excel""]","{""TypeScript"": ""fuzzy"", ""Node.js"": ""exact"", ""HTML"": ""exact"", ""JavaScript"": ""exact"", ""Next.js"": ""exact"", ""React"": ""exact"", ""SAP"": ""exact"", ""Excel"": ""fuzzy""}","Neha Pillai
Professional Summary: Web Development professional with 11 years of experience at Corestack Labs and similar organizations.

Skills: TS, Node.js, HTML, JavaScript, Next.js, React, SAP, Micosoft Excel

Experience:
Corestack Labs — Web Development Role (11 yrs)
Worked extensively with TS on production systems. Worked extensively with Node.js on production systems. Worked extensively with HTML on production systems. Worked extensively with JavaScript on production systems. Worked extensively with Next.js on production systems. Worked extensively with React on production systems. Worked extensively with SAP on production systems. Worked extensively with Micosoft Excel on production systems.

Education: B.Sc Computer Science"
R0422,Meera Singh,Data Science,7,"[""Data Visualization"", ""NumPy"", ""Deep Learning"", ""Pandas"", ""PyTorch"", ""SQL"", ""TensorFlow"", ""Scikit-learn"", ""Natural Language Processing"", ""Machine Learning""]","{""Data Visualization"": ""exact"", ""NumPy"": ""exact"", ""Deep Learning"": ""contextual"", ""Pandas"": ""exact"", ""PyTorch"": ""exact"", ""SQL"": ""contextual"", ""TensorFlow"": ""exact"", ""Scikit-learn"": ""exact"", ""Natural Language Processing"": ""exact"", ""Machine Learning"": ""contextual""}","Meera Singh
Professional Summary: Data Science professional with 7 years of experience at BluePeak Solutions and similar organizations.

Skills: Data Visualization, NumPy, trained multi-layer neural networks for pattern recognition tasks, Pandas, PyTorch, wrote complex queries to extract and join data from relational databases, TensorFlow, Scikit-learn, Natural Language Processing, built predictive models that learn patterns from historical data

Experience:
BluePeak Solutions — Data Science Role (7 yrs)
Worked extensively with Data Visualization on production systems. Worked extensively with NumPy on production systems. Trained multi-layer neural networks for pattern recognition tasks. Worked extensively with Pandas on production systems. Worked extensively with PyTorch on production systems. Wrote complex queries to extract and join data from relational databases. Worked extensively with TensorFlow on production systems. Worked extensively with Scikit-learn on production systems. Worked extensively with Natural Language Processing on production systems. Built predictive models that learn patterns from historical data.

Education: B.Sc Statistics"
R0423,Vikram Rao,Finance,2,"[""Risk Management"", ""Financial Modeling"", ""Excel"", ""Auditing"", ""Accounting"", ""SAP"", ""Financial Analysis"", ""Budgeting"", ""TypeScript"", ""Next.js""]","{""Risk Management"": ""contextual"", ""Financial Modeling"": ""contextual"", ""Excel"": ""exact"", ""Auditing"": ""exact"", ""Accounting"": ""exact"", ""SAP"": ""exact"", ""Financial Analysis"": ""exact"", ""Budgeting"": ""exact"", ""TypeScript"": ""exact"", ""Next.js"": ""exact""}","Vikram Rao
Professional Summary: Finance professional with 2 years of experience at Nimbus Systems and similar organizations.

Skills: identified and mitigated operational and financial exposure for the business, built spreadsheet models to forecast company revenue and cash flow, Excel, Auditing, Accounting, SAP, Financial Analysis, Budgeting, TypeScript, Next.js

Experience:
Nimbus Systems — Finance Role (2 yrs)
Identified and mitigated operational and financial exposure for the business. Built spreadsheet models to forecast company revenue and cash flow. Worked extensively with Excel on production systems. Worked extensively with Auditing on production systems. Worked extensively with Accounting on production systems. Worked extensively with SAP on production systems. Worked extensively with Financial Analysis on production systems. Worked extensively with Budgeting on production systems. Worked extensively with TypeScript on production systems. Worked extensively with Next.js on production systems.

Education: B.Com"
R0424,Arjun Chatterjee,Finance,2,"[""Financial Analysis"", ""Excel"", ""Risk Management"", ""Forecasting"", ""SAP"", ""Accounting"", ""Budgeting"", ""Financial Modeling"", ""Labor Law"", ""Recruitment""]","{""Financial Analysis"": ""exact"", ""Excel"": ""exact"", ""Risk Management"": ""exact"", ""Forecasting"": ""exact"", ""SAP"": ""exact"", ""Accounting"": ""exact"", ""Budgeting"": ""exact"", ""Financial Modeling"": ""contextual"", ""Labor Law"": ""exact"", ""Recruitment"": ""exact""}","Arjun Chatterjee
Professional Summary: Finance professional with 2 years of experience at Verdant Analytics and similar organizations.

Skills: Financial Analysis, Excel, Risk Management, Forecasting, SAP, Accounting, Budgeting, built spreadsheet models to forecast company revenue and cash flow, Labor Law, Recruitment

Experience:
Verdant Analytics — Finance Role (2 yrs)
Worked extensively with Financial Analysis on production systems. Worked extensively with Excel on production systems. Worked extensively with Risk Management on production systems. Worked extensively with Forecasting on production systems. Worked extensively with SAP on production systems. Worked extensively with Accounting on production systems. Worked extensively with Budgeting on production systems. Built spreadsheet models to forecast company revenue and cash flow. Worked extensively with Labor Law on production systems. Worked extensively with Recruitment on production systems.

Education: B.Com"
R0425,Rahul Kumar,Human Resources,7,"[""Recruitment"", ""Employee Relations"", ""Talent Acquisition"", ""Labor Law"", ""HRIS"", ""Onboarding"", ""Budgeting"", ""Financial Analysis""]","{""Recruitment"": ""contextual"", ""Employee Relations"": ""exact"", ""Talent Acquisition"": ""exact"", ""Labor Law"": ""exact"", ""HRIS"": ""exact"", ""Onboarding"": ""exact"", ""Budgeting"": ""exact"", ""Financial Analysis"": ""exact""}","Rahul Kumar
Professional Summary: Human Resources professional with 7 years of experience at Verdant Analytics and similar organizations.

Skills: managed the full candidate sourcing and hiring lifecycle, Employee Relations, Talent Acquisition, Labor Law, HRIS, Onboarding, Budgeting, Financial Analysis

Experience:
Verdant Analytics — Human Resources Role (7 yrs)
Managed the full candidate sourcing and hiring lifecycle. Worked extensively with Employee Relations on production systems. Worked extensively with Talent Acquisition on production systems. Worked extensively with Labor Law on production systems. Worked extensively with HRIS on production systems. Worked extensively with Onboarding on production systems. Worked extensively with Budgeting on production systems. Worked extensively with Financial Analysis on production systems.

Education: PGDM HR"
R0426,Aarav Verma,DevOps,5,"[""Kubernetes"", ""Docker"", ""CI/CD"", ""Azure"", ""Linux"", ""GCP"", ""Terraform"", ""Jenkins"", ""AWS"", ""Ansible"", ""TypeScript"", ""Express.js""]","{""Kubernetes"": ""exact"", ""Docker"": ""exact"", ""CI/CD"": ""exact"", ""Azure"": ""exact"", ""Linux"": ""exact"", ""GCP"": ""exact"", ""Terraform"": ""exact"", ""Jenkins"": ""exact"", ""AWS"": ""fuzzy"", ""Ansible"": ""exact"", ""TypeScript"": ""exact"", ""Express.js"": ""exact""}","Aarav Verma
Professional Summary: DevOps professional with 5 years of experience at Nimbus Systems and similar organizations.

Skills: Kubernetes, Docker, CI/CD, Azure, Linux, GCP, Terraform, Jenkins, Amazon Web Services, Ansible, TypeScript, Express.js

Experience:
Nimbus Systems — DevOps Role (5 yrs)
Worked extensively with Kubernetes on production systems. Worked extensively with Docker on production systems. Worked extensively with CI/CD on production systems. Worked extensively with Azure on production systems. Worked extensively with Linux on production systems. Worked extensively with GCP on production systems. Worked extensively with Terraform on production systems. Worked extensively with Jenkins on production systems. Worked extensively with Amazon Web Services on production systems. Worked extensively with Ansible on production systems. Worked extensively with TypeScript on production systems. Worked extensively with Express.js on production systems.

Education: B.Tech Computer Science"
R0427,Shreya Kapoor,Human Resources,4,"[""Onboarding"", ""HRIS"", ""Performance Management"", ""Labor Law"", ""Payroll"", ""Employee Relations"", ""Talent Acquisition"", ""Recruitment""]","{""Onboarding"": ""exact"", ""HRIS"": ""fuzzy"", ""Performance Management"": ""exact"", ""Labor Law"": ""exact"", ""Payroll"": ""contextual"", ""Employee Relations"": ""exact"", ""Talent Acquisition"": ""exact"", ""Recruitment"": ""exact""}","Shreya Kapoor
Professional Summary: Human Resources professional with 4 years of experience at Verdant Analytics and similar organizations.

Skills: Onboarding, H.R.I.S., Performance Management, Labor Law, processed monthly employee compensation and statutory deductions, Employee Relations, Talent Acquisition, Recruitment

Experience:
Verdant Analytics — Human Resources Role (4 yrs)
Worked extensively with Onboarding on production systems. Worked extensively with H.R.I.S. on production systems. Worked extensively with Performance Management on production systems. Worked extensively with Labor Law on production systems. Processed monthly employee compensation and statutory deductions. Worked extensively with Employee Relations on production systems. Worked extensively with Talent Acquisition on production systems. Worked extensively with Recruitment on production systems.

Education: B.A. Psychology"
R0428,Suresh Agarwal,Human Resources,9,"[""Payroll"", ""Recruitment"", ""Talent Acquisition"", ""Onboarding"", ""Labor Law"", ""HRIS"", ""Scikit-learn"", ""Pandas""]","{""Payroll"": ""contextual"", ""Recruitment"": ""exact"", ""Talent Acquisition"": ""exact"", ""Onboarding"": ""exact"", ""Labor Law"": ""exact"", ""HRIS"": ""exact"", ""Scikit-learn"": ""exact"", ""Pandas"": ""exact""}","Suresh Agarwal
Professional Summary: Human Resources professional with 9 years of experience at Novatrail Consulting and similar organizations.

Skills: processed monthly employee compensation and statutory deductions, Recruitment, Talent Acquisition, Onboarding, Labor Law, HRIS, Scikit-learn, Pandas

Experience:
Novatrail Consulting — Human Resources Role (9 yrs)
Processed monthly employee compensation and statutory deductions. Worked extensively with Recruitment on production systems. Worked extensively with Talent Acquisition on production systems. Worked extensively with Onboarding on production systems. Worked extensively with Labor Law on production systems. Worked extensively with HRIS on production systems. Worked extensively with Scikit-learn on production systems. Worked extensively with Pandas on production systems.

Education: B.A. Psychology"
R0429,Deepa Agarwal,Human Resources,11,"[""Payroll"", ""Performance Management"", ""Labor Law"", ""Onboarding"", ""Recruitment"", ""HRIS"", ""Employee Relations"", ""Talent Acquisition""]","{""Payroll"": ""exact"", ""Performance Management"": ""exact"", ""Labor Law"": ""exact"", ""Onboarding"": ""exact"", ""Recruitment"": ""exact"", ""HRIS"": ""exact"", ""Employee Relations"": ""exact"", ""Talent Acquisition"": ""exact""}","Deepa Agarwal
Professional Summary: Human Resources professional with 11 years of experience at Verdant Analytics and similar organizations.

Skills: Payroll, Performance Management, Labor Law, Onboarding, Recruitment, HRIS, Employee Relations, Talent Acquisition

Experience:
Verdant Analytics — Human Resources Role (11 yrs)
Worked extensively with Payroll on production systems. Worked extensively with Performance Management on production systems. Worked extensively with Labor Law on production systems. Worked extensively with Onboarding on production systems. Worked extensively with Recruitment on production systems. Worked extensively with HRIS on production systems. Worked extensively with Employee Relations on production systems. Worked extensively with Talent Acquisition on production systems.

Education: MBA Human Resources"
R0430,Manish Rao,DevOps,1,"[""Kubernetes"", ""Azure"", ""GCP"", ""AWS"", ""CI/CD"", ""Ansible"", ""Jenkins"", ""Terraform""]","{""Kubernetes"": ""exact"", ""Azure"": ""exact"", ""GCP"": ""exact"", ""AWS"": ""contextual"", ""CI/CD"": ""exact"", ""Ansible"": ""exact"", ""Jenkins"": ""exact"", ""Terraform"": ""exact""}","Manish Rao
Professional Summary: DevOps professional with 1 years of experience at Falconbyte and similar organizations.

Skills: Kubernetes, Azure, GCP, provisioned and managed cloud infrastructure on a major public cloud platform, CI/CD, Ansible, Jenkins, Terraform

Experience:
Falconbyte — DevOps Role (1 yrs)
Worked extensively with Kubernetes on production systems. Worked extensively with Azure on production systems. Worked extensively with GCP on production systems. Provisioned and managed cloud infrastructure on a major public cloud platform. Worked extensively with CI/CD on production systems. Worked extensively with Ansible on production systems. Worked extensively with Jenkins on production systems. Worked extensively with Terraform on production systems.

Education: B.E. Electronics and Communication"
R0431,Isha Patel,Finance,9,"[""QuickBooks"", ""Risk Management"", ""Excel"", ""Forecasting"", ""Financial Modeling"", ""Auditing"", ""Financial Analysis"", ""SAP"", ""Accounting"", ""Data Visualization"", ""NumPy""]","{""QuickBooks"": ""exact"", ""Risk Management"": ""contextual"", ""Excel"": ""fuzzy"", ""Forecasting"": ""exact"", ""Financial Modeling"": ""exact"", ""Auditing"": ""exact"", ""Financial Analysis"": ""exact"", ""SAP"": ""exact"", ""Accounting"": ""exact"", ""Data Visualization"": ""exact"", ""NumPy"": ""exact""}","Isha Patel
Professional Summary: Finance professional with 9 years of experience at Verdant Analytics and similar organizations.

Skills: QuickBooks, identified and mitigated operational and financial exposure for the business, Micosoft Excel, Forecasting, Financial Modeling, Auditing, Financial Analysis, SAP, Accounting, Data Visualization, NumPy

Experience:
Verdant Analytics — Finance Role (9 yrs)
Worked extensively with QuickBooks on production systems. Identified and mitigated operational and financial exposure for the business. Worked extensively with Micosoft Excel on production systems. Worked extensively with Forecasting on production systems. Worked extensively with Financial Modeling on production systems. Worked extensively with Auditing on production systems. Worked extensively with Financial Analysis on production systems. Worked extensively with SAP on production systems. Worked extensively with Accounting on production systems. Worked extensively with Data Visualization on production systems. Worked extensively with NumPy on production systems.

Education: B.Com"
R0432,Swati Mehta,Finance,3,"[""Financial Modeling"", ""Excel"", ""Accounting"", ""Budgeting"", ""Forecasting"", ""Risk Management"", ""SAP"", ""Auditing""]","{""Financial Modeling"": ""exact"", ""Excel"": ""exact"", ""Accounting"": ""exact"", ""Budgeting"": ""exact"", ""Forecasting"": ""exact"", ""Risk Management"": ""exact"", ""SAP"": ""exact"", ""Auditing"": ""exact""}","Swati Mehta
Professional Summary: Finance professional with 3 years of experience at Quantwave Inc and similar organizations.

Skills: Financial Modeling, Excel, Accounting, Budgeting, Forecasting, Risk Management, SAP, Auditing

Experience:
Quantwave Inc — Finance Role (3 yrs)
Worked extensively with Financial Modeling on production systems. Worked extensively with Excel on production systems. Worked extensively with Accounting on production systems. Worked extensively with Budgeting on production systems. Worked extensively with Forecasting on production systems. Worked extensively with Risk Management on production systems. Worked extensively with SAP on production systems. Worked extensively with Auditing on production systems.

Education: M.Com"
R0433,Isha Kapoor,DevOps,2,"[""AWS"", ""Docker"", ""Terraform"", ""CI/CD"", ""Jenkins"", ""Azure""]","{""AWS"": ""fuzzy"", ""Docker"": ""contextual"", ""Terraform"": ""exact"", ""CI/CD"": ""exact"", ""Jenkins"": ""exact"", ""Azure"": ""exact""}","Isha Kapoor
Professional Summary: DevOps professional with 2 years of experience at Nimbus Systems and similar organizations.

Skills: A.W.S., packaged applications into portable, isolated containers for deployment, Terraform, CI/CD, Jenkins, Azure

Experience:
Nimbus Systems — DevOps Role (2 yrs)
Worked extensively with A.W.S. on production systems. Packaged applications into portable, isolated containers for deployment. Worked extensively with Terraform on production systems. Worked extensively with CI/CD on production systems. Worked extensively with Jenkins on production systems. Worked extensively with Azure on production systems.

Education: B.Tech Computer Science"
R0434,Suresh Kumar,DevOps,5,"[""Ansible"", ""GCP"", ""Terraform"", ""Jenkins"", ""AWS"", ""CI/CD"", ""Azure"", ""Kubernetes""]","{""Ansible"": ""exact"", ""GCP"": ""exact"", ""Terraform"": ""exact"", ""Jenkins"": ""exact"", ""AWS"": ""fuzzy"", ""CI/CD"": ""exact"", ""Azure"": ""exact"", ""Kubernetes"": ""fuzzy""}","Suresh Kumar
Professional Summary: DevOps professional with 5 years of experience at Sundial HR Group and similar organizations.

Skills: Ansible, GCP, Terraform, Jenkins, Amazon Web Services, CI/CD, Azure, K8s

Experience:
Sundial HR Group — DevOps Role (5 yrs)
Worked extensively with Ansible on production systems. Worked extensively with GCP on production systems. Worked extensively with Terraform on production systems. Worked extensively with Jenkins on production systems. Worked extensively with Amazon Web Services on production systems. Worked extensively with CI/CD on production systems. Worked extensively with Azure on production systems. Worked extensively with K8s on production systems.

Education: B.E. Electronics and Communication"
R0435,Shreya Patel,Human Resources,4,"[""Employee Relations"", ""Labor Law"", ""Payroll"", ""Recruitment"", ""Onboarding"", ""Performance Management"", ""Talent Acquisition""]","{""Employee Relations"": ""exact"", ""Labor Law"": ""exact"", ""Payroll"": ""contextual"", ""Recruitment"": ""exact"", ""Onboarding"": ""exact"", ""Performance Management"": ""exact"", ""Talent Acquisition"": ""exact""}","Shreya Patel
Professional Summary: Human Resources professional with 4 years of experience at Meridian Softworks and similar organizations.

Skills: Employee Relations, Labor Law, processed monthly employee compensation and statutory deductions, Recruitment, Onboarding, Performance Management, Talent Acquisition

Experience:
Meridian Softworks — Human Resources Role (4 yrs)
Worked extensively with Employee Relations on production systems. Worked extensively with Labor Law on production systems. Processed monthly employee compensation and statutory deductions. Worked extensively with Recruitment on production systems. Worked extensively with Onboarding on production systems. Worked extensively with Performance Management on production systems. Worked extensively with Talent Acquisition on production systems.

Education: PGDM HR"
R0436,Anjali Menon,Web Development,10,"[""TypeScript"", ""Next.js"", ""REST API"", ""CSS"", ""HTML"", ""Node.js"", ""MongoDB"", ""JavaScript"", ""Onboarding"", ""Payroll""]","{""TypeScript"": ""exact"", ""Next.js"": ""exact"", ""REST API"": ""contextual"", ""CSS"": ""exact"", ""HTML"": ""exact"", ""Node.js"": ""exact"", ""MongoDB"": ""exact"", ""JavaScript"": ""fuzzy"", ""Onboarding"": ""exact"", ""Payroll"": ""exact""}","Anjali Menon
Professional Summary: Web Development professional with 10 years of experience at Quantwave Inc and similar organizations.

Skills: TypeScript, Next.js, designed and exposed HTTP endpoints for internal service communication, CSS, HTML, Node.js, MongoDB, Javascript, Onboarding, Payroll

Experience:
Quantwave Inc — Web Development Role (10 yrs)
Worked extensively with TypeScript on production systems. Worked extensively with Next.js on production systems. Designed and exposed http endpoints for internal service communication. Worked extensively with CSS on production systems. Worked extensively with HTML on production systems. Worked extensively with Node.js on production systems. Worked extensively with MongoDB on production systems. Worked extensively with Javascript on production systems. Worked extensively with Onboarding on production systems. Worked extensively with Payroll on production systems.

Education: B.Sc Computer Science"
R0437,Neha Sharma,DevOps,1,"[""Ansible"", ""Docker"", ""CI/CD"", ""AWS"", ""Jenkins"", ""Azure"", ""Recruitment"", ""Payroll""]","{""Ansible"": ""exact"", ""Docker"": ""exact"", ""CI/CD"": ""contextual"", ""AWS"": ""fuzzy"", ""Jenkins"": ""exact"", ""Azure"": ""exact"", ""Recruitment"": ""exact"", ""Payroll"": ""contextual""}","Neha Sharma
Professional Summary: DevOps professional with 1 years of experience at Corestack Labs and similar organizations.

Skills: Ansible, Docker, set up automated build and deployment pipelines triggered on every commit, Amazon Web Services, Jenkins, Azure, Recruitment, processed monthly employee compensation and statutory deductions

Experience:
Corestack Labs — DevOps Role (1 yrs)
Worked extensively with Ansible on production systems. Worked extensively with Docker on production systems. Set up automated build and deployment pipelines triggered on every commit. Worked extensively with Amazon Web Services on production systems. Worked extensively with Jenkins on production systems. Worked extensively with Azure on production systems. Worked extensively with Recruitment on production systems. Processed monthly employee compensation and statutory deductions.

Education: B.Tech Computer Science"
R0438,Rajesh Reddy,Human Resources,5,"[""Onboarding"", ""Employee Relations"", ""Labor Law"", ""Recruitment"", ""Payroll"", ""Talent Acquisition"", ""HRIS"", ""Performance Management""]","{""Onboarding"": ""exact"", ""Employee Relations"": ""exact"", ""Labor Law"": ""exact"", ""Recruitment"": ""exact"", ""Payroll"": ""contextual"", ""Talent Acquisition"": ""exact"", ""HRIS"": ""exact"", ""Performance Management"": ""exact""}","Rajesh Reddy
Professional Summary: Human Resources professional with 5 years of experience at Corestack Labs and similar organizations.

Skills: Onboarding, Employee Relations, Labor Law, Recruitment, processed monthly employee compensation and statutory deductions, Talent Acquisition, HRIS, Performance Management

Experience:
Corestack Labs — Human Resources Role (5 yrs)
Worked extensively with Onboarding on production systems. Worked extensively with Employee Relations on production systems. Worked extensively with Labor Law on production systems. Worked extensively with Recruitment on production systems. Processed monthly employee compensation and statutory deductions. Worked extensively with Talent Acquisition on production systems. Worked extensively with HRIS on production systems. Worked extensively with Performance Management on production systems.

Education: PGDM HR"
R0439,Rajesh Chatterjee,Finance,2,"[""Budgeting"", ""Financial Analysis"", ""Excel"", ""Accounting"", ""QuickBooks"", ""SAP"", ""Auditing""]","{""Budgeting"": ""exact"", ""Financial Analysis"": ""exact"", ""Excel"": ""exact"", ""Accounting"": ""exact"", ""QuickBooks"": ""exact"", ""SAP"": ""exact"", ""Auditing"": ""exact""}","Rajesh Chatterjee
Professional Summary: Finance professional with 2 years of experience at Orbitline Technologies and similar organizations.

Skills: Budgeting, Financial Analysis, Excel, Accounting, QuickBooks, SAP, Auditing

Experience:
Orbitline Technologies — Finance Role (2 yrs)
Worked extensively with Budgeting on production systems. Worked extensively with Financial Analysis on production systems. Worked extensively with Excel on production systems. Worked extensively with Accounting on production systems. Worked extensively with QuickBooks on production systems. Worked extensively with SAP on production systems. Worked extensively with Auditing on production systems.

Education: M.Com"
R0440,Neha Nair,Human Resources,10,"[""Recruitment"", ""HRIS"", ""Labor Law"", ""Payroll"", ""Talent Acquisition"", ""Performance Management"", ""Onboarding"", ""Employee Relations""]","{""Recruitment"": ""contextual"", ""HRIS"": ""exact"", ""Labor Law"": ""exact"", ""Payroll"": ""exact"", ""Talent Acquisition"": ""exact"", ""Performance Management"": ""exact"", ""Onboarding"": ""exact"", ""Employee Relations"": ""exact""}","Neha Nair
Professional Summary: Human Resources professional with 10 years of experience at Novatrail Consulting and similar organizations.

Skills: managed the full candidate sourcing and hiring lifecycle, HRIS, Labor Law, Payroll, Talent Acquisition, Performance Management, Onboarding, Employee Relations

Experience:
Novatrail Consulting — Human Resources Role (10 yrs)
Managed the full candidate sourcing and hiring lifecycle. Worked extensively with HRIS on production systems. Worked extensively with Labor Law on production systems. Worked extensively with Payroll on production systems. Worked extensively with Talent Acquisition on production systems. Worked extensively with Performance Management on production systems. Worked extensively with Onboarding on production systems. Worked extensively with Employee Relations on production systems.

Education: PGDM HR"
R0441,Ananya Agarwal,Data Science,11,"[""Python"", ""NumPy"", ""Machine Learning"", ""Scikit-learn"", ""Data Visualization"", ""TensorFlow"", ""Forecasting"", ""Financial Modeling""]","{""Python"": ""fuzzy"", ""NumPy"": ""exact"", ""Machine Learning"": ""exact"", ""Scikit-learn"": ""fuzzy"", ""Data Visualization"": ""exact"", ""TensorFlow"": ""exact"", ""Forecasting"": ""exact"", ""Financial Modeling"": ""exact""}","Ananya Agarwal
Professional Summary: Data Science professional with 11 years of experience at Novatrail Consulting and similar organizations.

Skills: Python , NumPy, Machine Learning, Scikit Learn, Data Visualization, TensorFlow, Forecasting, Financial Modeling

Experience:
Novatrail Consulting — Data Science Role (11 yrs)
Worked extensively with Python  on production systems. Worked extensively with NumPy on production systems. Worked extensively with Machine Learning on production systems. Worked extensively with Scikit Learn on production systems. Worked extensively with Data Visualization on production systems. Worked extensively with TensorFlow on production systems. Worked extensively with Forecasting on production systems. Worked extensively with Financial Modeling on production systems.

Education: B.Sc Statistics"
R0442,Ananya Bhat,DevOps,2,"[""Ansible"", ""CI/CD"", ""Kubernetes"", ""Docker"", ""Linux"", ""GCP""]","{""Ansible"": ""exact"", ""CI/CD"": ""exact"", ""Kubernetes"": ""exact"", ""Docker"": ""exact"", ""Linux"": ""exact"", ""GCP"": ""exact""}","Ananya Bhat
Professional Summary: DevOps professional with 2 years of experience at BluePeak Solutions and similar organizations.

Skills: Ansible, CI/CD, Kubernetes, Docker, Linux, GCP

Experience:
BluePeak Solutions — DevOps Role (2 yrs)
Worked extensively with Ansible on production systems. Worked extensively with CI/CD on production systems. Worked extensively with Kubernetes on production systems. Worked extensively with Docker on production systems. Worked extensively with Linux on production systems. Worked extensively with GCP on production systems.

Education: B.Tech Computer Science"
R0443,Vivek Sharma,Human Resources,3,"[""Payroll"", ""Performance Management"", ""HRIS"", ""Employee Relations"", ""Labor Law"", ""Talent Acquisition"", ""Recruitment""]","{""Payroll"": ""contextual"", ""Performance Management"": ""exact"", ""HRIS"": ""fuzzy"", ""Employee Relations"": ""exact"", ""Labor Law"": ""exact"", ""Talent Acquisition"": ""exact"", ""Recruitment"": ""contextual""}","Vivek Sharma
Professional Summary: Human Resources professional with 3 years of experience at Orbitline Technologies and similar organizations.

Skills: processed monthly employee compensation and statutory deductions, Performance Management, HR IS, Employee Relations, Labor Law, Talent Acquisition, managed the full candidate sourcing and hiring lifecycle

Experience:
Orbitline Technologies — Human Resources Role (3 yrs)
Processed monthly employee compensation and statutory deductions. Worked extensively with Performance Management on production systems. Worked extensively with HR IS on production systems. Worked extensively with Employee Relations on production systems. Worked extensively with Labor Law on production systems. Worked extensively with Talent Acquisition on production systems. Managed the full candidate sourcing and hiring lifecycle.

Education: PGDM HR"
R0444,Aarav Agarwal,Human Resources,5,"[""HRIS"", ""Payroll"", ""Performance Management"", ""Recruitment"", ""Talent Acquisition"", ""Onboarding"", ""Employee Relations"", ""Labor Law"", ""Excel"", ""Risk Management""]","{""HRIS"": ""fuzzy"", ""Payroll"": ""exact"", ""Performance Management"": ""exact"", ""Recruitment"": ""contextual"", ""Talent Acquisition"": ""exact"", ""Onboarding"": ""exact"", ""Employee Relations"": ""exact"", ""Labor Law"": ""exact"", ""Excel"": ""exact"", ""Risk Management"": ""contextual""}","Aarav Agarwal
Professional Summary: Human Resources professional with 5 years of experience at Nimbus Systems and similar organizations.

Skills: H.R.I.S., Payroll, Performance Management, managed the full candidate sourcing and hiring lifecycle, Talent Acquisition, Onboarding, Employee Relations, Labor Law, Excel, identified and mitigated operational and financial exposure for the business

Experience:
Nimbus Systems — Human Resources Role (5 yrs)
Worked extensively with H.R.I.S. on production systems. Worked extensively with Payroll on production systems. Worked extensively with Performance Management on production systems. Managed the full candidate sourcing and hiring lifecycle. Worked extensively with Talent Acquisition on production systems. Worked extensively with Onboarding on production systems. Worked extensively with Employee Relations on production systems. Worked extensively with Labor Law on production systems. Worked extensively with Excel on production systems. Identified and mitigated operational and financial exposure for the business.

Education: PGDM HR"
R0445,Shreya Agarwal,Finance,6,"[""Forecasting"", ""QuickBooks"", ""Risk Management"", ""Budgeting"", ""Financial Modeling"", ""Excel"", ""Auditing""]","{""Forecasting"": ""exact"", ""QuickBooks"": ""exact"", ""Risk Management"": ""contextual"", ""Budgeting"": ""exact"", ""Financial Modeling"": ""contextual"", ""Excel"": ""exact"", ""Auditing"": ""exact""}","Shreya Agarwal
Professional Summary: Finance professional with 6 years of experience at Falconbyte and similar organizations.

Skills: Forecasting, QuickBooks, identified and mitigated operational and financial exposure for the business, Budgeting, built spreadsheet models to forecast company revenue and cash flow, Excel, Auditing

Experience:
Falconbyte — Finance Role (6 yrs)
Worked extensively with Forecasting on production systems. Worked extensively with QuickBooks on production systems. Identified and mitigated operational and financial exposure for the business. Worked extensively with Budgeting on production systems. Built spreadsheet models to forecast company revenue and cash flow. Worked extensively with Excel on production systems. Worked extensively with Auditing on production systems.

Education: M.Com"
R0446,Suresh Singh,Human Resources,2,"[""Labor Law"", ""HRIS"", ""Talent Acquisition"", ""Onboarding"", ""Employee Relations"", ""Recruitment"", ""Performance Management"", ""Payroll""]","{""Labor Law"": ""exact"", ""HRIS"": ""exact"", ""Talent Acquisition"": ""exact"", ""Onboarding"": ""exact"", ""Employee Relations"": ""exact"", ""Recruitment"": ""exact"", ""Performance Management"": ""exact"", ""Payroll"": ""contextual""}","Suresh Singh
Professional Summary: Human Resources professional with 2 years of experience at Nimbus Systems and similar organizations.

Skills: Labor Law, HRIS, Talent Acquisition, Onboarding, Employee Relations, Recruitment, Performance Management, processed monthly employee compensation and statutory deductions

Experience:
Nimbus Systems — Human Resources Role (2 yrs)
Worked extensively with Labor Law on production systems. Worked extensively with HRIS on production systems. Worked extensively with Talent Acquisition on production systems. Worked extensively with Onboarding on production systems. Worked extensively with Employee Relations on production systems. Worked extensively with Recruitment on production systems. Worked extensively with Performance Management on production systems. Processed monthly employee compensation and statutory deductions.

Education: MBA Human Resources"
R0447,Siddharth Kumar,Web Development,10,"[""Node.js"", ""REST API"", ""Express.js"", ""JavaScript"", ""MongoDB"", ""CSS"", ""Natural Language Processing"", ""Machine Learning""]","{""Node.js"": ""contextual"", ""REST API"": ""exact"", ""Express.js"": ""exact"", ""JavaScript"": ""exact"", ""MongoDB"": ""exact"", ""CSS"": ""exact"", ""Natural Language Processing"": ""exact"", ""Machine Learning"": ""exact""}","Siddharth Kumar
Professional Summary: Web Development professional with 10 years of experience at Trailhead Digital and similar organizations.

Skills: developed server-side applications using an event-driven JavaScript runtime, REST API, Express.js, JavaScript, MongoDB, CSS, Natural Language Processing, Machine Learning

Experience:
Trailhead Digital — Web Development Role (10 yrs)
Developed server-side applications using an event-driven javascript runtime. Worked extensively with REST API on production systems. Worked extensively with Express.js on production systems. Worked extensively with JavaScript on production systems. Worked extensively with MongoDB on production systems. Worked extensively with CSS on production systems. Worked extensively with Natural Language Processing on production systems. Worked extensively with Machine Learning on production systems.

Education: B.Tech Information Technology"
R0448,Vivek Reddy,Human Resources,4,"[""Payroll"", ""Onboarding"", ""Talent Acquisition"", ""Performance Management"", ""Labor Law"", ""Employee Relations"", ""Recruitment"", ""HRIS""]","{""Payroll"": ""contextual"", ""Onboarding"": ""exact"", ""Talent Acquisition"": ""exact"", ""Performance Management"": ""exact"", ""Labor Law"": ""exact"", ""Employee Relations"": ""exact"", ""Recruitment"": ""contextual"", ""HRIS"": ""exact""}","Vivek Reddy
Professional Summary: Human Resources professional with 4 years of experience at Nimbus Systems and similar organizations.

Skills: processed monthly employee compensation and statutory deductions, Onboarding, Talent Acquisition, Performance Management, Labor Law, Employee Relations, managed the full candidate sourcing and hiring lifecycle, HRIS

Experience:
Nimbus Systems — Human Resources Role (4 yrs)
Processed monthly employee compensation and statutory deductions. Worked extensively with Onboarding on production systems. Worked extensively with Talent Acquisition on production systems. Worked extensively with Performance Management on production systems. Worked extensively with Labor Law on production systems. Worked extensively with Employee Relations on production systems. Managed the full candidate sourcing and hiring lifecycle. Worked extensively with HRIS on production systems.

Education: MBA Human Resources"
R0449,Aditya Patel,Finance,10,"[""SAP"", ""Financial Analysis"", ""Auditing"", ""Budgeting"", ""Accounting"", ""Forecasting"", ""Excel"", ""Financial Modeling"", ""QuickBooks""]","{""SAP"": ""fuzzy"", ""Financial Analysis"": ""exact"", ""Auditing"": ""exact"", ""Budgeting"": ""exact"", ""Accounting"": ""exact"", ""Forecasting"": ""exact"", ""Excel"": ""exact"", ""Financial Modeling"": ""exact"", ""QuickBooks"": ""exact""}","Aditya Patel
Professional Summary: Finance professional with 10 years of experience at Verdant Analytics and similar organizations.

Skills: SAP , Financial Analysis, Auditing, Budgeting, Accounting, Forecasting, Excel, Financial Modeling, QuickBooks

Experience:
Verdant Analytics — Finance Role (10 yrs)
Worked extensively with SAP  on production systems. Worked extensively with Financial Analysis on production systems. Worked extensively with Auditing on production systems. Worked extensively with Budgeting on production systems. Worked extensively with Accounting on production systems. Worked extensively with Forecasting on production systems. Worked extensively with Excel on production systems. Worked extensively with Financial Modeling on production systems. Worked extensively with QuickBooks on production systems.

Education: MBA Finance"
R0450,Priya Pillai,Human Resources,12,"[""Onboarding"", ""Performance Management"", ""Labor Law"", ""Employee Relations"", ""Recruitment"", ""HRIS"", ""Payroll"", ""Talent Acquisition""]","{""Onboarding"": ""exact"", ""Performance Management"": ""exact"", ""Labor Law"": ""exact"", ""Employee Relations"": ""exact"", ""Recruitment"": ""exact"", ""HRIS"": ""exact"", ""Payroll"": ""exact"", ""Talent Acquisition"": ""exact""}","Priya Pillai
Professional Summary: Human Resources professional with 12 years of experience at Verdant Analytics and similar organizations.

Skills: Onboarding, Performance Management, Labor Law, Employee Relations, Recruitment, HRIS, Payroll, Talent Acquisition

Experience:
Verdant Analytics — Human Resources Role (12 yrs)
Worked extensively with Onboarding on production systems. Worked extensively with Performance Management on production systems. Worked extensively with Labor Law on production systems. Worked extensively with Employee Relations on production systems. Worked extensively with Recruitment on production systems. Worked extensively with HRIS on production systems. Worked extensively with Payroll on production systems. Worked extensively with Talent Acquisition on production systems.

Education: PGDM HR"
R0451,Rohan Chatterjee,Web Development,10,"[""Express.js"", ""TypeScript"", ""JavaScript"", ""React"", ""HTML"", ""MongoDB"", ""CSS""]","{""Express.js"": ""exact"", ""TypeScript"": ""exact"", ""JavaScript"": ""exact"", ""React"": ""exact"", ""HTML"": ""exact"", ""MongoDB"": ""exact"", ""CSS"": ""exact""}","Rohan Chatterjee
Professional Summary: Web Development professional with 10 years of experience at Sundial HR Group and similar organizations.

Skills: Express.js, TypeScript, JavaScript, React, HTML, MongoDB, CSS

Experience:
Sundial HR Group — Web Development Role (10 yrs)
Worked extensively with Express.js on production systems. Worked extensively with TypeScript on production systems. Worked extensively with JavaScript on production systems. Worked extensively with React on production systems. Worked extensively with HTML on production systems. Worked extensively with MongoDB on production systems. Worked extensively with CSS on production systems.

Education: BCA"
R0452,Anjali Gupta,Web Development,9,"[""REST API"", ""MongoDB"", ""CSS"", ""Next.js"", ""React"", ""JavaScript"", ""Express.js"", ""HTML""]","{""REST API"": ""fuzzy"", ""MongoDB"": ""exact"", ""CSS"": ""exact"", ""Next.js"": ""exact"", ""React"": ""exact"", ""JavaScript"": ""exact"", ""Express.js"": ""exact"", ""HTML"": ""exact""}","Anjali Gupta
Professional Summary: Web Development professional with 9 years of experience at Harborline Financial and similar organizations.

Skills: REST-API, MongoDB, CSS, Next.js, React, JavaScript, Express.js, HTML

Experience:
Harborline Financial — Web Development Role (9 yrs)
Worked extensively with REST-API on production systems. Worked extensively with MongoDB on production systems. Worked extensively with CSS on production systems. Worked extensively with Next.js on production systems. Worked extensively with React on production systems. Worked extensively with JavaScript on production systems. Worked extensively with Express.js on production systems. Worked extensively with HTML on production systems.

Education: B.Sc Computer Science"
R0453,Shreya Pillai,Data Science,10,"[""Machine Learning"", ""Data Visualization"", ""Scikit-learn"", ""Statistics"", ""Pandas"", ""Deep Learning"", ""PyTorch"", ""Python"", ""Natural Language Processing"", ""HTML"", ""REST API""]","{""Machine Learning"": ""contextual"", ""Data Visualization"": ""exact"", ""Scikit-learn"": ""exact"", ""Statistics"": ""exact"", ""Pandas"": ""exact"", ""Deep Learning"": ""exact"", ""PyTorch"": ""exact"", ""Python"": ""fuzzy"", ""Natural Language Processing"": ""exact"", ""HTML"": ""exact"", ""REST API"": ""exact""}","Shreya Pillai
Professional Summary: Data Science professional with 10 years of experience at Nimbus Systems and similar organizations.

Skills: built predictive models that learn patterns from historical data, Data Visualization, Scikit-learn, Statistics, Pandas, Deep Learning, PyTorch, Pyhton, Natural Language Processing, HTML, REST API

Experience:
Nimbus Systems — Data Science Role (10 yrs)
Built predictive models that learn patterns from historical data. Worked extensively with Data Visualization on production systems. Worked extensively with Scikit-learn on production systems. Worked extensively with Statistics on production systems. Worked extensively with Pandas on production systems. Worked extensively with Deep Learning on production systems. Worked extensively with PyTorch on production systems. Worked extensively with Pyhton on production systems. Worked extensively with Natural Language Processing on production systems. Worked extensively with HTML on production systems. Worked extensively with REST API on production systems.

Education: B.Tech Computer Science"
R0454,Neha Mehta,Data Science,8,"[""Machine Learning"", ""NumPy"", ""SQL"", ""Pandas"", ""PyTorch"", ""Scikit-learn""]","{""Machine Learning"": ""contextual"", ""NumPy"": ""exact"", ""SQL"": ""exact"", ""Pandas"": ""exact"", ""PyTorch"": ""exact"", ""Scikit-learn"": ""exact""}","Neha Mehta
Professional Summary: Data Science professional with 8 years of experience at Sundial HR Group and similar organizations.

Skills: built predictive models that learn patterns from historical data, NumPy, SQL, Pandas, PyTorch, Scikit-learn

Experience:
Sundial HR Group — Data Science Role (8 yrs)
Built predictive models that learn patterns from historical data. Worked extensively with NumPy on production systems. Worked extensively with SQL on production systems. Worked extensively with Pandas on production systems. Worked extensively with PyTorch on production systems. Worked extensively with Scikit-learn on production systems.

Education: M.Tech Data Science"
R0455,Suresh Bhat,Finance,4,"[""Excel"", ""Financial Modeling"", ""Forecasting"", ""SAP"", ""Auditing"", ""Budgeting"", ""Risk Management"", ""Financial Analysis"", ""QuickBooks"", ""Accounting""]","{""Excel"": ""fuzzy"", ""Financial Modeling"": ""exact"", ""Forecasting"": ""exact"", ""SAP"": ""exact"", ""Auditing"": ""exact"", ""Budgeting"": ""exact"", ""Risk Management"": ""contextual"", ""Financial Analysis"": ""exact"", ""QuickBooks"": ""exact"", ""Accounting"": ""exact""}","Suresh Bhat
Professional Summary: Finance professional with 4 years of experience at Corestack Labs and similar organizations.

Skills: MS Excel, Financial Modeling, Forecasting, SAP, Auditing, Budgeting, identified and mitigated operational and financial exposure for the business, Financial Analysis, QuickBooks, Accounting

Experience:
Corestack Labs — Finance Role (4 yrs)
Worked extensively with MS Excel on production systems. Worked extensively with Financial Modeling on production systems. Worked extensively with Forecasting on production systems. Worked extensively with SAP on production systems. Worked extensively with Auditing on production systems. Worked extensively with Budgeting on production systems. Identified and mitigated operational and financial exposure for the business. Worked extensively with Financial Analysis on production systems. Worked extensively with QuickBooks on production systems. Worked extensively with Accounting on production systems.

Education: M.Com"
R0456,Aarav Singh,Data Science,7,"[""NumPy"", ""Data Visualization"", ""TensorFlow"", ""Natural Language Processing"", ""Machine Learning"", ""Python"", ""Deep Learning"", ""SQL""]","{""NumPy"": ""exact"", ""Data Visualization"": ""exact"", ""TensorFlow"": ""fuzzy"", ""Natural Language Processing"": ""exact"", ""Machine Learning"": ""exact"", ""Python"": ""exact"", ""Deep Learning"": ""exact"", ""SQL"": ""exact""}","Aarav Singh
Professional Summary: Data Science professional with 7 years of experience at Falconbyte and similar organizations.

Skills: NumPy, Data Visualization, Tensorflow, Natural Language Processing, Machine Learning, Python, Deep Learning, SQL

Experience:
Falconbyte — Data Science Role (7 yrs)
Worked extensively with NumPy on production systems. Worked extensively with Data Visualization on production systems. Worked extensively with Tensorflow on production systems. Worked extensively with Natural Language Processing on production systems. Worked extensively with Machine Learning on production systems. Worked extensively with Python on production systems. Worked extensively with Deep Learning on production systems. Worked extensively with SQL on production systems.

Education: B.Tech Computer Science"
R0457,Swati Verma,Finance,2,"[""Budgeting"", ""SAP"", ""Financial Modeling"", ""Accounting"", ""Forecasting"", ""Financial Analysis"", ""QuickBooks"", ""Excel""]","{""Budgeting"": ""exact"", ""SAP"": ""exact"", ""Financial Modeling"": ""exact"", ""Accounting"": ""exact"", ""Forecasting"": ""exact"", ""Financial Analysis"": ""exact"", ""QuickBooks"": ""exact"", ""Excel"": ""fuzzy""}","Swati Verma
Professional Summary: Finance professional with 2 years of experience at Novatrail Consulting and similar organizations.

Skills: Budgeting, SAP, Financial Modeling, Accounting, Forecasting, Financial Analysis, QuickBooks, Micosoft Excel

Experience:
Novatrail Consulting — Finance Role (2 yrs)
Worked extensively with Budgeting on production systems. Worked extensively with SAP on production systems. Worked extensively with Financial Modeling on production systems. Worked extensively with Accounting on production systems. Worked extensively with Forecasting on production systems. Worked extensively with Financial Analysis on production systems. Worked extensively with QuickBooks on production systems. Worked extensively with Micosoft Excel on production systems.

Education: B.Com"
R0458,Aditya Verma,Web Development,10,"[""MongoDB"", ""HTML"", ""Node.js"", ""JavaScript"", ""Next.js"", ""TypeScript"", ""REST API"", ""Express.js"", ""React""]","{""MongoDB"": ""exact"", ""HTML"": ""exact"", ""Node.js"": ""fuzzy"", ""JavaScript"": ""exact"", ""Next.js"": ""exact"", ""TypeScript"": ""fuzzy"", ""REST API"": ""contextual"", ""Express.js"": ""exact"", ""React"": ""exact""}","Aditya Verma
Professional Summary: Web Development professional with 10 years of experience at Corestack Labs and similar organizations.

Skills: MongoDB, HTML, Node, JavaScript, Next.js, TS, designed and exposed HTTP endpoints for internal service communication, Express.js, React

Experience:
Corestack Labs — Web Development Role (10 yrs)
Worked extensively with MongoDB on production systems. Worked extensively with HTML on production systems. Worked extensively with Node on production systems. Worked extensively with JavaScript on production systems. Worked extensively with Next.js on production systems. Worked extensively with TS on production systems. Designed and exposed http endpoints for internal service communication. Worked extensively with Express.js on production systems. Worked extensively with React on production systems.

Education: B.Sc Computer Science"
R0459,Sneha Joshi,Data Science,5,"[""Python"", ""Scikit-learn"", ""PyTorch"", ""SQL"", ""Pandas"", ""Data Visualization"", ""Natural Language Processing"", ""NumPy"", ""Statistics"", ""Onboarding"", ""Payroll""]","{""Python"": ""exact"", ""Scikit-learn"": ""fuzzy"", ""PyTorch"": ""exact"", ""SQL"": ""fuzzy"", ""Pandas"": ""exact"", ""Data Visualization"": ""exact"", ""Natural Language Processing"": ""exact"", ""NumPy"": ""exact"", ""Statistics"": ""exact"", ""Onboarding"": ""exact"", ""Payroll"": ""contextual""}","Sneha Joshi
Professional Summary: Data Science professional with 5 years of experience at Corestack Labs and similar organizations.

Skills: Python, sklearn, PyTorch, SQl, Pandas, Data Visualization, Natural Language Processing, NumPy, Statistics, Onboarding, processed monthly employee compensation and statutory deductions

Experience:
Corestack Labs — Data Science Role (5 yrs)
Worked extensively with Python on production systems. Worked extensively with sklearn on production systems. Worked extensively with PyTorch on production systems. Worked extensively with SQl on production systems. Worked extensively with Pandas on production systems. Worked extensively with Data Visualization on production systems. Worked extensively with Natural Language Processing on production systems. Worked extensively with NumPy on production systems. Worked extensively with Statistics on production systems. Worked extensively with Onboarding on production systems. Processed monthly employee compensation and statutory deductions.

Education: M.Tech Data Science"
R0460,Rohan Mehta,Data Science,4,"[""NumPy"", ""Python"", ""Scikit-learn"", ""SQL"", ""Statistics"", ""Natural Language Processing"", ""Machine Learning"", ""Deep Learning"", ""Excel"", ""QuickBooks""]","{""NumPy"": ""exact"", ""Python"": ""contextual"", ""Scikit-learn"": ""exact"", ""SQL"": ""fuzzy"", ""Statistics"": ""exact"", ""Natural Language Processing"": ""exact"", ""Machine Learning"": ""fuzzy"", ""Deep Learning"": ""contextual"", ""Excel"": ""exact"", ""QuickBooks"": ""exact""}","Rohan Mehta
Professional Summary: Data Science professional with 4 years of experience at Quantwave Inc and similar organizations.

Skills: NumPy, wrote automation scripts and backend services in a high-level scripting language, Scikit-learn, My SQL, Statistics, Natural Language Processing, Machine-Learning, trained multi-layer neural networks for pattern recognition tasks, Excel, QuickBooks

Experience:
Quantwave Inc — Data Science Role (4 yrs)
Worked extensively with NumPy on production systems. Wrote automation scripts and backend services in a high-level scripting language. Worked extensively with Scikit-learn on production systems. Worked extensively with My SQL on production systems. Worked extensively with Statistics on production systems. Worked extensively with Natural Language Processing on production systems. Worked extensively with Machine-Learning on production systems. Trained multi-layer neural networks for pattern recognition tasks. Worked extensively with Excel on production systems. Worked extensively with QuickBooks on production systems.

Education: B.Sc Statistics"
R0461,Nikhil Bhat,DevOps,10,"[""Docker"", ""AWS"", ""Terraform"", ""GCP"", ""Azure"", ""Kubernetes"", ""Linux"", ""CI/CD"", ""Ansible"", ""Jenkins""]","{""Docker"": ""contextual"", ""AWS"": ""exact"", ""Terraform"": ""exact"", ""GCP"": ""exact"", ""Azure"": ""exact"", ""Kubernetes"": ""fuzzy"", ""Linux"": ""exact"", ""CI/CD"": ""exact"", ""Ansible"": ""exact"", ""Jenkins"": ""exact""}","Nikhil Bhat
Professional Summary: DevOps professional with 10 years of experience at Sundial HR Group and similar organizations.

Skills: packaged applications into portable, isolated containers for deployment, AWS, Terraform, GCP, Azure, Kubernetes , Linux, CI/CD, Ansible, Jenkins

Experience:
Sundial HR Group — DevOps Role (10 yrs)
Packaged applications into portable, isolated containers for deployment. Worked extensively with AWS on production systems. Worked extensively with Terraform on production systems. Worked extensively with GCP on production systems. Worked extensively with Azure on production systems. Worked extensively with Kubernetes  on production systems. Worked extensively with Linux on production systems. Worked extensively with CI/CD on production systems. Worked extensively with Ansible on production systems. Worked extensively with Jenkins on production systems.

Education: B.E. Electronics and Communication"
R0462,Isha Kumar,Finance,4,"[""QuickBooks"", ""Risk Management"", ""Excel"", ""Financial Analysis"", ""Budgeting"", ""Financial Modeling"", ""SAP"", ""Accounting"", ""Auditing"", ""Forecasting"", ""CI/CD"", ""Terraform""]","{""QuickBooks"": ""exact"", ""Risk Management"": ""exact"", ""Excel"": ""exact"", ""Financial Analysis"": ""exact"", ""Budgeting"": ""exact"", ""Financial Modeling"": ""exact"", ""SAP"": ""exact"", ""Accounting"": ""exact"", ""Auditing"": ""exact"", ""Forecasting"": ""exact"", ""CI/CD"": ""fuzzy"", ""Terraform"": ""exact""}","Isha Kumar
Professional Summary: Finance professional with 4 years of experience at Falconbyte and similar organizations.

Skills: QuickBooks, Risk Management, Excel, Financial Analysis, Budgeting, Financial Modeling, SAP, Accounting, Auditing, Forecasting, CI-CD, Terraform

Experience:
Falconbyte — Finance Role (4 yrs)
Worked extensively with QuickBooks on production systems. Worked extensively with Risk Management on production systems. Worked extensively with Excel on production systems. Worked extensively with Financial Analysis on production systems. Worked extensively with Budgeting on production systems. Worked extensively with Financial Modeling on production systems. Worked extensively with SAP on production systems. Worked extensively with Accounting on production systems. Worked extensively with Auditing on production systems. Worked extensively with Forecasting on production systems. Worked extensively with CI-CD on production systems. Worked extensively with Terraform on production systems.

Education: B.Com"
R0463,Ananya Patel,Web Development,7,"[""Node.js"", ""Express.js"", ""HTML"", ""REST API"", ""MongoDB"", ""CSS"", ""React"", ""Next.js"", ""TypeScript"", ""JavaScript""]","{""Node.js"": ""contextual"", ""Express.js"": ""exact"", ""HTML"": ""exact"", ""REST API"": ""fuzzy"", ""MongoDB"": ""exact"", ""CSS"": ""exact"", ""React"": ""exact"", ""Next.js"": ""exact"", ""TypeScript"": ""fuzzy"", ""JavaScript"": ""fuzzy""}","Ananya Patel
Professional Summary: Web Development professional with 7 years of experience at Meridian Softworks and similar organizations.

Skills: developed server-side applications using an event-driven JavaScript runtime, Express.js, HTML, RESTful API, MongoDB, CSS, React, Next.js, TS, Javascript

Experience:
Meridian Softworks — Web Development Role (7 yrs)
Developed server-side applications using an event-driven javascript runtime. Worked extensively with Express.js on production systems. Worked extensively with HTML on production systems. Worked extensively with RESTful API on production systems. Worked extensively with MongoDB on production systems. Worked extensively with CSS on production systems. Worked extensively with React on production systems. Worked extensively with Next.js on production systems. Worked extensively with TS on production systems. Worked extensively with Javascript on production systems.

Education: BCA"
R0464,Isha Das,Data Science,2,"[""Python"", ""Deep Learning"", ""Machine Learning"", ""Statistics"", ""TensorFlow"", ""Pandas"", ""SQL"", ""Data Visualization"", ""PyTorch""]","{""Python"": ""fuzzy"", ""Deep Learning"": ""exact"", ""Machine Learning"": ""fuzzy"", ""Statistics"": ""exact"", ""TensorFlow"": ""exact"", ""Pandas"": ""exact"", ""SQL"": ""exact"", ""Data Visualization"": ""exact"", ""PyTorch"": ""exact""}","Isha Das
Professional Summary: Data Science professional with 2 years of experience at Quantwave Inc and similar organizations.

Skills: Python , Deep Learning, ML, Statistics, TensorFlow, Pandas, SQL, Data Visualization, PyTorch

Experience:
Quantwave Inc — Data Science Role (2 yrs)
Worked extensively with Python  on production systems. Worked extensively with Deep Learning on production systems. Worked extensively with ML on production systems. Worked extensively with Statistics on production systems. Worked extensively with TensorFlow on production systems. Worked extensively with Pandas on production systems. Worked extensively with SQL on production systems. Worked extensively with Data Visualization on production systems. Worked extensively with PyTorch on production systems.

Education: M.Tech Data Science"
R0465,Siddharth Iyer,DevOps,9,"[""AWS"", ""GCP"", ""Kubernetes"", ""Ansible"", ""Docker"", ""Jenkins"", ""Azure"", ""CI/CD"", ""Linux""]","{""AWS"": ""contextual"", ""GCP"": ""exact"", ""Kubernetes"": ""exact"", ""Ansible"": ""exact"", ""Docker"": ""fuzzy"", ""Jenkins"": ""exact"", ""Azure"": ""exact"", ""CI/CD"": ""fuzzy"", ""Linux"": ""exact""}","Siddharth Iyer
Professional Summary: DevOps professional with 9 years of experience at Sundial HR Group and similar organizations.

Skills: provisioned and managed cloud infrastructure on a major public cloud platform, GCP, Kubernetes, Ansible, docker , Jenkins, Azure, CICD, Linux

Experience:
Sundial HR Group — DevOps Role (9 yrs)
Provisioned and managed cloud infrastructure on a major public cloud platform. Worked extensively with GCP on production systems. Worked extensively with Kubernetes on production systems. Worked extensively with Ansible on production systems. Worked extensively with docker  on production systems. Worked extensively with Jenkins on production systems. Worked extensively with Azure on production systems. Worked extensively with CICD on production systems. Worked extensively with Linux on production systems.

Education: B.E. Electronics and Communication"
R0466,Divya Joshi,Web Development,10,"[""Express.js"", ""CSS"", ""TypeScript"", ""JavaScript"", ""Node.js"", ""MongoDB"", ""React"", ""REST API"", ""HTML"", ""SAP"", ""Accounting""]","{""Express.js"": ""exact"", ""CSS"": ""exact"", ""TypeScript"": ""exact"", ""JavaScript"": ""exact"", ""Node.js"": ""fuzzy"", ""MongoDB"": ""fuzzy"", ""React"": ""contextual"", ""REST API"": ""exact"", ""HTML"": ""exact"", ""SAP"": ""exact"", ""Accounting"": ""exact""}","Divya Joshi
Professional Summary: Web Development professional with 10 years of experience at Verdant Analytics and similar organizations.

Skills: Express.js, CSS, TypeScript, JavaScript, NodeJS, Mongo DB, built dynamic, component-based user interfaces for single-page applications, REST API, HTML, SAP, Accounting

Experience:
Verdant Analytics — Web Development Role (10 yrs)
Worked extensively with Express.js on production systems. Worked extensively with CSS on production systems. Worked extensively with TypeScript on production systems. Worked extensively with JavaScript on production systems. Worked extensively with NodeJS on production systems. Worked extensively with Mongo DB on production systems. Built dynamic, component-based user interfaces for single-page applications. Worked extensively with REST API on production systems. Worked extensively with HTML on production systems. Worked extensively with SAP on production systems. Worked extensively with Accounting on production systems.

Education: B.Tech Information Technology"
R0467,Rajesh Chatterjee,Data Science,8,"[""Pandas"", ""NumPy"", ""Data Visualization"", ""TensorFlow"", ""PyTorch"", ""Statistics"", ""Machine Learning"", ""Natural Language Processing"", ""React"", ""MongoDB""]","{""Pandas"": ""exact"", ""NumPy"": ""exact"", ""Data Visualization"": ""contextual"", ""TensorFlow"": ""exact"", ""PyTorch"": ""exact"", ""Statistics"": ""exact"", ""Machine Learning"": ""fuzzy"", ""Natural Language Processing"": ""exact"", ""React"": ""exact"", ""MongoDB"": ""exact""}","Rajesh Chatterjee
Professional Summary: Data Science professional with 8 years of experience at Corestack Labs and similar organizations.

Skills: Pandas, NumPy, created dashboards and charts to communicate insights to stakeholders, TensorFlow, PyTorch, Statistics, Machin Learning, Natural Language Processing, React, MongoDB

Experience:
Corestack Labs — Data Science Role (8 yrs)
Worked extensively with Pandas on production systems. Worked extensively with NumPy on production systems. Created dashboards and charts to communicate insights to stakeholders. Worked extensively with TensorFlow on production systems. Worked extensively with PyTorch on production systems. Worked extensively with Statistics on production systems. Worked extensively with Machin Learning on production systems. Worked extensively with Natural Language Processing on production systems. Worked extensively with React on production systems. Worked extensively with MongoDB on production systems.

Education: B.Tech Computer Science"
R0468,Aarav Mehta,Human Resources,3,"[""Onboarding"", ""Talent Acquisition"", ""Performance Management"", ""Employee Relations"", ""Recruitment"", ""Labor Law"", ""Payroll"", ""HRIS"", ""Statistics"", ""Natural Language Processing""]","{""Onboarding"": ""exact"", ""Talent Acquisition"": ""exact"", ""Performance Management"": ""exact"", ""Employee Relations"": ""exact"", ""Recruitment"": ""exact"", ""Labor Law"": ""exact"", ""Payroll"": ""exact"", ""HRIS"": ""exact"", ""Statistics"": ""exact"", ""Natural Language Processing"": ""exact""}","Aarav Mehta
Professional Summary: Human Resources professional with 3 years of experience at Harborline Financial and similar organizations.

Skills: Onboarding, Talent Acquisition, Performance Management, Employee Relations, Recruitment, Labor Law, Payroll, HRIS, Statistics, Natural Language Processing

Experience:
Harborline Financial — Human Resources Role (3 yrs)
Worked extensively with Onboarding on production systems. Worked extensively with Talent Acquisition on production systems. Worked extensively with Performance Management on production systems. Worked extensively with Employee Relations on production systems. Worked extensively with Recruitment on production systems. Worked extensively with Labor Law on production systems. Worked extensively with Payroll on production systems. Worked extensively with HRIS on production systems. Worked extensively with Statistics on production systems. Worked extensively with Natural Language Processing on production systems.

Education: B.A. Psychology"
R0469,Priya Chatterjee,Finance,12,"[""Financial Modeling"", ""Risk Management"", ""Excel"", ""SAP"", ""Budgeting"", ""Forecasting"", ""Auditing""]","{""Financial Modeling"": ""exact"", ""Risk Management"": ""contextual"", ""Excel"": ""fuzzy"", ""SAP"": ""exact"", ""Budgeting"": ""exact"", ""Forecasting"": ""exact"", ""Auditing"": ""exact""}","Priya Chatterjee
Professional Summary: Finance professional with 12 years of experience at Corestack Labs and similar organizations.

Skills: Financial Modeling, identified and mitigated operational and financial exposure for the business, Micosoft Excel, SAP, Budgeting, Forecasting, Auditing

Experience:
Corestack Labs — Finance Role (12 yrs)
Worked extensively with Financial Modeling on production systems. Identified and mitigated operational and financial exposure for the business. Worked extensively with Micosoft Excel on production systems. Worked extensively with SAP on production systems. Worked extensively with Budgeting on production systems. Worked extensively with Forecasting on production systems. Worked extensively with Auditing on production systems.

Education: M.Com"
R0470,Rajesh Das,DevOps,7,"[""Ansible"", ""Linux"", ""Terraform"", ""Jenkins"", ""CI/CD"", ""AWS"", ""Docker"", ""GCP"", ""Azure""]","{""Ansible"": ""exact"", ""Linux"": ""exact"", ""Terraform"": ""exact"", ""Jenkins"": ""exact"", ""CI/CD"": ""fuzzy"", ""AWS"": ""fuzzy"", ""Docker"": ""fuzzy"", ""GCP"": ""exact"", ""Azure"": ""exact""}","Rajesh Das
Professional Summary: DevOps professional with 7 years of experience at Falconbyte and similar organizations.

Skills: Ansible, Linux, Terraform, Jenkins, CI-CD, Amazon Web Services, docker , GCP, Azure

Experience:
Falconbyte — DevOps Role (7 yrs)
Worked extensively with Ansible on production systems. Worked extensively with Linux on production systems. Worked extensively with Terraform on production systems. Worked extensively with Jenkins on production systems. Worked extensively with CI-CD on production systems. Worked extensively with Amazon Web Services on production systems. Worked extensively with docker  on production systems. Worked extensively with GCP on production systems. Worked extensively with Azure on production systems.

Education: B.E. Electronics and Communication"
R0471,Anjali Menon,Finance,7,"[""SAP"", ""Financial Modeling"", ""Budgeting"", ""Accounting"", ""Auditing"", ""Excel"", ""Financial Analysis"", ""QuickBooks"", ""Forecasting"", ""Linux"", ""GCP""]","{""SAP"": ""exact"", ""Financial Modeling"": ""exact"", ""Budgeting"": ""exact"", ""Accounting"": ""exact"", ""Auditing"": ""exact"", ""Excel"": ""exact"", ""Financial Analysis"": ""exact"", ""QuickBooks"": ""exact"", ""Forecasting"": ""exact"", ""Linux"": ""exact"", ""GCP"": ""exact""}","Anjali Menon
Professional Summary: Finance professional with 7 years of experience at Meridian Softworks and similar organizations.

Skills: SAP, Financial Modeling, Budgeting, Accounting, Auditing, Excel, Financial Analysis, QuickBooks, Forecasting, Linux, GCP

Experience:
Meridian Softworks — Finance Role (7 yrs)
Worked extensively with SAP on production systems. Worked extensively with Financial Modeling on production systems. Worked extensively with Budgeting on production systems. Worked extensively with Accounting on production systems. Worked extensively with Auditing on production systems. Worked extensively with Excel on production systems. Worked extensively with Financial Analysis on production systems. Worked extensively with QuickBooks on production systems. Worked extensively with Forecasting on production systems. Worked extensively with Linux on production systems. Worked extensively with GCP on production systems.

Education: B.Com"
R0472,Riya Patel,Finance,11,"[""Forecasting"", ""Accounting"", ""Financial Modeling"", ""Financial Analysis"", ""Auditing"", ""SAP"", ""Risk Management"", ""QuickBooks"", ""Excel"", ""Budgeting""]","{""Forecasting"": ""exact"", ""Accounting"": ""exact"", ""Financial Modeling"": ""contextual"", ""Financial Analysis"": ""exact"", ""Auditing"": ""exact"", ""SAP"": ""fuzzy"", ""Risk Management"": ""contextual"", ""QuickBooks"": ""exact"", ""Excel"": ""exact"", ""Budgeting"": ""exact""}","Riya Patel
Professional Summary: Finance professional with 11 years of experience at Nimbus Systems and similar organizations.

Skills: Forecasting, Accounting, built spreadsheet models to forecast company revenue and cash flow, Financial Analysis, Auditing, SAP , identified and mitigated operational and financial exposure for the business, QuickBooks, Excel, Budgeting

Experience:
Nimbus Systems — Finance Role (11 yrs)
Worked extensively with Forecasting on production systems. Worked extensively with Accounting on production systems. Built spreadsheet models to forecast company revenue and cash flow. Worked extensively with Financial Analysis on production systems. Worked extensively with Auditing on production systems. Worked extensively with SAP  on production systems. Identified and mitigated operational and financial exposure for the business. Worked extensively with QuickBooks on production systems. Worked extensively with Excel on production systems. Worked extensively with Budgeting on production systems.

Education: M.Com"
R0473,Isha Mehta,Web Development,1,"[""JavaScript"", ""Next.js"", ""React"", ""CSS"", ""HTML"", ""TypeScript"", ""HRIS"", ""Recruitment""]","{""JavaScript"": ""exact"", ""Next.js"": ""exact"", ""React"": ""fuzzy"", ""CSS"": ""exact"", ""HTML"": ""exact"", ""TypeScript"": ""exact"", ""HRIS"": ""exact"", ""Recruitment"": ""exact""}","Isha Mehta
Professional Summary: Web Development professional with 1 years of experience at Corestack Labs and similar organizations.

Skills: JavaScript, Next.js, ReactJS, CSS, HTML, TypeScript, HRIS, Recruitment

Experience:
Corestack Labs — Web Development Role (1 yrs)
Worked extensively with JavaScript on production systems. Worked extensively with Next.js on production systems. Worked extensively with ReactJS on production systems. Worked extensively with CSS on production systems. Worked extensively with HTML on production systems. Worked extensively with TypeScript on production systems. Worked extensively with HRIS on production systems. Worked extensively with Recruitment on production systems.

Education: BCA"
R0474,Anjali Singh,Human Resources,4,"[""Recruitment"", ""Talent Acquisition"", ""HRIS"", ""Performance Management"", ""Onboarding"", ""Labor Law""]","{""Recruitment"": ""contextual"", ""Talent Acquisition"": ""exact"", ""HRIS"": ""fuzzy"", ""Performance Management"": ""exact"", ""Onboarding"": ""exact"", ""Labor Law"": ""exact""}","Anjali Singh
Professional Summary: Human Resources professional with 4 years of experience at Harborline Financial and similar organizations.

Skills: managed the full candidate sourcing and hiring lifecycle, Talent Acquisition, H.R.I.S., Performance Management, Onboarding, Labor Law

Experience:
Harborline Financial — Human Resources Role (4 yrs)
Managed the full candidate sourcing and hiring lifecycle. Worked extensively with Talent Acquisition on production systems. Worked extensively with H.R.I.S. on production systems. Worked extensively with Performance Management on production systems. Worked extensively with Onboarding on production systems. Worked extensively with Labor Law on production systems.

Education: B.A. Psychology"
R0475,Riya Bhat,Finance,4,"[""Risk Management"", ""Budgeting"", ""Financial Analysis"", ""Financial Modeling"", ""Excel"", ""SAP"", ""Accounting"", ""Forecasting"", ""QuickBooks""]","{""Risk Management"": ""contextual"", ""Budgeting"": ""exact"", ""Financial Analysis"": ""exact"", ""Financial Modeling"": ""contextual"", ""Excel"": ""fuzzy"", ""SAP"": ""exact"", ""Accounting"": ""exact"", ""Forecasting"": ""exact"", ""QuickBooks"": ""exact""}","Riya Bhat
Professional Summary: Finance professional with 4 years of experience at Meridian Softworks and similar organizations.

Skills: identified and mitigated operational and financial exposure for the business, Budgeting, Financial Analysis, built spreadsheet models to forecast company revenue and cash flow, Micosoft Excel, SAP, Accounting, Forecasting, QuickBooks

Experience:
Meridian Softworks — Finance Role (4 yrs)
Identified and mitigated operational and financial exposure for the business. Worked extensively with Budgeting on production systems. Worked extensively with Financial Analysis on production systems. Built spreadsheet models to forecast company revenue and cash flow. Worked extensively with Micosoft Excel on production systems. Worked extensively with SAP on production systems. Worked extensively with Accounting on production systems. Worked extensively with Forecasting on production systems. Worked extensively with QuickBooks on production systems.

Education: MBA Finance"
R0476,Rohan Nair,DevOps,7,"[""GCP"", ""Kubernetes"", ""Jenkins"", ""AWS"", ""Azure"", ""Docker"", ""Ansible"", ""Linux"", ""CI/CD"", ""Financial Analysis"", ""SAP""]","{""GCP"": ""exact"", ""Kubernetes"": ""contextual"", ""Jenkins"": ""exact"", ""AWS"": ""exact"", ""Azure"": ""exact"", ""Docker"": ""exact"", ""Ansible"": ""exact"", ""Linux"": ""exact"", ""CI/CD"": ""exact"", ""Financial Analysis"": ""exact"", ""SAP"": ""fuzzy""}","Rohan Nair
Professional Summary: DevOps professional with 7 years of experience at Harborline Financial and similar organizations.

Skills: GCP, orchestrated containerized workloads across a distributed cluster, Jenkins, AWS, Azure, Docker, Ansible, Linux, CI/CD, Financial Analysis, S.A.P.

Experience:
Harborline Financial — DevOps Role (7 yrs)
Worked extensively with GCP on production systems. Orchestrated containerized workloads across a distributed cluster. Worked extensively with Jenkins on production systems. Worked extensively with AWS on production systems. Worked extensively with Azure on production systems. Worked extensively with Docker on production systems. Worked extensively with Ansible on production systems. Worked extensively with Linux on production systems. Worked extensively with CI/CD on production systems. Worked extensively with Financial Analysis on production systems. Worked extensively with S.A.P. on production systems.

Education: B.E. Electronics and Communication"
R0477,Kavya Bhat,DevOps,9,"[""Azure"", ""Ansible"", ""GCP"", ""AWS"", ""Terraform"", ""Kubernetes"", ""Linux""]","{""Azure"": ""exact"", ""Ansible"": ""exact"", ""GCP"": ""exact"", ""AWS"": ""exact"", ""Terraform"": ""exact"", ""Kubernetes"": ""exact"", ""Linux"": ""exact""}","Kavya Bhat
Professional Summary: DevOps professional with 9 years of experience at Sundial HR Group and similar organizations.

Skills: Azure, Ansible, GCP, AWS, Terraform, Kubernetes, Linux

Experience:
Sundial HR Group — DevOps Role (9 yrs)
Worked extensively with Azure on production systems. Worked extensively with Ansible on production systems. Worked extensively with GCP on production systems. Worked extensively with AWS on production systems. Worked extensively with Terraform on production systems. Worked extensively with Kubernetes on production systems. Worked extensively with Linux on production systems.

Education: B.Tech Computer Science"
R0478,Divya Reddy,Web Development,7,"[""React"", ""JavaScript"", ""REST API"", ""HTML"", ""Next.js"", ""CSS"", ""MongoDB"", ""Express.js"", ""TypeScript""]","{""React"": ""contextual"", ""JavaScript"": ""fuzzy"", ""REST API"": ""exact"", ""HTML"": ""exact"", ""Next.js"": ""exact"", ""CSS"": ""exact"", ""MongoDB"": ""exact"", ""Express.js"": ""exact"", ""TypeScript"": ""exact""}","Divya Reddy
Professional Summary: Web Development professional with 7 years of experience at Corestack Labs and similar organizations.

Skills: built dynamic, component-based user interfaces for single-page applications, Java Script, REST API, HTML, Next.js, CSS, MongoDB, Express.js, TypeScript

Experience:
Corestack Labs — Web Development Role (7 yrs)
Built dynamic, component-based user interfaces for single-page applications. Worked extensively with Java Script on production systems. Worked extensively with REST API on production systems. Worked extensively with HTML on production systems. Worked extensively with Next.js on production systems. Worked extensively with CSS on production systems. Worked extensively with MongoDB on production systems. Worked extensively with Express.js on production systems. Worked extensively with TypeScript on production systems.

Education: BCA"
R0479,Sneha Nair,DevOps,8,"[""GCP"", ""Jenkins"", ""Ansible"", ""CI/CD"", ""Kubernetes"", ""AWS"", ""Terraform"", ""Docker"", ""Linux"", ""Azure""]","{""GCP"": ""exact"", ""Jenkins"": ""exact"", ""Ansible"": ""exact"", ""CI/CD"": ""exact"", ""Kubernetes"": ""exact"", ""AWS"": ""exact"", ""Terraform"": ""exact"", ""Docker"": ""exact"", ""Linux"": ""exact"", ""Azure"": ""exact""}","Sneha Nair
Professional Summary: DevOps professional with 8 years of experience at Verdant Analytics and similar organizations.

Skills: GCP, Jenkins, Ansible, CI/CD, Kubernetes, AWS, Terraform, Docker, Linux, Azure

Experience:
Verdant Analytics — DevOps Role (8 yrs)
Worked extensively with GCP on production systems. Worked extensively with Jenkins on production systems. Worked extensively with Ansible on production systems. Worked extensively with CI/CD on production systems. Worked extensively with Kubernetes on production systems. Worked extensively with AWS on production systems. Worked extensively with Terraform on production systems. Worked extensively with Docker on production systems. Worked extensively with Linux on production systems. Worked extensively with Azure on production systems.

Education: B.Tech Computer Science"
R0480,Aditya Joshi,Web Development,9,"[""JavaScript"", ""HTML"", ""CSS"", ""Node.js"", ""Express.js"", ""MongoDB"", ""REST API"", ""React""]","{""JavaScript"": ""fuzzy"", ""HTML"": ""exact"", ""CSS"": ""exact"", ""Node.js"": ""exact"", ""Express.js"": ""exact"", ""MongoDB"": ""fuzzy"", ""REST API"": ""fuzzy"", ""React"": ""fuzzy""}","Aditya Joshi
Professional Summary: Web Development professional with 9 years of experience at Novatrail Consulting and similar organizations.

Skills: Javascript, HTML, CSS, Node.js, Express.js, Mongo DB, REST-API, React.js

Experience:
Novatrail Consulting — Web Development Role (9 yrs)
Worked extensively with Javascript on production systems. Worked extensively with HTML on production systems. Worked extensively with CSS on production systems. Worked extensively with Node.js on production systems. Worked extensively with Express.js on production systems. Worked extensively with Mongo DB on production systems. Worked extensively with REST-API on production systems. Worked extensively with React.js on production systems.

Education: BCA"
R0481,Rohan Verma,DevOps,3,"[""GCP"", ""Jenkins"", ""Ansible"", ""Kubernetes"", ""Linux"", ""Docker"", ""Terraform"", ""Azure"", ""AWS"", ""CI/CD"", ""Financial Modeling"", ""Forecasting""]","{""GCP"": ""exact"", ""Jenkins"": ""exact"", ""Ansible"": ""exact"", ""Kubernetes"": ""fuzzy"", ""Linux"": ""exact"", ""Docker"": ""exact"", ""Terraform"": ""exact"", ""Azure"": ""exact"", ""AWS"": ""exact"", ""CI/CD"": ""exact"", ""Financial Modeling"": ""exact"", ""Forecasting"": ""exact""}","Rohan Verma
Professional Summary: DevOps professional with 3 years of experience at Novatrail Consulting and similar organizations.

Skills: GCP, Jenkins, Ansible, K8s, Linux, Docker, Terraform, Azure, AWS, CI/CD, Financial Modeling, Forecasting

Experience:
Novatrail Consulting — DevOps Role (3 yrs)
Worked extensively with GCP on production systems. Worked extensively with Jenkins on production systems. Worked extensively with Ansible on production systems. Worked extensively with K8s on production systems. Worked extensively with Linux on production systems. Worked extensively with Docker on production systems. Worked extensively with Terraform on production systems. Worked extensively with Azure on production systems. Worked extensively with AWS on production systems. Worked extensively with CI/CD on production systems. Worked extensively with Financial Modeling on production systems. Worked extensively with Forecasting on production systems.

Education: B.E. Electronics and Communication"
R0482,Riya Chatterjee,Web Development,11,"[""CSS"", ""Node.js"", ""REST API"", ""Next.js"", ""HTML"", ""TypeScript"", ""Express.js""]","{""CSS"": ""exact"", ""Node.js"": ""exact"", ""REST API"": ""exact"", ""Next.js"": ""exact"", ""HTML"": ""exact"", ""TypeScript"": ""exact"", ""Express.js"": ""exact""}","Riya Chatterjee
Professional Summary: Web Development professional with 11 years of experience at Quantwave Inc and similar organizations.

Skills: CSS, Node.js, REST API, Next.js, HTML, TypeScript, Express.js

Experience:
Quantwave Inc — Web Development Role (11 yrs)
Worked extensively with CSS on production systems. Worked extensively with Node.js on production systems. Worked extensively with REST API on production systems. Worked extensively with Next.js on production systems. Worked extensively with HTML on production systems. Worked extensively with TypeScript on production systems. Worked extensively with Express.js on production systems.

Education: B.Tech Information Technology"
R0483,Swati Kumar,Web Development,5,"[""TypeScript"", ""Node.js"", ""JavaScript"", ""React"", ""HTML"", ""Express.js"", ""REST API"", ""MongoDB"", ""Next.js""]","{""TypeScript"": ""fuzzy"", ""Node.js"": ""fuzzy"", ""JavaScript"": ""exact"", ""React"": ""exact"", ""HTML"": ""exact"", ""Express.js"": ""exact"", ""REST API"": ""fuzzy"", ""MongoDB"": ""exact"", ""Next.js"": ""exact""}","Swati Kumar
Professional Summary: Web Development professional with 5 years of experience at Novatrail Consulting and similar organizations.

Skills: Typescript, Node, JavaScript, React, HTML, Express.js, REST-API, MongoDB, Next.js

Experience:
Novatrail Consulting — Web Development Role (5 yrs)
Worked extensively with Typescript on production systems. Worked extensively with Node on production systems. Worked extensively with JavaScript on production systems. Worked extensively with React on production systems. Worked extensively with HTML on production systems. Worked extensively with Express.js on production systems. Worked extensively with REST-API on production systems. Worked extensively with MongoDB on production systems. Worked extensively with Next.js on production systems.

Education: B.Tech Information Technology"
R0484,Amit Nair,Human Resources,12,"[""Labor Law"", ""Payroll"", ""Onboarding"", ""Performance Management"", ""Recruitment"", ""HRIS"", ""Talent Acquisition"", ""Employee Relations""]","{""Labor Law"": ""exact"", ""Payroll"": ""exact"", ""Onboarding"": ""exact"", ""Performance Management"": ""exact"", ""Recruitment"": ""exact"", ""HRIS"": ""fuzzy"", ""Talent Acquisition"": ""exact"", ""Employee Relations"": ""exact""}","Amit Nair
Professional Summary: Human Resources professional with 12 years of experience at Sundial HR Group and similar organizations.

Skills: Labor Law, Payroll, Onboarding, Performance Management, Recruitment, HR IS, Talent Acquisition, Employee Relations

Experience:
Sundial HR Group — Human Resources Role (12 yrs)
Worked extensively with Labor Law on production systems. Worked extensively with Payroll on production systems. Worked extensively with Onboarding on production systems. Worked extensively with Performance Management on production systems. Worked extensively with Recruitment on production systems. Worked extensively with HR IS on production systems. Worked extensively with Talent Acquisition on production systems. Worked extensively with Employee Relations on production systems.

Education: MBA Human Resources"
R0485,Sanjay Kumar,DevOps,9,"[""GCP"", ""Docker"", ""Terraform"", ""Linux"", ""Ansible"", ""AWS"", ""Kubernetes""]","{""GCP"": ""exact"", ""Docker"": ""fuzzy"", ""Terraform"": ""exact"", ""Linux"": ""exact"", ""Ansible"": ""exact"", ""AWS"": ""fuzzy"", ""Kubernetes"": ""exact""}","Sanjay Kumar
Professional Summary: DevOps professional with 9 years of experience at Nimbus Systems and similar organizations.

Skills: GCP, Dockers, Terraform, Linux, Ansible, Amazon Web Services, Kubernetes

Experience:
Nimbus Systems — DevOps Role (9 yrs)
Worked extensively with GCP on production systems. Worked extensively with Dockers on production systems. Worked extensively with Terraform on production systems. Worked extensively with Linux on production systems. Worked extensively with Ansible on production systems. Worked extensively with Amazon Web Services on production systems. Worked extensively with Kubernetes on production systems.

Education: B.E. Electronics and Communication"
R0486,Riya Kumar,Data Science,2,"[""Data Visualization"", ""Pandas"", ""SQL"", ""TensorFlow"", ""Deep Learning"", ""Scikit-learn"", ""Natural Language Processing"", ""Python""]","{""Data Visualization"": ""contextual"", ""Pandas"": ""exact"", ""SQL"": ""fuzzy"", ""TensorFlow"": ""exact"", ""Deep Learning"": ""contextual"", ""Scikit-learn"": ""exact"", ""Natural Language Processing"": ""exact"", ""Python"": ""exact""}","Riya Kumar
Professional Summary: Data Science professional with 2 years of experience at Quantwave Inc and similar organizations.

Skills: created dashboards and charts to communicate insights to stakeholders, Pandas, My SQL, TensorFlow, trained multi-layer neural networks for pattern recognition tasks, Scikit-learn, Natural Language Processing, Python

Experience:
Quantwave Inc — Data Science Role (2 yrs)
Created dashboards and charts to communicate insights to stakeholders. Worked extensively with Pandas on production systems. Worked extensively with My SQL on production systems. Worked extensively with TensorFlow on production systems. Trained multi-layer neural networks for pattern recognition tasks. Worked extensively with Scikit-learn on production systems. Worked extensively with Natural Language Processing on production systems. Worked extensively with Python on production systems.

Education: M.Tech Data Science"
R0487,Tanvi Gupta,Data Science,12,"[""Python"", ""Pandas"", ""Scikit-learn"", ""PyTorch"", ""Machine Learning"", ""Data Visualization"", ""SQL""]","{""Python"": ""exact"", ""Pandas"": ""exact"", ""Scikit-learn"": ""exact"", ""PyTorch"": ""exact"", ""Machine Learning"": ""fuzzy"", ""Data Visualization"": ""exact"", ""SQL"": ""exact""}","Tanvi Gupta
Professional Summary: Data Science professional with 12 years of experience at Sundial HR Group and similar organizations.

Skills: Python, Pandas, Scikit-learn, PyTorch, Machine-Learning, Data Visualization, SQL

Experience:
Sundial HR Group — Data Science Role (12 yrs)
Worked extensively with Python on production systems. Worked extensively with Pandas on production systems. Worked extensively with Scikit-learn on production systems. Worked extensively with PyTorch on production systems. Worked extensively with Machine-Learning on production systems. Worked extensively with Data Visualization on production systems. Worked extensively with SQL on production systems.

Education: B.Tech Computer Science"
R0488,Neha Bhat,Web Development,8,"[""CSS"", ""Next.js"", ""MongoDB"", ""Node.js"", ""JavaScript"", ""HTML"", ""REST API""]","{""CSS"": ""exact"", ""Next.js"": ""exact"", ""MongoDB"": ""exact"", ""Node.js"": ""exact"", ""JavaScript"": ""exact"", ""HTML"": ""exact"", ""REST API"": ""fuzzy""}","Neha Bhat
Professional Summary: Web Development professional with 8 years of experience at Trailhead Digital and similar organizations.

Skills: CSS, Next.js, MongoDB, Node.js, JavaScript, HTML, Rest Apis

Experience:
Trailhead Digital — Web Development Role (8 yrs)
Worked extensively with CSS on production systems. Worked extensively with Next.js on production systems. Worked extensively with MongoDB on production systems. Worked extensively with Node.js on production systems. Worked extensively with JavaScript on production systems. Worked extensively with HTML on production systems. Worked extensively with Rest Apis on production systems.

Education: BCA"
R0489,Manish Iyer,DevOps,8,"[""Terraform"", ""Azure"", ""Jenkins"", ""Docker"", ""Ansible"", ""Kubernetes"", ""AWS"", ""Recruitment"", ""Labor Law""]","{""Terraform"": ""exact"", ""Azure"": ""exact"", ""Jenkins"": ""exact"", ""Docker"": ""fuzzy"", ""Ansible"": ""exact"", ""Kubernetes"": ""exact"", ""AWS"": ""exact"", ""Recruitment"": ""contextual"", ""Labor Law"": ""exact""}","Manish Iyer
Professional Summary: DevOps professional with 8 years of experience at Orbitline Technologies and similar organizations.

Skills: Terraform, Azure, Jenkins, Dockers, Ansible, Kubernetes, AWS, managed the full candidate sourcing and hiring lifecycle, Labor Law

Experience:
Orbitline Technologies — DevOps Role (8 yrs)
Worked extensively with Terraform on production systems. Worked extensively with Azure on production systems. Worked extensively with Jenkins on production systems. Worked extensively with Dockers on production systems. Worked extensively with Ansible on production systems. Worked extensively with Kubernetes on production systems. Worked extensively with AWS on production systems. Managed the full candidate sourcing and hiring lifecycle. Worked extensively with Labor Law on production systems.

Education: B.E. Electronics and Communication"
R0490,Nikhil Sharma,Human Resources,8,"[""Talent Acquisition"", ""Labor Law"", ""Recruitment"", ""Onboarding"", ""Employee Relations"", ""HRIS"", ""Performance Management"", ""Payroll""]","{""Talent Acquisition"": ""exact"", ""Labor Law"": ""exact"", ""Recruitment"": ""contextual"", ""Onboarding"": ""exact"", ""Employee Relations"": ""exact"", ""HRIS"": ""fuzzy"", ""Performance Management"": ""exact"", ""Payroll"": ""exact""}","Nikhil Sharma
Professional Summary: Human Resources professional with 8 years of experience at Harborline Financial and similar organizations.

Skills: Talent Acquisition, Labor Law, managed the full candidate sourcing and hiring lifecycle, Onboarding, Employee Relations, H.R.I.S., Performance Management, Payroll

Experience:
Harborline Financial — Human Resources Role (8 yrs)
Worked extensively with Talent Acquisition on production systems. Worked extensively with Labor Law on production systems. Managed the full candidate sourcing and hiring lifecycle. Worked extensively with Onboarding on production systems. Worked extensively with Employee Relations on production systems. Worked extensively with H.R.I.S. on production systems. Worked extensively with Performance Management on production systems. Worked extensively with Payroll on production systems.

Education: B.A. Psychology"
R0491,Sneha Bhat,Data Science,3,"[""SQL"", ""Machine Learning"", ""TensorFlow"", ""Data Visualization"", ""NumPy"", ""PyTorch"", ""Pandas""]","{""SQL"": ""contextual"", ""Machine Learning"": ""contextual"", ""TensorFlow"": ""exact"", ""Data Visualization"": ""contextual"", ""NumPy"": ""exact"", ""PyTorch"": ""exact"", ""Pandas"": ""exact""}","Sneha Bhat
Professional Summary: Data Science professional with 3 years of experience at Corestack Labs and similar organizations.

Skills: wrote complex queries to extract and join data from relational databases, built predictive models that learn patterns from historical data, TensorFlow, created dashboards and charts to communicate insights to stakeholders, NumPy, PyTorch, Pandas

Experience:
Corestack Labs — Data Science Role (3 yrs)
Wrote complex queries to extract and join data from relational databases. Built predictive models that learn patterns from historical data. Worked extensively with TensorFlow on production systems. Created dashboards and charts to communicate insights to stakeholders. Worked extensively with NumPy on production systems. Worked extensively with PyTorch on production systems. Worked extensively with Pandas on production systems.

Education: B.Sc Statistics"
R0492,Tanvi Nair,Data Science,4,"[""NumPy"", ""Deep Learning"", ""Scikit-learn"", ""PyTorch"", ""TensorFlow"", ""Machine Learning""]","{""NumPy"": ""exact"", ""Deep Learning"": ""exact"", ""Scikit-learn"": ""exact"", ""PyTorch"": ""exact"", ""TensorFlow"": ""fuzzy"", ""Machine Learning"": ""fuzzy""}","Tanvi Nair
Professional Summary: Data Science professional with 4 years of experience at Orbitline Technologies and similar organizations.

Skills: NumPy, Deep Learning, Scikit-learn, PyTorch, Tensor Flow, Machine-Learning

Experience:
Orbitline Technologies — Data Science Role (4 yrs)
Worked extensively with NumPy on production systems. Worked extensively with Deep Learning on production systems. Worked extensively with Scikit-learn on production systems. Worked extensively with PyTorch on production systems. Worked extensively with Tensor Flow on production systems. Worked extensively with Machine-Learning on production systems.

Education: M.Tech Data Science"
R0493,Amit Mehta,Data Science,2,"[""Deep Learning"", ""Scikit-learn"", ""Machine Learning"", ""PyTorch"", ""TensorFlow"", ""Statistics"", ""Data Visualization"", ""Pandas"", ""NumPy""]","{""Deep Learning"": ""exact"", ""Scikit-learn"": ""exact"", ""Machine Learning"": ""exact"", ""PyTorch"": ""exact"", ""TensorFlow"": ""exact"", ""Statistics"": ""exact"", ""Data Visualization"": ""contextual"", ""Pandas"": ""exact"", ""NumPy"": ""exact""}","Amit Mehta
Professional Summary: Data Science professional with 2 years of experience at Meridian Softworks and similar organizations.

Skills: Deep Learning, Scikit-learn, Machine Learning, PyTorch, TensorFlow, Statistics, created dashboards and charts to communicate insights to stakeholders, Pandas, NumPy

Experience:
Meridian Softworks — Data Science Role (2 yrs)
Worked extensively with Deep Learning on production systems. Worked extensively with Scikit-learn on production systems. Worked extensively with Machine Learning on production systems. Worked extensively with PyTorch on production systems. Worked extensively with TensorFlow on production systems. Worked extensively with Statistics on production systems. Created dashboards and charts to communicate insights to stakeholders. Worked extensively with Pandas on production systems. Worked extensively with NumPy on production systems.

Education: B.Tech Computer Science"
R0494,Aarav Chauhan,DevOps,10,"[""GCP"", ""Docker"", ""CI/CD"", ""Jenkins"", ""Kubernetes"", ""Terraform"", ""AWS"", ""Linux"", ""Ansible""]","{""GCP"": ""exact"", ""Docker"": ""exact"", ""CI/CD"": ""exact"", ""Jenkins"": ""exact"", ""Kubernetes"": ""exact"", ""Terraform"": ""exact"", ""AWS"": ""fuzzy"", ""Linux"": ""exact"", ""Ansible"": ""exact""}","Aarav Chauhan
Professional Summary: DevOps professional with 10 years of experience at Meridian Softworks and similar organizations.

Skills: GCP, Docker, CI/CD, Jenkins, Kubernetes, Terraform, A.W.S., Linux, Ansible

Experience:
Meridian Softworks — DevOps Role (10 yrs)
Worked extensively with GCP on production systems. Worked extensively with Docker on production systems. Worked extensively with CI/CD on production systems. Worked extensively with Jenkins on production systems. Worked extensively with Kubernetes on production systems. Worked extensively with Terraform on production systems. Worked extensively with A.W.S. on production systems. Worked extensively with Linux on production systems. Worked extensively with Ansible on production systems.

Education: B.Tech Computer Science"
R0495,Ananya Menon,Human Resources,2,"[""HRIS"", ""Payroll"", ""Onboarding"", ""Talent Acquisition"", ""Performance Management"", ""Employee Relations""]","{""HRIS"": ""fuzzy"", ""Payroll"": ""contextual"", ""Onboarding"": ""exact"", ""Talent Acquisition"": ""exact"", ""Performance Management"": ""exact"", ""Employee Relations"": ""exact""}","Ananya Menon
Professional Summary: Human Resources professional with 2 years of experience at Quantwave Inc and similar organizations.

Skills: H.R.I.S., processed monthly employee compensation and statutory deductions, Onboarding, Talent Acquisition, Performance Management, Employee Relations

Experience:
Quantwave Inc — Human Resources Role (2 yrs)
Worked extensively with H.R.I.S. on production systems. Processed monthly employee compensation and statutory deductions. Worked extensively with Onboarding on production systems. Worked extensively with Talent Acquisition on production systems. Worked extensively with Performance Management on production systems. Worked extensively with Employee Relations on production systems.

Education: PGDM HR"
R0496,Arjun Reddy,Human Resources,10,"[""Labor Law"", ""Talent Acquisition"", ""Performance Management"", ""Payroll"", ""HRIS"", ""Recruitment""]","{""Labor Law"": ""exact"", ""Talent Acquisition"": ""exact"", ""Performance Management"": ""exact"", ""Payroll"": ""exact"", ""HRIS"": ""exact"", ""Recruitment"": ""contextual""}","Arjun Reddy
Professional Summary: Human Resources professional with 10 years of experience at Falconbyte and similar organizations.

Skills: Labor Law, Talent Acquisition, Performance Management, Payroll, HRIS, managed the full candidate sourcing and hiring lifecycle

Experience:
Falconbyte — Human Resources Role (10 yrs)
Worked extensively with Labor Law on production systems. Worked extensively with Talent Acquisition on production systems. Worked extensively with Performance Management on production systems. Worked extensively with Payroll on production systems. Worked extensively with HRIS on production systems. Managed the full candidate sourcing and hiring lifecycle.

Education: PGDM HR"
R0497,Siddharth Das,Human Resources,1,"[""Performance Management"", ""Labor Law"", ""Talent Acquisition"", ""Recruitment"", ""Onboarding"", ""HRIS"", ""Payroll"", ""Employee Relations"", ""Risk Management"", ""Financial Modeling""]","{""Performance Management"": ""exact"", ""Labor Law"": ""exact"", ""Talent Acquisition"": ""exact"", ""Recruitment"": ""exact"", ""Onboarding"": ""exact"", ""HRIS"": ""fuzzy"", ""Payroll"": ""exact"", ""Employee Relations"": ""exact"", ""Risk Management"": ""exact"", ""Financial Modeling"": ""exact""}","Siddharth Das
Professional Summary: Human Resources professional with 1 years of experience at Verdant Analytics and similar organizations.

Skills: Performance Management, Labor Law, Talent Acquisition, Recruitment, Onboarding, HR IS, Payroll, Employee Relations, Risk Management, Financial Modeling

Experience:
Verdant Analytics — Human Resources Role (1 yrs)
Worked extensively with Performance Management on production systems. Worked extensively with Labor Law on production systems. Worked extensively with Talent Acquisition on production systems. Worked extensively with Recruitment on production systems. Worked extensively with Onboarding on production systems. Worked extensively with HR IS on production systems. Worked extensively with Payroll on production systems. Worked extensively with Employee Relations on production systems. Worked extensively with Risk Management on production systems. Worked extensively with Financial Modeling on production systems.

Education: B.A. Psychology"
R0498,Vivek Kapoor,DevOps,7,"[""Docker"", ""Kubernetes"", ""Terraform"", ""Ansible"", ""GCP"", ""Jenkins"", ""CI/CD"", ""Linux"", ""Deep Learning"", ""Natural Language Processing""]","{""Docker"": ""contextual"", ""Kubernetes"": ""fuzzy"", ""Terraform"": ""exact"", ""Ansible"": ""exact"", ""GCP"": ""exact"", ""Jenkins"": ""exact"", ""CI/CD"": ""fuzzy"", ""Linux"": ""exact"", ""Deep Learning"": ""exact"", ""Natural Language Processing"": ""exact""}","Vivek Kapoor
Professional Summary: DevOps professional with 7 years of experience at Corestack Labs and similar organizations.

Skills: packaged applications into portable, isolated containers for deployment, K8s, Terraform, Ansible, GCP, Jenkins, CICD, Linux, Deep Learning, Natural Language Processing

Experience:
Corestack Labs — DevOps Role (7 yrs)
Packaged applications into portable, isolated containers for deployment. Worked extensively with K8s on production systems. Worked extensively with Terraform on production systems. Worked extensively with Ansible on production systems. Worked extensively with GCP on production systems. Worked extensively with Jenkins on production systems. Worked extensively with CICD on production systems. Worked extensively with Linux on production systems. Worked extensively with Deep Learning on production systems. Worked extensively with Natural Language Processing on production systems.

Education: B.E. Electronics and Communication"
R0499,Shreya Patel,Data Science,7,"[""SQL"", ""Machine Learning"", ""Scikit-learn"", ""NumPy"", ""TensorFlow"", ""Pandas"", ""Python"", ""Statistics"", ""Deep Learning""]","{""SQL"": ""fuzzy"", ""Machine Learning"": ""fuzzy"", ""Scikit-learn"": ""exact"", ""NumPy"": ""exact"", ""TensorFlow"": ""fuzzy"", ""Pandas"": ""exact"", ""Python"": ""exact"", ""Statistics"": ""exact"", ""Deep Learning"": ""exact""}","Shreya Patel
Professional Summary: Data Science professional with 7 years of experience at Verdant Analytics and similar organizations.

Skills: My SQL, Machin Learning, Scikit-learn, NumPy, TF, Pandas, Python, Statistics, Deep Learning

Experience:
Verdant Analytics — Data Science Role (7 yrs)
Worked extensively with My SQL on production systems. Worked extensively with Machin Learning on production systems. Worked extensively with Scikit-learn on production systems. Worked extensively with NumPy on production systems. Worked extensively with TF on production systems. Worked extensively with Pandas on production systems. Worked extensively with Python on production systems. Worked extensively with Statistics on production systems. Worked extensively with Deep Learning on production systems.

Education: B.Tech Computer Science"
